#
# A fatal error has been detected by the Java Runtime Environment:
#
#  EXCEPTION_ACCESS_VIOLATION (0xc0000005) at pc=0x00007ff88c947ec7, pid=5180, tid=12452
#
# JRE version: OpenJDK Runtime Environment (21.0.5) (build 21.0.5+-13047016-b750.29)
# Java VM: OpenJDK 64-Bit Server VM (21.0.5+-13047016-b750.29, mixed mode, tiered, compressed oops, compressed class ptrs, g1 gc, windows-amd64)
# Problematic frame:
# V  [jvm.dll+0x5d7ec7]
#
# No core dump will be written. Minidumps are not enabled by default on client versions of Windows
#
# If you would like to submit a bug report, please visit:
#   https://youtrack.jetbrains.com/issues/JBR
#

---------------  S U M M A R Y ------------

Command Line: --add-opens=java.base/java.util=ALL-UNNAMED --add-opens=java.base/java.lang=ALL-UNNAMED --add-opens=java.base/java.lang.invoke=ALL-UNNAMED --add-opens=java.prefs/java.util.prefs=ALL-UNNAMED --add-exports=jdk.compiler/com.sun.tools.javac.api=ALL-UNNAMED --add-exports=jdk.compiler/com.sun.tools.javac.util=ALL-UNNAMED --add-opens=java.base/java.nio.charset=ALL-UNNAMED --add-opens=java.base/java.net=ALL-UNNAMED --add-opens=java.base/java.util.concurrent.atomic=ALL-UNNAMED -Xmx2048m -Dfile.encoding=UTF-8 -Duser.country=MX -Duser.language=es -Duser.variant -javaagent:C:\Users\herna\.gradle\wrapper\dists\gradle-8.9-bin\90cnw93cvbtalezasaz0blq0a\gradle-8.9\lib\agents\gradle-instrumentation-agent-8.9.jar org.gradle.launcher.daemon.bootstrap.GradleDaemon 8.9

Host: AMD Ryzen 7 7730U with Radeon Graphics         , 16 cores, 15G,  Windows 11 , 64 bit Build 26100 (10.0.26100.3037)
Time: Mon Mar  3 18:35:11 2025 Hora estándar central (México) elapsed time: 377.521271 seconds (0d 0h 6m 17s)

---------------  T H R E A D  ---------------

Current thread (0x000001ddabd72300):  JavaThread "Unconstrained build operations Thread 150"        [_thread_in_vm, id=12452, stack(0x000000388cd00000,0x000000388ce00000) (1024K)]

Stack: [0x000000388cd00000,0x000000388ce00000],  sp=0x000000388cdfa960,  free space=1002k
Native frames: (J=compiled Java code, j=interpreted, Vv=VM code, C=native code)
V  [jvm.dll+0x5d7ec7]
V  [jvm.dll+0x3d8c00]
V  [jvm.dll+0x3d827d]
C  0x000001dd97e38f40

The last pc belongs to invokevirtual (printed below).
Java frames: (J=compiled Java code, j=interpreted, Vv=VM code)
j  com.android.tools.r8.internal.rD.a(Lcom/android/tools/r8/graph/y;Lcom/android/tools/r8/graph/D5;Lcom/android/tools/r8/internal/L1;)Lcom/android/tools/r8/internal/E1;+48
J 56672 c2 com.android.tools.r8.internal.Qk0.b(Lcom/android/tools/r8/internal/rD;)V (198 bytes) @ 0x000001dd985cc19c [0x000001dd985cc0a0+0x00000000000000fc]
J 59367 c2 com.android.tools.r8.internal.Qk0.a()Lcom/android/tools/r8/internal/Qk0; (334 bytes) @ 0x000001dd98cf0074 [0x000001dd98cedbc0+0x00000000000024b4]
J 60376 c1 com.android.tools.r8.internal.Rk0.b(Lcom/android/tools/r8/internal/aA;)Lcom/android/tools/r8/internal/Xd; (19 bytes) @ 0x000001dd91282014 [0x000001dd91281f00+0x0000000000000114]
J 55771 c2 com.android.tools.r8.internal.Ud.b(Lcom/android/tools/r8/internal/aA;Lcom/android/tools/r8/internal/sV;Lcom/android/tools/r8/internal/ef;)Lcom/android/tools/r8/internal/Xd; (6 bytes) @ 0x000001dd98f3826c [0x000001dd98f38220+0x000000000000004c]
J 57867 c2 com.android.tools.r8.internal.Vd.a(Lcom/android/tools/r8/internal/aA;Lcom/android/tools/r8/internal/sV;Lcom/android/tools/r8/internal/ef;Lcom/android/tools/r8/internal/Gp0;Ljava/lang/String;Lcom/android/tools/r8/utils/w;)Lcom/android/tools/r8/internal/o30; (94 bytes) @ 0x000001dd9888c618 [0x000001dd9888c0a0+0x0000000000000578]
J 57051 c2 com.android.tools.r8.internal.fA.a(Lcom/android/tools/r8/internal/aA;Lcom/android/tools/r8/internal/l20;Lcom/android/tools/r8/internal/UU$a;Lcom/android/tools/r8/internal/sV;Lcom/android/tools/r8/internal/ef;)Lcom/android/tools/r8/internal/Gp0; (2761 bytes) @ 0x000001dd99244640 [0x000001dd99242f20+0x0000000000001720]
J 59536 c2 com.android.tools.r8.internal.s50.a(Lcom/android/tools/r8/graph/D5;Lcom/android/tools/r8/internal/M9;Lcom/android/tools/r8/internal/l20;Lcom/android/tools/r8/internal/sV;Lcom/android/tools/r8/internal/ef;)Lcom/android/tools/r8/internal/Gp0; (70 bytes) @ 0x000001dd98ec8aac [0x000001dd98ec82c0+0x00000000000007ec]
J 59490 c2 com.android.tools.r8.internal.ei.b(Lcom/android/tools/r8/graph/D5;Lcom/android/tools/r8/internal/M9;)V (938 bytes) @ 0x000001dd99c36944 [0x000001dd99c363e0+0x0000000000000564]
J 59894 c2 com.android.tools.r8.internal.s50.a(Lcom/android/tools/r8/graph/E2;Lcom/android/tools/r8/internal/M9;Lcom/android/tools/r8/internal/ei;Lcom/android/tools/r8/internal/sH;)V (138 bytes) @ 0x000001dd995832a0 [0x000001dd99582e80+0x0000000000000420]
J 59851 c2 com.android.tools.r8.internal.kc$$Lambda+0x0000000101e6b720.accept(Ljava/lang/Object;)V (16 bytes) @ 0x000001dd9947ea44 [0x000001dd9947e9c0+0x0000000000000084]
J 57019 c2 com.android.tools.r8.internal.ep0.a(Lcom/android/tools/r8/internal/vp0;Ljava/lang/Object;I)Ljava/lang/Object; (9 bytes) @ 0x000001dd985bdb24 [0x000001dd985bdac0+0x0000000000000064]
J 56657 c2 com.google.common.util.concurrent.AbstractListeningExecutorService.submit(Ljava/util/concurrent/Callable;)Ljava/util/concurrent/Future; (6 bytes) @ 0x000001dd98aec81c [0x000001dd98aec040+0x00000000000007dc]
J 52260 c2 com.android.tools.r8.internal.Yw$$Lambda+0x0000000101dfb098.accept(Ljava/lang/Object;)V (13 bytes) @ 0x000001dd98ebfaa4 [0x000001dd98ebf9a0+0x0000000000000104]
J 52171 c2 java.util.ArrayList.forEach(Ljava/util/function/Consumer;)V java.base@21.0.5 (74 bytes) @ 0x000001dd98e049fc [0x000001dd98e04920+0x00000000000000dc]
j  com.android.tools.r8.internal.ep0$$Lambda+0x0000000101df79a0.forEach(Ljava/util/function/Consumer;)V+5
J 58538 c1 com.android.tools.r8.internal.Yw.a(Lcom/android/tools/r8/internal/OG;)V (20 bytes) @ 0x000001dd9379ce3c [0x000001dd9379cce0+0x000000000000015c]
J 58537 c1 com.android.tools.r8.internal.ep0.a(Lcom/android/tools/r8/internal/Yw;Lcom/android/tools/r8/internal/vp0;Ljava/util/function/Predicate;Lcom/android/tools/r8/threading/ThreadingModule;Ljava/util/concurrent/ExecutorService;)Ljava/util/ArrayList; (38 bytes) @ 0x000001dd931cc974 [0x000001dd931cc800+0x0000000000000174]
j  com.android.tools.r8.internal.ep0.a(Lcom/android/tools/r8/internal/Yw;Lcom/android/tools/r8/internal/up0;Lcom/android/tools/r8/threading/ThreadingModule;Ljava/util/concurrent/ExecutorService;)V+10
j  com.android.tools.r8.internal.ep0.a(Ljava/util/Collection;Lcom/android/tools/r8/internal/QR$a;Lcom/android/tools/r8/threading/ThreadingModule;Ljava/util/concurrent/ExecutorService;Lcom/android/tools/r8/internal/ep0$a;)V+33
j  com.android.tools.r8.internal.ep0.a(Ljava/util/Collection;Ljava/util/function/Consumer;Lcom/android/tools/r8/threading/ThreadingModule;Ljava/util/concurrent/ExecutorService;)V+16
j  com.android.tools.r8.K.a(Lcom/android/tools/r8/graph/y;Ljava/util/Collection;Ljava/util/function/Consumer;Ljava/util/concurrent/ExecutorService;)V+10
j  com.android.tools.r8.internal.kc.a(Lcom/android/tools/r8/internal/lc;Ljava/util/concurrent/ExecutorService;)V+498
j  com.android.tools.r8.internal.s50.a(Lcom/android/tools/r8/internal/ei;Lcom/android/tools/r8/internal/sH;Ljava/util/concurrent/ExecutorService;)V+65
j  com.android.tools.r8.internal.s50.a(Lcom/android/tools/r8/graph/y;Ljava/util/concurrent/ExecutorService;)V+110
j  com.android.tools.r8.D8.d(Lcom/android/tools/r8/utils/j;Lcom/android/tools/r8/utils/w;Ljava/util/concurrent/ExecutorService;)V+284
j  com.android.tools.r8.D8.b(Lcom/android/tools/r8/utils/j;Lcom/android/tools/r8/utils/w;Ljava/util/concurrent/ExecutorService;)V+3
j  com.android.tools.r8.D8$$Lambda+0x0000000101db6fb0.run()V+12
j  com.android.tools.r8.internal.yu.a(Lcom/android/tools/r8/internal/bd0;Lcom/android/tools/r8/internal/yu$a;)V+2
j  com.android.tools.r8.internal.yu.b(Lcom/android/tools/r8/internal/bd0;Lcom/android/tools/r8/internal/yu$a;)V+2
j  com.android.tools.r8.D8.run(Lcom/android/tools/r8/D8Command;Ljava/util/concurrent/ExecutorService;)V+22
j  com.android.builder.dexing.D8DexArchiveBuilder.convert(Ljava/util/stream/Stream;Ljava/nio/file/Path;Ljava/nio/file/Path;Lcom/android/builder/dexing/DependencyGraphUpdater;)V+298
j  com.android.build.gradle.internal.dependency.BaseDexingTransform.process(Ljava/io/File;Lkotlin/jvm/functions/Function2;Ljava/util/List;Ljava/io/File;Ljava/io/File;ZLcom/android/build/gradle/internal/dependency/DesugarGraph;)V+790
j  com.android.build.gradle.internal.dependency.BaseDexingTransform.processNonIncrementally(Ljava/io/File;Ljava/util/List;Ljava/io/File;Ljava/io/File;ZLjava/io/File;)V+84
j  com.android.build.gradle.internal.dependency.BaseDexingTransform.transform(Lorg/gradle/api/artifacts/transform/TransformOutputs;)V+373
J 22299 c1 org.gradle.api.internal.artifacts.transform.DefaultTransform.transform(Lorg/gradle/api/provider/Provider;Ljava/io/File;Lorg/gradle/api/internal/artifacts/transform/TransformDependencies;Lorg/gradle/work/InputChanges;)Lorg/gradle/api/internal/artifacts/transform/TransformExecutionResult; (53 bytes) @ 0x000001dd90d62fe4 [0x000001dd90d62ba0+0x0000000000000444]
J 21519 c1 org.gradle.api.internal.artifacts.transform.AbstractTransformExecution$2.call(Lorg/gradle/internal/operations/BuildOperationContext;)Lorg/gradle/api/internal/artifacts/transform/TransformExecutionResult; (110 bytes) @ 0x000001dd90aef09c [0x000001dd90aeedc0+0x00000000000002dc]
J 21518 c1 org.gradle.api.internal.artifacts.transform.AbstractTransformExecution$2.call(Lorg/gradle/internal/operations/BuildOperationContext;)Ljava/lang/Object; (6 bytes) @ 0x000001dd921693a4 [0x000001dd92169340+0x0000000000000064]
J 44108 c2 org.gradle.internal.operations.DefaultBuildOperationRunner$CallableBuildOperationWorker.execute(Lorg/gradle/internal/operations/BuildOperation;Lorg/gradle/internal/operations/BuildOperationContext;)V (10 bytes) @ 0x000001dd99999d14 [0x000001dd99999ca0+0x0000000000000074]
J 50891 c2 org.gradle.internal.operations.DefaultBuildOperationRunner.execute(Lorg/gradle/internal/operations/BuildOperationDescriptor$Builder;Lorg/gradle/internal/operations/BuildOperationState;Lorg/gradle/internal/operations/DefaultBuildOperationRunner$BuildOperationExecution;)Ljava/lang/Object; (147 bytes) @ 0x000001dd99cd9b90 [0x000001dd99cd9380+0x0000000000000810]
J 35878 c2 org.gradle.internal.operations.DefaultBuildOperationRunner.call(Lorg/gradle/internal/operations/CallableBuildOperation;)Ljava/lang/Object; (24 bytes) @ 0x000001dd9946bed0 [0x000001dd9946bd00+0x00000000000001d0]
J 21516 c1 org.gradle.api.internal.artifacts.transform.AbstractTransformExecution.executeWithinTransformerListener(Lorg/gradle/internal/execution/UnitOfWork$ExecutionRequest;)Lorg/gradle/internal/execution/UnitOfWork$WorkOutput; (32 bytes) @ 0x000001dd91b67e9c [0x000001dd91b67d60+0x000000000000013c]
J 21514 c1 org.gradle.api.internal.artifacts.transform.AbstractTransformExecution.execute(Lorg/gradle/internal/execution/UnitOfWork$ExecutionRequest;)Lorg/gradle/internal/execution/UnitOfWork$WorkOutput; (62 bytes) @ 0x000001dd91aea004 [0x000001dd91ae9f60+0x00000000000000a4]
J 22284 c1 org.gradle.internal.execution.steps.ExecuteStep.executeInternal(Lorg/gradle/internal/execution/UnitOfWork;Lorg/gradle/internal/execution/steps/InputChangesContext;)Lorg/gradle/internal/execution/steps/Result; (78 bytes) @ 0x000001dd90bbf3b4 [0x000001dd90bbef60+0x0000000000000454]
J 22282 c1 org.gradle.internal.execution.steps.ExecuteStep$1.call(Lorg/gradle/internal/operations/BuildOperationContext;)Ljava/lang/Object; (6 bytes) @ 0x000001dd90aec4e4 [0x000001dd90aec3e0+0x0000000000000104]
J 44108 c2 org.gradle.internal.operations.DefaultBuildOperationRunner$CallableBuildOperationWorker.execute(Lorg/gradle/internal/operations/BuildOperation;Lorg/gradle/internal/operations/BuildOperationContext;)V (10 bytes) @ 0x000001dd99999d14 [0x000001dd99999ca0+0x0000000000000074]
J 50891 c2 org.gradle.internal.operations.DefaultBuildOperationRunner.execute(Lorg/gradle/internal/operations/BuildOperationDescriptor$Builder;Lorg/gradle/internal/operations/BuildOperationState;Lorg/gradle/internal/operations/DefaultBuildOperationRunner$BuildOperationExecution;)Ljava/lang/Object; (147 bytes) @ 0x000001dd99cd9b90 [0x000001dd99cd9380+0x0000000000000810]
J 35878 c2 org.gradle.internal.operations.DefaultBuildOperationRunner.call(Lorg/gradle/internal/operations/CallableBuildOperation;)Ljava/lang/Object; (24 bytes) @ 0x000001dd9946bed0 [0x000001dd9946bd00+0x00000000000001d0]
J 21402 c1 org.gradle.internal.execution.steps.ExecuteStep.execute(Lorg/gradle/internal/execution/UnitOfWork;Lorg/gradle/internal/execution/steps/ChangingOutputsContext;)Lorg/gradle/internal/execution/steps/Result; (37 bytes) @ 0x000001dd91876e2c [0x000001dd91876c60+0x00000000000001cc]
J 21401 c1 org.gradle.internal.execution.steps.ExecuteStep.execute(Lorg/gradle/internal/execution/UnitOfWork;Lorg/gradle/internal/execution/steps/Context;)Lorg/gradle/internal/execution/steps/Result; (10 bytes) @ 0x000001dd91c8824c [0x000001dd91c881c0+0x000000000000008c]
J 21432 c1 org.gradle.internal.execution.steps.CancelExecutionStep.execute(Lorg/gradle/internal/execution/UnitOfWork;Lorg/gradle/internal/execution/steps/Context;)Lorg/gradle/internal/execution/steps/Result; (168 bytes) @ 0x000001dd913692ac [0x000001dd91369140+0x000000000000016c]
J 21431 c1 org.gradle.internal.execution.steps.TimeoutStep.execute(Lorg/gradle/internal/execution/UnitOfWork;Lorg/gradle/internal/execution/steps/Context;)Lorg/gradle/internal/execution/steps/Result; (96 bytes) @ 0x000001dd91c40a24 [0x000001dd91c408a0+0x0000000000000184]
J 21396 c1 org.gradle.internal.execution.steps.PreCreateOutputParentsStep.execute(Lorg/gradle/internal/execution/UnitOfWork;Lorg/gradle/internal/execution/steps/ChangingOutputsContext;)Lorg/gradle/internal/execution/steps/Result; (30 bytes) @ 0x000001dd91d1df8c [0x000001dd91d1de60+0x000000000000012c]
J 22006 c1 org.gradle.internal.execution.steps.PreCreateOutputParentsStep.execute(Lorg/gradle/internal/execution/UnitOfWork;Lorg/gradle/internal/execution/steps/Context;)Lorg/gradle/internal/execution/steps/Result; (10 bytes) @ 0x000001dd90bedda4 [0x000001dd90bedc40+0x0000000000000164]
J 22309 c1 org.gradle.internal.execution.steps.BroadcastChangingOutputsStep.execute(Lorg/gradle/internal/execution/UnitOfWork;Lorg/gradle/internal/execution/steps/InputChangesContext;)Lorg/gradle/internal/execution/steps/Result; (90 bytes) @ 0x000001dd90d91844 [0x000001dd90d906e0+0x0000000000001164]
J 22027 c1 org.gradle.internal.execution.steps.BroadcastChangingOutputsStep.execute(Lorg/gradle/internal/execution/UnitOfWork;Lorg/gradle/internal/execution/steps/Context;)Lorg/gradle/internal/execution/steps/Result; (10 bytes) @ 0x000001dd92ba292c [0x000001dd92ba27c0+0x000000000000016c]
J 21467 c1 org.gradle.internal.execution.steps.NoInputChangesStep.execute(Lorg/gradle/internal/execution/UnitOfWork;Lorg/gradle/internal/execution/steps/ValidationFinishedContext;)Lorg/gradle/internal/execution/steps/Result; (29 bytes) @ 0x000001dd91253224 [0x000001dd91252ea0+0x0000000000000384]
J 22298 c1 org.gradle.internal.execution.steps.NoInputChangesStep.execute(Lorg/gradle/internal/execution/UnitOfWork;Lorg/gradle/internal/execution/steps/Context;)Lorg/gradle/internal/execution/steps/Result; (10 bytes) @ 0x000001dd90bc2494 [0x000001dd90bc2340+0x0000000000000154]
J 22026 c1 org.gradle.internal.execution.steps.CaptureOutputsAfterExecutionStep.execute(Lorg/gradle/internal/execution/UnitOfWork;Lorg/gradle/internal/execution/steps/WorkspaceContext;)Lorg/gradle/internal/execution/steps/AfterExecutionResult; (56 bytes) @ 0x000001dd9108686c [0x000001dd91086740+0x000000000000012c]
J 21487 c1 org.gradle.internal.execution.steps.CaptureOutputsAfterExecutionStep.execute(Lorg/gradle/internal/execution/UnitOfWork;Lorg/gradle/internal/execution/steps/Context;)Lorg/gradle/internal/execution/steps/Result; (10 bytes) @ 0x000001dd913b7bcc [0x000001dd913b7b40+0x000000000000008c]
J 22030 c1 org.gradle.internal.execution.steps.BuildCacheStep$$Lambda+0x00000001008bf978.apply(Ljava/lang/Object;)Ljava/lang/Object; (20 bytes) @ 0x000001dd90dd9654 [0x000001dd90dd93e0+0x0000000000000274]
J 21537 c1 org.gradle.internal.execution.steps.BuildCacheStep.execute(Lorg/gradle/internal/execution/UnitOfWork;Lorg/gradle/internal/execution/steps/WorkspaceContext;)Lorg/gradle/internal/execution/steps/AfterExecutionResult; (32 bytes) @ 0x000001dd92a6f2ac [0x000001dd92a6f020+0x000000000000028c]
J 22307 c1 org.gradle.internal.execution.steps.BuildCacheStep.execute(Lorg/gradle/internal/execution/UnitOfWork;Lorg/gradle/internal/execution/steps/Context;)Lorg/gradle/internal/execution/steps/Result; (10 bytes) @ 0x000001dd90bccc94 [0x000001dd90bccb40+0x0000000000000154]
J 22005 c1 org.gradle.internal.execution.steps.NeverUpToDateStep.execute(Lorg/gradle/internal/execution/UnitOfWork;Lorg/gradle/internal/execution/steps/NonIncrementalCachingContext;)Lorg/gradle/internal/execution/steps/UpToDateResult; (27 bytes) @ 0x000001dd92aaf6e4 [0x000001dd92aaf5e0+0x0000000000000104]
J 21428 c1 org.gradle.internal.execution.steps.NeverUpToDateStep.execute(Lorg/gradle/internal/execution/UnitOfWork;Lorg/gradle/internal/execution/steps/Context;)Lorg/gradle/internal/execution/steps/Result; (10 bytes) @ 0x000001dd92731b4c [0x000001dd92731ac0+0x000000000000008c]
J 22297 c1 org.gradle.internal.execution.steps.legacy.MarkSnapshottingInputsFinishedStep.execute(Lorg/gradle/internal/execution/UnitOfWork;Lorg/gradle/internal/execution/steps/Context;)Lorg/gradle/internal/execution/steps/Result; (10 bytes) @ 0x000001dd90d41f34 [0x000001dd90d41b80+0x00000000000003b4]
J 21482 c1 org.gradle.internal.execution.steps.ResolveNonIncrementalCachingStateStep.executeDelegate(Lorg/gradle/internal/execution/UnitOfWork;Lorg/gradle/internal/execution/steps/ValidationFinishedContext;Lorg/gradle/internal/execution/caching/CachingState;)Lorg/gradle/internal/execution/steps/UpToDateResult; (23 bytes) @ 0x000001dd91d3acfc [0x000001dd91d3aa00+0x00000000000002fc]
J 22296 c1 org.gradle.internal.execution.steps.AbstractResolveCachingStateStep.execute(Lorg/gradle/internal/execution/UnitOfWork;Lorg/gradle/internal/execution/steps/ValidationFinishedContext;)Lorg/gradle/internal/execution/steps/CachingResult; (67 bytes) @ 0x000001dd924e15e4 [0x000001dd924dfc40+0x00000000000019a4]
J 21439 c1 org.gradle.internal.execution.steps.AbstractResolveCachingStateStep.execute(Lorg/gradle/internal/execution/UnitOfWork;Lorg/gradle/internal/execution/steps/Context;)Lorg/gradle/internal/execution/steps/Result; (10 bytes) @ 0x000001dd928674cc [0x000001dd92867440+0x000000000000008c]
J 22012 c1 org.gradle.internal.execution.steps.ValidateStep.execute(Lorg/gradle/internal/execution/UnitOfWork;Lorg/gradle/internal/execution/steps/BeforeExecutionContext;)Lorg/gradle/internal/execution/steps/Result; (261 bytes) @ 0x000001dd91484764 [0x000001dd914810e0+0x0000000000003684]
J 21419 c1 org.gradle.internal.execution.steps.ValidateStep.execute(Lorg/gradle/internal/execution/UnitOfWork;Lorg/gradle/internal/execution/steps/Context;)Lorg/gradle/internal/execution/steps/Result; (10 bytes) @ 0x000001dd91d11f4c [0x000001dd91d11ec0+0x000000000000008c]
J 21391 c1 org.gradle.internal.execution.steps.AbstractCaptureStateBeforeExecutionStep.execute(Lorg/gradle/internal/execution/UnitOfWork;Lorg/gradle/internal/execution/steps/PreviousExecutionContext;)Lorg/gradle/internal/execution/steps/CachingResult; (41 bytes) @ 0x000001dd91781d64 [0x000001dd91781a80+0x00000000000002e4]
J 21390 c1 org.gradle.internal.execution.steps.AbstractCaptureStateBeforeExecutionStep.execute(Lorg/gradle/internal/execution/UnitOfWork;Lorg/gradle/internal/execution/steps/Context;)Lorg/gradle/internal/execution/steps/Result; (10 bytes) @ 0x000001dd91bc44cc [0x000001dd91bc4440+0x000000000000008c]
J 21389 c1 org.gradle.internal.execution.steps.legacy.MarkSnapshottingInputsStartedStep.execute(Lorg/gradle/internal/execution/UnitOfWork;Lorg/gradle/internal/execution/steps/Context;)Lorg/gradle/internal/execution/steps/Result; (37 bytes) @ 0x000001dd91c6b614 [0x000001dd91c6b560+0x00000000000000b4]
J 50162 c1 org.gradle.internal.execution.steps.AssignImmutableWorkspaceStep.lambda$executeInTemporaryWorkspace$3(Lorg/gradle/internal/execution/steps/IdentityContext;Lorg/gradle/internal/execution/UnitOfWork;Lorg/gradle/internal/execution/workspace/ImmutableWorkspaceProvider$ImmutableWorkspace;Ljava/io/File;)Lorg/gradle/internal/execution/steps/WorkspaceResult; (158 bytes) @ 0x000001dd919a2e94 [0x000001dd919a1a40+0x0000000000001454]
J 21387 c1 org.gradle.internal.execution.steps.AssignImmutableWorkspaceStep$$Lambda+0x00000001008b64c0.executeInTemporaryWorkspace(Ljava/io/File;)Ljava/lang/Object; (21 bytes) @ 0x000001dd91b5fec4 [0x000001dd91b5fe40+0x0000000000000084]
J 21386 c1 org.gradle.internal.execution.workspace.impl.CacheBasedImmutableWorkspaceProvider$1.withTemporaryWorkspace(Lorg/gradle/internal/execution/workspace/ImmutableWorkspaceProvider$ImmutableWorkspace$TemporaryWorkspaceAction;)Ljava/lang/Object; (53 bytes) @ 0x000001dd91705554 [0x000001dd917052c0+0x0000000000000294]
J 21384 c1 org.gradle.internal.execution.steps.AssignImmutableWorkspaceStep.executeInTemporaryWorkspace(Lorg/gradle/internal/execution/UnitOfWork;Lorg/gradle/internal/execution/steps/IdentityContext;Lorg/gradle/internal/execution/workspace/ImmutableWorkspaceProvider$ImmutableWorkspace;)Lorg/gradle/internal/execution/steps/WorkspaceResult; (19 bytes) @ 0x000001dd914c6684 [0x000001dd914c64e0+0x00000000000001a4]
J 21382 c1 org.gradle.internal.execution.steps.AssignImmutableWorkspaceStep$$Lambda+0x00000001006324f0.get()Ljava/lang/Object; (20 bytes) @ 0x000001dd91b2353c [0x000001dd91b234c0+0x000000000000007c]
J 20664 c1 org.gradle.internal.execution.steps.AssignImmutableWorkspaceStep.execute(Lorg/gradle/internal/execution/UnitOfWork;Lorg/gradle/internal/execution/steps/IdentityContext;)Lorg/gradle/internal/execution/steps/WorkspaceResult; (55 bytes) @ 0x000001dd91dea614 [0x000001dd91de9c20+0x00000000000009f4]
J 20691 c1 org.gradle.internal.execution.steps.AssignImmutableWorkspaceStep.execute(Lorg/gradle/internal/execution/UnitOfWork;Lorg/gradle/internal/execution/steps/Context;)Lorg/gradle/internal/execution/steps/Result; (10 bytes) @ 0x000001dd9125942c [0x000001dd912592c0+0x000000000000016c]
J 20535 c1 org.gradle.internal.execution.steps.ChoosePipelineStep.execute(Lorg/gradle/internal/execution/UnitOfWork;Lorg/gradle/internal/execution/steps/IdentityContext;)Lorg/gradle/internal/execution/steps/Result; (71 bytes) @ 0x000001dd90ccfc4c [0x000001dd90ccf5a0+0x00000000000006ac]
J 20690 c1 org.gradle.internal.execution.steps.ChoosePipelineStep.execute(Lorg/gradle/internal/execution/UnitOfWork;Lorg/gradle/internal/execution/steps/Context;)Lorg/gradle/internal/execution/steps/Result; (10 bytes) @ 0x000001dd912035ac [0x000001dd91203440+0x000000000000016c]
J 21832 c1 org.gradle.internal.execution.steps.ExecuteWorkBuildOperationFiringStep.lambda$execute$0(Lorg/gradle/internal/execution/UnitOfWork;Lorg/gradle/internal/execution/steps/IdentityContext;Lorg/gradle/internal/operations/BuildOperationContext;)Lorg/gradle/internal/execution/steps/CachingResult; (78 bytes) @ 0x000001dd9152c614 [0x000001dd9152c500+0x0000000000000114]
J 20727 c1 org.gradle.internal.execution.steps.ExecuteWorkBuildOperationFiringStep$$Lambda+0x0000000100810238.apply(Ljava/lang/Object;)Ljava/lang/Object; (20 bytes) @ 0x000001dd9134db4c [0x000001dd9134d9c0+0x000000000000018c]
J 48223 c2 org.gradle.internal.execution.steps.BuildOperationStep$1.call(Lorg/gradle/internal/operations/BuildOperationContext;)Ljava/lang/Object; (11 bytes) @ 0x000001dd989bb1f0 [0x000001dd989bb1a0+0x0000000000000050]
J 44108 c2 org.gradle.internal.operations.DefaultBuildOperationRunner$CallableBuildOperationWorker.execute(Lorg/gradle/internal/operations/BuildOperation;Lorg/gradle/internal/operations/BuildOperationContext;)V (10 bytes) @ 0x000001dd99999d14 [0x000001dd99999ca0+0x0000000000000074]
J 48224 c2 org.gradle.internal.execution.steps.BuildOperationStep.operation(Ljava/util/function/Function;Lorg/gradle/internal/operations/BuildOperationDescriptor$Builder;)Ljava/lang/Object; (20 bytes) @ 0x000001dd98752790 [0x000001dd98751e40+0x0000000000000950]
J 21831 c1 org.gradle.internal.execution.steps.ExecuteWorkBuildOperationFiringStep.lambda$execute$1(Lorg/gradle/internal/execution/UnitOfWork;Lorg/gradle/internal/execution/steps/IdentityContext;Ljava/lang/String;)Lorg/gradle/internal/execution/steps/CachingResult; (41 bytes) @ 0x000001dd90bbc474 [0x000001dd90bbbaa0+0x00000000000009d4]
J 20716 c1 org.gradle.internal.execution.steps.ExecuteWorkBuildOperationFiringStep$$Lambda+0x0000000100628ae0.apply(Ljava/lang/Object;)Ljava/lang/Object; (20 bytes) @ 0x000001dd912f66b4 [0x000001dd912f6540+0x0000000000000174]
J 20688 c1 org.gradle.internal.execution.steps.ExecuteWorkBuildOperationFiringStep.execute(Lorg/gradle/internal/execution/UnitOfWork;Lorg/gradle/internal/execution/steps/Context;)Lorg/gradle/internal/execution/steps/Result; (10 bytes) @ 0x000001dd912fabfc [0x000001dd912fa340+0x00000000000008bc]
J 20725 c1 org.gradle.internal.execution.steps.IdentityCacheStep.executeInCache(Lorg/gradle/internal/execution/UnitOfWork;Lorg/gradle/internal/execution/steps/IdentityContext;)Lorg/gradle/internal/execution/ExecutionEngine$IdentityCacheResult; (45 bytes) @ 0x000001dd9131da34 [0x000001dd9131d8e0+0x0000000000000154]
J 20747 c1 org.gradle.internal.execution.steps.IdentityCacheStep$$Lambda+0x000000010080d400.get()Ljava/lang/Object; (16 bytes) @ 0x000001dd9114a894 [0x000001dd9114a7c0+0x00000000000000d4]
J 20167 c1 org.gradle.cache.Cache$$Lambda+0x00000001001dcb70.apply(Ljava/lang/Object;)Ljava/lang/Object; (9 bytes) @ 0x000001dd90b1e0fc [0x000001dd90b1dfc0+0x000000000000013c]
J 54957 c2 java.util.concurrent.ConcurrentHashMap.computeIfAbsent(Ljava/lang/Object;Ljava/util/function/Function;)Ljava/lang/Object; java.base@21.0.5 (576 bytes) @ 0x000001dd9951c260 [0x000001dd9951bd40+0x0000000000000520]
J 50807 c1 org.gradle.cache.ManualEvictionInMemoryCache.get(Ljava/lang/Object;Ljava/util/function/Function;)Ljava/lang/Object; (12 bytes) @ 0x000001dd93adc3c4 [0x000001dd93adc2c0+0x0000000000000104]
J 50183 c2 org.gradle.cache.Cache.get(Ljava/lang/Object;Ljava/util/function/Supplier;)Ljava/lang/Object; (14 bytes) @ 0x000001dd99260bc4 [0x000001dd99260ae0+0x00000000000000e4]
J 20519 c1 org.gradle.internal.execution.steps.IdentityCacheStep.lambda$executeDeferred$1(Lorg/gradle/cache/Cache;Lorg/gradle/internal/execution/UnitOfWork$Identity;Lorg/gradle/internal/execution/UnitOfWork;Lorg/gradle/internal/execution/steps/IdentityContext;)Lorg/gradle/internal/Try; (41 bytes) @ 0x000001dd90da24ec [0x000001dd90da1f80+0x000000000000056c]
J 20518 c1 org.gradle.internal.execution.steps.IdentityCacheStep$$Lambda+0x000000010080b718.get()Ljava/lang/Object; (24 bytes) @ 0x000001dd90e7ab5c [0x000001dd90e7aac0+0x000000000000009c]
J 20407 c1 org.gradle.internal.Deferrable$3.completeAndGet()Ljava/lang/Object; (46 bytes) @ 0x000001dd90ccd6e4 [0x000001dd90ccd540+0x00000000000001a4]
J 20004 c1 org.gradle.internal.Deferrable$1.completeAndGet()Ljava/lang/Object; (18 bytes) @ 0x000001dd909f2f8c [0x000001dd909f2e80+0x000000000000010c]
J 20004 c1 org.gradle.internal.Deferrable$1.completeAndGet()Ljava/lang/Object; (18 bytes) @ 0x000001dd909f2f8c [0x000001dd909f2e80+0x000000000000010c]
J 47029 c1 org.gradle.internal.Deferrable$$Lambda+0x000000010081d270.get()Ljava/lang/Object; (14 bytes) @ 0x000001dd9421144c [0x000001dd94211000+0x000000000000044c]
J 20407 c1 org.gradle.internal.Deferrable$3.completeAndGet()Ljava/lang/Object; (46 bytes) @ 0x000001dd90ccd6e4 [0x000001dd90ccd540+0x00000000000001a4]
J 20378 c1 org.gradle.api.internal.artifacts.transform.TransformingAsyncArtifactListener$TransformedArtifact.finalizeValue()Lorg/gradle/internal/Try; (168 bytes) @ 0x000001dd913d70b4 [0x000001dd913d6500+0x0000000000000bb4]
J 22389 c1 org.gradle.api.internal.artifacts.transform.TransformingAsyncArtifactListener$TransformedArtifact.run(Lorg/gradle/internal/operations/BuildOperationContext;)V (6 bytes) @ 0x000001dd90a28c3c [0x000001dd90a28bc0+0x000000000000007c]
J 19732 c1 org.gradle.internal.operations.DefaultBuildOperationExecutor$$Lambda+0x00000001007dca48.execute(Lorg/gradle/internal/operations/BuildOperation;Lorg/gradle/internal/operations/BuildOperationContext;)V (11 bytes) @ 0x000001dd913131bc [0x000001dd91312fc0+0x00000000000001fc]
J 50891 c2 org.gradle.internal.operations.DefaultBuildOperationRunner.execute(Lorg/gradle/internal/operations/BuildOperationDescriptor$Builder;Lorg/gradle/internal/operations/BuildOperationState;Lorg/gradle/internal/operations/DefaultBuildOperationRunner$BuildOperationExecution;)Ljava/lang/Object; (147 bytes) @ 0x000001dd99cd9b90 [0x000001dd99cd9380+0x0000000000000810]
J 35819 c2 org.gradle.internal.operations.DefaultBuildOperationRunner.execute(Lorg/gradle/internal/operations/BuildOperation;Lorg/gradle/internal/operations/BuildOperationWorker;Lorg/gradle/internal/operations/BuildOperationState;)V (23 bytes) @ 0x000001dd99466690 [0x000001dd994665c0+0x00000000000000d0]
J 44604 c1 org.gradle.internal.operations.DefaultBuildOperationQueue$WorkerRunnable.doRunBatch(Lorg/gradle/internal/operations/BuildOperation;)I (44 bytes) @ 0x000001dd93cca2cc [0x000001dd93cca0a0+0x000000000000022c]
J 44600 c1 org.gradle.internal.operations.DefaultBuildOperationQueue$WorkerRunnable$$Lambda+0x000000010080dc90.create()Ljava/lang/Object; (12 bytes) @ 0x000001dd93ccc5ac [0x000001dd93ccc4e0+0x00000000000000cc]
J 44602 c1 org.gradle.internal.resources.AbstractResourceLockRegistry.whileDisallowingLockChanges(Lorg/gradle/internal/Factory;)Ljava/lang/Object; (44 bytes) @ 0x000001dd93ccd8f4 [0x000001dd93ccd760+0x0000000000000194]
J 44598 c1 org.gradle.internal.operations.DefaultBuildOperationQueue$WorkerRunnable.lambda$runBatch$1(Lorg/gradle/internal/operations/BuildOperation;)Ljava/lang/Integer; (42 bytes) @ 0x000001dd93ccb5a4 [0x000001dd93ccac40+0x0000000000000964]
J 44597 c1 org.gradle.internal.operations.DefaultBuildOperationQueue$WorkerRunnable$$Lambda+0x000000010080da58.create()Ljava/lang/Object; (12 bytes) @ 0x000001dd93cc9ccc [0x000001dd93cc9c40+0x000000000000008c]
J 44861 c1 org.gradle.internal.work.DefaultWorkerLeaseService.withLocks(Ljava/util/Collection;Lorg/gradle/internal/Factory;)Ljava/lang/Object; (53 bytes) @ 0x000001dd93d4f694 [0x000001dd93d4f240+0x0000000000000454]
J 47015 c1 org.gradle.internal.work.DefaultWorkerLeaseService.runAsWorkerThread(Lorg/gradle/internal/Factory;)Ljava/lang/Object; (37 bytes) @ 0x000001dd9420d554 [0x000001dd9420cfe0+0x0000000000000574]
J 44312 c1 org.gradle.internal.operations.DefaultBuildOperationQueue$WorkerRunnable.run()V (48 bytes) @ 0x000001dd93c6236c [0x000001dd93c61e40+0x000000000000052c]
J 22264 c2 org.gradle.internal.concurrent.ExecutorPolicy$CatchAndRecordFailures.onExecute(Ljava/lang/Runnable;)V (29 bytes) @ 0x000001dd987a1594 [0x000001dd987a1540+0x0000000000000054]
J 31336 c1 org.gradle.internal.concurrent.AbstractManagedExecutor$1.run()V (57 bytes) @ 0x000001dd919852d4 [0x000001dd91985120+0x00000000000001b4]
J 46905 c1 java.util.concurrent.ThreadPoolExecutor.runWorker(Ljava/util/concurrent/ThreadPoolExecutor$Worker;)V java.base@21.0.5 (187 bytes) @ 0x000001dd941dfc14 [0x000001dd941df2c0+0x0000000000000954]
J 46904 c1 java.util.concurrent.ThreadPoolExecutor$Worker.run()V java.base@21.0.5 (9 bytes) @ 0x000001dd941dcfcc [0x000001dd941dcf40+0x000000000000008c]
J 43941 c1 java.lang.Thread.run()V java.base@21.0.5 (23 bytes) @ 0x000001dd931696dc [0x000001dd931694e0+0x00000000000001fc]
v  ~StubRoutines::call_stub 0x000001dd97e2100d

siginfo: EXCEPTION_ACCESS_VIOLATION (0xc0000005), reading address 0x0000000000200008


Registers:
RAX=0x000000388cdfa9b0, RBX=0x000001ddc6a913c8, RCX=0x000000388cdfa930, RDX=0x000000388cdfa930
RSP=0x000000388cdfa960, RBP=0x000000388cdfaad0, RSI=0x000001ddabd72300, RDI=0x0000000000200000
R8 =0x0000000000000000, R9 =0x000001ddc3232bd8, R10=0x000001ddadb07430, R11=0x0000000000000000
R12=0x0000000000000000, R13=0x000001ddc3236be0, R14=0x00000000000000b6, R15=0x000001ddc3236be0
RIP=0x00007ff88c947ec7, EFLAGS=0x0000000000010202


Register to memory mapping:

RAX=0x000000388cdfa9b0 is pointing into the stack for thread: 0x000001ddabd72300
RBX=0x000001ddc6a913c8 points into unknown readable memory: 0x0000000000200000 | 00 00 20 00 00 00 00 00
RCX=0x000000388cdfa930 is pointing into the stack for thread: 0x000001ddabd72300
RDX=0x000000388cdfa930 is pointing into the stack for thread: 0x000001ddabd72300
RSP=0x000000388cdfa960 is pointing into the stack for thread: 0x000001ddabd72300
RBP=0x000000388cdfaad0 is pointing into the stack for thread: 0x000001ddabd72300
RSI=0x000001ddabd72300 is a thread
RDI=0x0000000000200000 is an unknown value
R8 =0x0 is null
R9 =0x000001ddc3232bd8 is pointing into metadata
R10=0x000001ddadb07430 points into unknown readable memory: 0x0000004000000004 | 04 00 00 00 40 00 00 00
R11=0x0 is null
R12=0x0 is null
R13=0x000001ddc3236be0 is pointing into metadata
R14=0x00000000000000b6 is an unknown value
R15=0x000001ddc3236be0 is pointing into metadata

Top of Stack: (sp=0x000000388cdfa960)
0x000000388cdfa960:   000001ddc6a913c8 000000388cdfaad0
0x000000388cdfa970:   000001ddabd72300 0000000300000002
0x000000388cdfa980:   000001ddabd7230a 000000030000000b
0x000000388cdfa990:   000001dda61bed48 0000000000000000
0x000000388cdfa9a0:   00000000000000b6 00007ff88c6813ff
0x000000388cdfa9b0:   000001dda61daab8 000001dda61cc870
0x000000388cdfa9c0:   0000000101f3af18 0000000101a993b0
0x000000388cdfa9d0:   0000000000000000 0000000000000000
0x000000388cdfa9e0:   00000000000a0101 00007ff800000000
0x000000388cdfa9f0:   000000388cdfab00 00007ff88c748c00
0x000000388cdfaa00:   000001ddc6263c00 000001ddabd72300
0x000000388cdfaa10:   000001ddc6a913c8 00007ff88c74894d
0x000000388cdfaa20:   000001dd000000b6 000001ddabd72300
0x000000388cdfaa30:   000001ddc3236c08 000001ddabd72300
0x000000388cdfaa40:   0000000000000000 0000000000000000
0x000000388cdfaa50:   000001ddc3232bd8 000001ddabd72300
0x000000388cdfaa60:   000001ddc3236be0 000001dd000000b6
0x000000388cdfaa70:   000001ddc3236c08 0000000000000000
0x000000388cdfaa80:   0000000000000000 000000388cdfadc0
0x000000388cdfaa90:   000000388cdfad60 000000388cdfad60
0x000000388cdfaaa0:   000001dd97e38efd 000001dd97e28190
0x000000388cdfaab0:   0000000000000000 0000000000000000
0x000000388cdfaac0:   000000388cdfadc0 000000388cdfad60
0x000000388cdfaad0:   000001dd97e28190 0000000000000000
0x000000388cdfaae0:   0000000000000000 0000000000000000
0x000000388cdfaaf0:   0000000000000000 000000388cdfad70
0x000000388cdfab00:   0000000000000000 0000000000000000
0x000000388cdfab10:   000001ddabd72300 000001ddc3236be0
0x000000388cdfab20:   000000388cdfade8 000001ddabd72300
0x000000388cdfab30:   0000000000000148 00000000000000b6
0x000000388cdfab40:   000000388cdfac50 00007ff88c74827d
0x000000388cdfab50:   000001ddc3232bd8 0000000000000000 

Instructions: (pc=0x00007ff88c947ec7)
0x00007ff88c947dc7:   03 d1 ff e2 48 8b 9c 24 c8 00 00 00 48 8d 4c 24
0x00007ff88c947dd7:   50 41 b9 b8 00 00 00 48 89 5c 24 20 45 8b c2 49
0x00007ff88c947de7:   8b d3 e8 c2 ce ff ff 48 83 7b 08 00 0f 85 1f 02
0x00007ff88c947df7:   00 00 4c 8b cb 48 8d 54 24 50 41 b0 01 48 8b cd
0x00007ff88c947e07:   e8 e4 0f 00 00 e9 07 02 00 00 48 8b bc 24 c8 00
0x00007ff88c947e17:   00 00 48 8d 4c 24 50 41 b9 b7 00 00 00 48 89 7c
0x00007ff88c947e27:   24 20 45 8b c2 49 8b d3 e8 7c ce ff ff 48 83 7f
0x00007ff88c947e37:   08 00 0f 85 d9 01 00 00 48 8b d7 48 8d 4c 24 50
0x00007ff88c947e47:   e8 74 de ff ff 48 83 7f 08 00 0f 85 c1 01 00 00
0x00007ff88c947e57:   4c 8b c0 48 8d 4c 24 40 48 8b d7 e8 09 0a a3 ff
0x00007ff88c947e67:   4c 8b c0 48 89 7c 24 20 4c 8b cb 48 8d 54 24 50
0x00007ff88c947e77:   48 8b cd e8 c1 18 00 00 e9 8a 01 00 00 48 8b b4
0x00007ff88c947e87:   24 c8 00 00 00 48 8d 4c 24 50 41 b9 b6 00 00 00
0x00007ff88c947e97:   48 89 74 24 20 45 8b c2 49 8b d3 e8 09 ce ff ff
0x00007ff88c947ea7:   48 83 7e 08 00 0f 85 66 01 00 00 48 85 db 75 04
0x00007ff88c947eb7:   33 ff eb 25 80 3d 4e a3 55 00 00 48 8b 3b 74 15
0x00007ff88c947ec7:   8b 7f 08 8b 0d 48 90 55 00 48 d3 e7 48 03 3d 36
0x00007ff88c947ed7:   90 55 00 eb 04 48 8b 7f 08 48 8b d6 48 8d 4c 24
0x00007ff88c947ee7:   50 e8 43 e3 ff ff 48 83 7e 08 00 0f 85 20 01 00
0x00007ff88c947ef7:   00 4c 8b c0 48 8d 4c 24 40 48 8b d6 e8 68 09 a3
0x00007ff88c947f07:   ff 4c 8b 44 24 60 48 8b d0 48 89 74 24 30 4c 8b
0x00007ff88c947f17:   cb c6 44 24 28 01 48 8b cd 48 89 7c 24 20 e8 86
0x00007ff88c947f27:   1d 00 00 e9 df 00 00 00 4c 8b 8c 24 c8 00 00 00
0x00007ff88c947f37:   45 8b c2 49 8b d3 48 8b cd e8 6b 03 00 00 e9 d8
0x00007ff88c947f47:   00 00 00 4c 8b 8c 24 c8 00 00 00 45 8b c2 49 8b
0x00007ff88c947f57:   d3 48 8b cd e8 40 01 00 00 e9 bd 00 00 00 48 8b
0x00007ff88c947f67:   b4 24 c8 00 00 00 48 8d 4c 24 50 41 b9 b9 00 00
0x00007ff88c947f77:   00 48 89 74 24 20 45 8b c2 49 8b d3 e8 28 cd ff
0x00007ff88c947f87:   ff 48 83 7e 08 00 0f 85 85 00 00 00 48 85 db 75
0x00007ff88c947f97:   04 33 ff eb 25 80 3d 6d a2 55 00 00 48 8b 3b 74
0x00007ff88c947fa7:   15 8b 7f 08 8b 0d 67 8f 55 00 48 d3 e7 48 03 3d
0x00007ff88c947fb7:   55 8f 55 00 eb 04 48 8b 7f 08 4c 8b c6 48 8d 4c 


Stack slot to memory mapping:

stack at sp + 0 slots: 0x000001ddc6a913c8 points into unknown readable memory: 0x0000000000200000 | 00 00 20 00 00 00 00 00
stack at sp + 1 slots: 0x000000388cdfaad0 is pointing into the stack for thread: 0x000001ddabd72300
stack at sp + 2 slots: 0x000001ddabd72300 is a thread
stack at sp + 3 slots: 0x0000000300000002 is an unknown value
stack at sp + 4 slots: 0x000001ddabd7230a points into unknown readable memory: 00 00 00 00 00 00
stack at sp + 5 slots: 0x000000030000000b is an unknown value
stack at sp + 6 slots: 0x000001dda61bed48 points into unknown readable memory: 0x616a0010821fffff | ff ff 1f 82 10 00 6a 61
stack at sp + 7 slots: 0x0 is null

invokevirtual  182 invokevirtual  [0x000001dd97e38ea0, 0x000001dd97e39348]  1192 bytes
[MachCode]
  0x000001dd97e38ea0: 4883 ec08 | c5fa 1104 | 24eb 1f48 | 83ec 10c5 | fb11 0424 | eb14 4883 | ec10 4889 | 0424 48c7 
  0x000001dd97e38ec0: 4424 0800 | 0000 00eb | 0150 4c89 | 6dc0 410f | b755 0148 | 8b4d d0c1 | e202 8b5c | d138 c1eb 
  0x000001dd97e38ee0: 1881 e3ff | 0000 0081 | fbb6 0000 | 000f 84b4 | 0000 00bb | b600 0000 | e805 0000 | 00e9 9900 
  0x000001dd97e38f00: 0000 488b | d348 8d44 | 2408 4c89 | 6dc0 498b | cfc5 f877 | 4989 afa8 | 0300 0049 | 8987 9803 
  0x000001dd97e38f20: 0000 4883 | ec20 40f6 | c40f 0f84 | 1900 0000 | 4883 ec08 | 48b8 1082 | 748c f87f | 0000 ffd0 
  0x000001dd97e38f40: 4883 c408 | e90c 0000 | 0048 b810 | 8274 8cf8 | 7f00 00ff | d048 83c4 | 2049 c787 | 9803 0000 
  0x000001dd97e38f60: 0000 0000 | 49c7 87a8 | 0300 0000 | 0000 0049 | c787 a003 | 0000 0000 | 0000 c5f8 | 7749 837f 
  0x000001dd97e38f80: 0800 0f84 | 0500 0000 | e973 7ffe | ff4c 8b6d | c04c 8b75 | c84e 8d74 | f500 c341 | 0fb7 5501 
  0x000001dd97e38fa0: 488b 4dd0 | c1e2 0248 | 8b5c d148 | 8b54 d150 | 8bca 81e1 | ff00 0000 | 488b 4ccc | f844 8bea 
  0x000001dd97e38fc0: c1ea 1c49 | ba40 d0f2 | 8cf8 7f00 | 0049 8b14 | d252 418b | d54c 8b6d | c08b c225 | 0000 1000 
  0x000001dd97e38fe0: 0f84 6601 | 0000 483b | 0148 8b45 | d848 85c0 | 0f84 1200 | 0000 4883 | 4008 0148 | 8358 0800 
  0x000001dd97e39000: 4883 c038 | 4889 45d8 | 488b 45d8 | 4885 c00f | 842b 0100 | 0080 78c8 | 0b0f 8521 | 0100 0048 
  0x000001dd97e39020: 83c0 084c | 8b68 f841 | 83ed 0041 | 83fd 020f | 8c00 0100 | 004c 8b6b | 0845 0fb7 | 6d2e 4c2b 
  0x000001dd97e39040: 2841 83ed | 014e 8b6c | ec08 4d85 | ed75 0ef6 | 4008 0175 | 4ff0 4883 | 4808 01eb | 4745 8b6d 
  0x000001dd97e39060: 0849 c1e5 | 034d 8bd5 | 4c33 6808 | 49f7 c5fc | ffff ff74 | 2f41 f6c5 | 0275 2948 | 8378 0800 
  0x000001dd97e39080: 741e 4883 | 7808 0174 | 174d 8bea | 4c33 6808 | 49f7 c5fc | ffff ff74 | 0b48 8348 | 0802 eb04 
  0x000001dd97e390a0: 4c89 6808 | 4883 c010 | 4c8b 68e8 | 4183 ed02 | 4183 fd02 | 0f8c 7b00 | 0000 4c8b | 6b08 450f 
  0x000001dd97e390c0: b76d 2e4c | 2b28 4183 | ed01 4e8b | 6cec 084d | 85ed 750e | f640 0801 | 754f f048 | 8348 0801 
  0x000001dd97e390e0: eb47 458b | 6d08 49c1 | e503 4d8b | d54c 3368 | 0849 f7c5 | fcff ffff | 742f 41f6 | c502 7529 
  0x000001dd97e39100: 4883 7808 | 0074 1e48 | 8378 0801 | 7417 4d8b | ea4c 3368 | 0849 f7c5 | fcff ffff | 740b 4883 
  0x000001dd97e39120: 4808 02eb | 044c 8968 | 0848 83c0 | 104c 8b68 | d841 83ed | 0441 c1e5 | 0349 03c5 | 4889 45d8 
  0x000001dd97e39140: 4c8d 6c24 | 084c 896d | f0ff 6368 | 8b41 0848 | c1e0 034c | 8b75 d84d | 85f6 0f84 | 9500 0000 
  0x000001dd97e39160: 498b 5618 | 483b d00f | 850f 0000 | 0049 8346 | 2001 4983 | 5e20 00e9 | 7100 0000 | 4885 d20f 
  0x000001dd97e39180: 8442 0000 | 0049 8b56 | 2848 3bd0 | 0f85 0f00 | 0000 4983 | 4630 0149 | 835e 3000 | e94c 0000 
  0x000001dd97e391a0: 0048 85d2 | 740f 4983 | 4608 0149 | 835e 0800 | e938 0000 | 0049 8946 | 28ba 0100 | 0000 4989 
  0x000001dd97e391c0: 5630 e926 | 0000 0049 | 3b46 280f | 850f 0000 | 0049 8346 | 3001 4983 | 5e30 00e9 | 0d00 0000 
  0x000001dd97e391e0: 4989 4618 | ba01 0000 | 0049 8956 | 2049 83c6 | 384c 8975 | d848 8b9c | d8e0 0100 | 0048 8b55 
  0x000001dd97e39200: d848 85d2 | 0f84 2b01 | 0000 807a | c80b 0f85 | 2101 0000 | 4883 c208 | 4c8b 6af8 | 4183 ed00 
  0x000001dd97e39220: 4183 fd02 | 0f8c 0001 | 0000 4c8b | 6b08 450f | b76d 2e4c | 2b2a 4183 | ed01 4e8b | 6cec 084d 
  0x000001dd97e39240: 85ed 750e | f642 0801 | 754f f048 | 834a 0801 | eb47 458b | 6d08 49c1 | e503 4d8b | d54c 336a 
  0x000001dd97e39260: 0849 f7c5 | fcff ffff | 742f 41f6 | c502 7529 | 4883 7a08 | 0074 1e48 | 837a 0801 | 7417 4d8b 
  0x000001dd97e39280: ea4c 336a | 0849 f7c5 | fcff ffff | 740b 4883 | 4a08 02eb | 044c 896a | 0848 83c2 | 104c 8b6a 
  0x000001dd97e392a0: e841 83ed | 0241 83fd | 020f 8c7b | 0000 004c | 8b6b 0845 | 0fb7 6d2e | 4c2b 2a41 | 83ed 014e 
  0x000001dd97e392c0: 8b6c ec08 | 4d85 ed75 | 0ef6 4208 | 0175 4ff0 | 4883 4a08 | 01eb 4745 | 8b6d 0849 | c1e5 034d 
  0x000001dd97e392e0: 8bd5 4c33 | 6a08 49f7 | c5fc ffff | ff74 2f41 | f6c5 0275 | 2948 837a | 0800 741e | 4883 7a08 
  0x000001dd97e39300: 0174 174d | 8bea 4c33 | 6a08 49f7 | c5fc ffff | ff74 0b48 | 834a 0802 | eb04 4c89 | 6a08 4883 
  0x000001dd97e39320: c210 4c8b | 6ad8 4183 | ed04 41c1 | e503 4903 | d548 8955 | d84c 8d6c | 2408 4c89 | 6df0 ff63 
  0x000001dd97e39340: 680f 1f80 | 0000 0000 
[/MachCode]

Compiled method (c2) 377605 56672       4       com.android.tools.r8.internal.Qk0::b (198 bytes)
 total in heap  [0x000001dd985cbd90,0x000001dd985ce0b0] = 8992
 relocation     [0x000001dd985cbef0,0x000001dd985cc088] = 408
 main code      [0x000001dd985cc0a0,0x000001dd985cd240] = 4512
 stub code      [0x000001dd985cd240,0x000001dd985cd2b0] = 112
 oops           [0x000001dd985cd2b0,0x000001dd985cd2c8] = 24
 metadata       [0x000001dd985cd2c8,0x000001dd985cd438] = 368
 scopes data    [0x000001dd985cd438,0x000001dd985cda90] = 1624
 scopes pcs     [0x000001dd985cda90,0x000001dd985cde50] = 960
 dependencies   [0x000001dd985cde50,0x000001dd985cdeb8] = 104
 handler table  [0x000001dd985cdeb8,0x000001dd985ce020] = 360
 nul chk table  [0x000001dd985ce020,0x000001dd985ce0b0] = 144

[Constant Pool (empty)]

[MachCode]
[Entry Point]
  # {method} {0x000001ddc9eb7f80} 'b' '(Lcom/android/tools/r8/internal/rD;)V' in 'com/android/tools/r8/internal/Qk0'
  # this:     rdx:rdx   = 'com/android/tools/r8/internal/Qk0'
  # parm0:    r8:r8     = 'com/android/tools/r8/internal/rD'
  #           [sp+0xa0]  (sp of caller)
  0x000001dd985cc0a0: 448b 5208 | 49c1 e203 

  0x000001dd985cc0a8: ;   {runtime_call ic_miss_stub}
  0x000001dd985cc0a8: 493b c20f | 85cf 268a | ff66 6690 | 660f 1f44 | 0000 660f | 1f44 0000 
[Verified Entry Point]
  0x000001dd985cc0c0: 8984 2400 | 80ff ff55 | 4881 ec90 | 0000 0090 | 4181 7f20 | 5b00 0000 | 0f85 5111 | 0000 4889 
  0x000001dd985cc0e0: 5424 304c | 8944 2438 

  0x000001dd985cc0e8: ; implicit exception: dispatches to 0x000001dd985cd05c
  0x000001dd985cc0e8: 418b 6808 | 453b 6010 | 0f84 1805 

  0x000001dd985cc0f4: ;   {metadata('com/android/tools/r8/internal/si')}
  0x000001dd985cc0f4: 0000 81fd | e621 3d20 | 0f84 6a0b | 0000 498b | d048 b8ff | ffff ffff 

  0x000001dd985cc10c: ;   {virtual_call}
  0x000001dd985cc10c: ffff ffe8 

  0x000001dd985cc110: ; ImmutableOopMap {[48]=Oop [56]=Oop }
                      ;*invokevirtual l1 {reexecute=0 rethrow=0 return_oop=0}
                      ; - com.android.tools.r8.internal.Qk0::b@15 (line 68)
  0x000001dd985cc110: c478 cfff 

  0x000001dd985cc114: ;   {other}
  0x000001dd985cc114: 0f1f 8400 | 8403 0000 | 85c0 0f85 | 8605 0000 | 4c8b 5424 | 3045 8b52 | 2c45 8b4a | 0c4c 8b54 
  0x000001dd985cc134: 2430 458b | 5a0c 418b | 6b14 498b | bfb8 0100 | 004c 8bd7 | 4983 c210 | 4d3b 97c8 | 0100 000f 
  0x000001dd985cc154: 83e4 0900 | 004d 8997 | b801 0000 | 410f 1882 | 0001 0000 | 48c7 0701 

  0x000001dd985cc16c: ;   {metadata('com/android/tools/r8/internal/Qk0$$Lambda+0x0000000101ed04d0')}
  0x000001dd985cc16c: 0000 00c7 | 4708 9aa0 | 3d20 4d8b | c14c 8bcd | 4c8b 5424 | 3044 8957 | 0c48 8b54 | 2438 6666 
  0x000001dd985cc18c: 9048 b8ff | ffff ffff 

  0x000001dd985cc194: ;   {virtual_call}
  0x000001dd985cc194: ffff ffe8 

  0x000001dd985cc198: ; ImmutableOopMap {[48]=Oop [56]=Oop }
                      ;*invokevirtual a {reexecute=0 rethrow=0 return_oop=1}
                      ; - com.android.tools.r8.internal.Qk0::b@80 (line 78)
  0x000001dd985cc198: 0c07 b5ff 

  0x000001dd985cc19c: ;   {other}
  0x000001dd985cc19c: 0f1f 8400 | 0c04 0001 | 4889 4424 | 684c 8b54 | 2430 458b | 5210 4c8b | 5c24 3845 | 8b5b 1045 
  0x000001dd985cc1bc: 8b4a 1c45 | 85db 0f84 | bf09 0000 | 498b cb45 | 8b41 0c48 | 8b39 498b | d948 8bd7 | 4883 e203 
  0x000001dd985cc1dc: 498b ea48 | 83fa 010f | 8581 0600 | 0048 c1ef | 088b c725 | ffff ff7f | 85c0 0f84 | 6e06 0000 
  0x000001dd985cc1fc: 8bd0 c1e2 | 08d1 e02b | c241 8d50 | ff23 c245 | 85c0 0f86 | 700a 0000 | 418b 5481 | 1048 8bfa 
  0x000001dd985cc21c: 483b f974 | 3e0f 1f84 | 0000 0000 | 000f 1f80 | 0000 0000 | 85d2 746b | 83c0 0241 | 3bc0 0f8d 
  0x000001dd985cc23c: 1b06 0000 | 498b bf50 

  0x000001dd985cc244: ; ImmutableOopMap {r10=NarrowOop r11=NarrowOop r9=NarrowOop rcx=Oop rbx=Oop rbp=Oop [48]=Oop [56]=Oop [104]=Oop }
                      ;*goto {reexecute=1 rethrow=0 return_oop=0}
                      ; - (reexecute) java.util.IdentityHashMap::get@57
                      ; - java.util.Map::getOrDefault@2
                      ; - com.android.tools.r8.internal.Qk0::b@97 (line 81)
                      ;   {poll}
  0x000001dd985cc244: 0400 0085 | 0741 3bc0 | 0f83 ce0b | 0000 418b | 5481 1048 | 8bfa 483b | f975 d18d | 4801 413b 
  0x000001dd985cc264: c80f 8359 | 0a00 004c | 63c0 478b | 4481 1445 | 85c0 7427 | 458b 5008 

  0x000001dd985cc27c: ;   {metadata('com/android/tools/r8/internal/E1')}
  0x000001dd985cc27c: 49bb 2826 | a901 0100 | 0000 4d33 | c94f 8d0c | d14d 8b51 | 384d 3bd3 | 0f85 860a | 0000 e9b7 
  0x000001dd985cc29c: 0000 0045 | 85db 0f84 | 2f09 0000 | 498b fb41 | 8b5a 1c8b | 4b0c 4c8b | 1748 8beb | 4d8b da49 
  0x000001dd985cc2bc: 83e3 0349 | 83fb 010f | 85fc 0700 | 0049 c1ea | 0845 8bd2 | 4181 e2ff | ffff 7f45 | 85d2 0f84 
  0x000001dd985cc2dc: e507 0000 | 458b da41 | c1e3 0841 | d1e2 452b | d344 8d59 | ff45 23d3 | 85c9 0f86 | 640b 0000 
  0x000001dd985cc2fc: 468b 5c93 | 104d 8bc3 | 4c3b c774 | 3145 85db | 743e 4183 | c202 443b | d10f 8d47 | 0500 0049 
  0x000001dd985cc31c: 8bb7 5004 

  0x000001dd985cc320: ; ImmutableOopMap {rbx=NarrowOop rdi=Oop rbp=Oop [48]=Oop [56]=Oop [104]=Oop }
                      ;*goto {reexecute=1 rethrow=0 return_oop=0}
                      ; - (reexecute) java.util.IdentityHashMap::containsKey@52
                      ; - java.util.Map::getOrDefault@14
                      ; - com.android.tools.r8.internal.Qk0::b@97 (line 81)
                      ;   {poll}
  0x000001dd985cc320: 0000 8506 | 443b d10f | 83d7 0b00 | 0046 8b5c | 9310 4d8b | c34c 3bc7 | 75cf ba45 

  0x000001dd985cc33c: ;   {runtime_call UncommonTrapBlob}
  0x000001dd985cc33c: ffff ffe8 

  0x000001dd985cc340: ; ImmutableOopMap {[48]=Oop [56]=Oop [104]=Oop }
                      ;*ifeq {reexecute=1 rethrow=0 return_oop=0}
                      ; - (reexecute) java.util.Map::getOrDefault@19
                      ; - com.android.tools.r8.internal.Qk0::b@97 (line 81)
  0x000001dd985cc340: bc82 8aff 

  0x000001dd985cc344: ;   {other}
  0x000001dd985cc344: 0f1f 8400 | b405 0004 

  0x000001dd985cc34c: ;   {oop(a 'com/android/tools/r8/internal/o7'{0x0000000094e807a0})}
  0x000001dd985cc34c: 49b8 a007 | e894 0000 | 0000 488b | 5424 6866 | 9048 b8ff | ffff ffff 

  0x000001dd985cc364: ;   {virtual_call}
  0x000001dd985cc364: ffff ffe8 

  0x000001dd985cc368: ; ImmutableOopMap {[48]=Oop [56]=Oop [104]=Oop }
                      ;*invokevirtual equals {reexecute=0 rethrow=0 return_oop=0}
                      ; - com.android.tools.r8.internal.Qk0::b@149 (line 86)
  0x000001dd985cc368: 7404 97ff 

  0x000001dd985cc36c: ;   {other}
  0x000001dd985cc36c: 0f1f 8400 | dc05 0005 | 85c0 0f85 | 9202 0000 | 4c8b 5424 | 3045 8b5a | 1044 895c | 2440 4c8b 
  0x000001dd985cc38c: 5424 3845 | 8b5a 1044 | 8b44 2440 

  0x000001dd985cc398: ; implicit exception: dispatches to 0x000001dd985cd0c4
  0x000001dd985cc398: 458b 401c | 4585 db0f | 8423 0800 | 004d 8beb 

  0x000001dd985cc3a8: ; implicit exception: dispatches to 0x000001dd985cd0dc
  0x000001dd985cc3a8: 418b 480c | 4d8b 5500 | 448b 4c24 | 4049 8bd1 | 4d8b da49 | 83e3 034d | 8bc8 4983 | fb01 0f85 
  0x000001dd985cc3c8: 2d05 0000 | 49c1 ea08 | 458b d241 | 81e2 ffff | ff7f 4585 | d20f 8416 | 0500 0045 | 8bda 41c1 
  0x000001dd985cc3e8: e308 41d1 | e245 2bd3 | 4c8b 5c24 | 6849 8bdb | 448d 41ff | 4523 d044 | 8bc1 48bd | 0000 9ba0 
  0x000001dd985cc408: dd01 0000 | 443b d10f | 830a 0800 | 004b 8d74 | 9110 458b | 5908 8b06 | 4963 fa4d | 8d74 b914 
  0x000001dd985cc428: 418d 7a01 | 85c0 0f85 | 1202 0000 | 4889 6c24 | 4889 5c24 | 2444 8954 | 2458 4c89 | 4c24 5048 
  0x000001dd985cc448: 8954 2428 | 894c 2420 | 4c89 6c24 | 6044 8b54 | 2440 418b | 6a14 448d | 546d 03ff | c545 3bd0 
  0x000001dd985cc468: ;   {no_reloc}
  0x000001dd985cc468: 0f8f 6103 | 0000 8b5c | 2440 ff43 

  0x000001dd985cc474: ;   {metadata('java/lang/Object'[])}
  0x000001dd985cc474: 1841 81fb | acb6 0020 | 0f85 6e09 | 0000 4180 | 7f40 000f | 8538 0500 | 004c 8bd6 | 4d8b dd44 
  0x000001dd985cc494: 891e 4d8b | dd4d 33da | 49c1 eb14 | 4d85 db74 | 1a49 c1ea | 0948 b900 | 009b a0dd | 0100 0049 
  0x000001dd985cc4b4: 03ca 8039 | 020f 856a | 0500 003b | 7c24 200f | 83f3 0800 | 0041 807f | 4000 0f85 | 2305 0000 
  0x000001dd985cc4d4: 448b 5424 | 2445 8916 | 4c8b 5424 | 684d 8bde | 4d33 d349 | c1ea 144d | 85d2 741a | 49c1 eb09 
  0x000001dd985cc4f4: 48b9 0000 | 9ba0 dd01 | 0000 4903 | cb80 3902 | 0f85 6d05 | 0000 896b | 1448 8b6c | 2448 4c8b 
  0x000001dd985cc514: 5424 3041 | 8b4a 144c | 8b54 2438 | 458b 4a10 

  0x000001dd985cc524: ; implicit exception: dispatches to 0x000001dd985cd0f0
  0x000001dd985cc524: 448b 5910 

  0x000001dd985cc528: ; implicit exception: dispatches to 0x000001dd985cd108
  0x000001dd985cc528: 458b 4308 

  0x000001dd985cc52c: ;   {metadata('java/util/Collections$SetFromMap')}
  0x000001dd985cc52c: 4181 f8fd | 5300 200f | 85bf 0700 | 0048 896c | 2420 4d8b | c144 894c | 2440 498b | d348 8be9 
  0x000001dd985cc54c: 894c 2428 

  0x000001dd985cc550: ;   {optimized virtual_call}
  0x000001dd985cc550: 6666 90e8 

  0x000001dd985cc554: ; ImmutableOopMap {rbp=Oop [40]=NarrowOop [48]=Oop [56]=Oop [64]=NarrowOop }
                      ;*invokeinterface add {reexecute=0 rethrow=0 return_oop=0}
                      ; - com.android.tools.r8.internal.Vu0::b@5 (line 2)
                      ; - com.android.tools.r8.internal.Qk0::b@178 (line 89)
  0x000001dd985cc554: 688b 7d00 

  0x000001dd985cc558: ;   {other}
  0x000001dd985cc558: 0f1f 8400 | c807 0006 | 85c0 0f84 | a600 0000 | 448b 5c24 | 2841 8b6b | 0c44 8b55 

  0x000001dd985cc574: ;   {metadata('java/util/ArrayDeque')}
  0x000001dd985cc574: 0841 81fa | 325a 0020 | 0f85 ea07 | 0000 8b74 | 2440 85f6 | 0f84 5d09 | 0000 488b | dd44 8b43 
  0x000001dd985cc594: 148b 6b10 

  0x000001dd985cc598: ; implicit exception: dispatches to 0x000001dd985cd138
  0x000001dd985cc598: 418b 780c | 3bef 0f83 | 9407 0000 | 458b 5808 

  0x000001dd985cc5a8: ;   {metadata('java/lang/Object'[])}
  0x000001dd985cc5a8: 4181 fbac | b600 200f | 85d3 0700 | 004d 8bd0 | 4d8d 6ca8 | 1041 807f | 4000 0f85 | 7c03 0000 
  0x000001dd985cc5c8: 4189 7500 | 4c8b d64d | 8bdd 4d33 | d349 c1ea | 144d 85d2 | 7416 49c1 | eb09 4c8b | 4424 204d 
  0x000001dd985cc5e8: 03c3 4180 | 3802 0f85 | 8303 0000 | ffc5 3bef | 0f8d 2701 | 0000 896b | 1044 8b5b | 0c44 3bdd 
  0x000001dd985cc608: 0f84 1305 | 0000 488b | 5424 3866 | 9048 b8ff | ffff ffff 

  0x000001dd985cc61c: ;   {virtual_call}
  0x000001dd985cc61c: ffff ffe8 

  0x000001dd985cc620: ; ImmutableOopMap {[48]=Oop [56]=Oop }
                      ;*invokevirtual d2 {reexecute=0 rethrow=0 return_oop=0}
                      ; - com.android.tools.r8.internal.Qk0::b@183 (line 92)
  0x000001dd985cc620: 0c67 cfff 

  0x000001dd985cc624: ;   {other}
  0x000001dd985cc624: 0f1f 8400 | 9408 0007 | 85c0 7541 | 4881 c490 | 0000 005d 

  0x000001dd985cc638: ;   {poll_return}
  0x000001dd985cc638: 493b a748 | 0400 000f | 87d4 0b00 | 00c3 488b | f049 3bf5 | 0f84 da00 | 0000 418b | 490c 4183 
  0x000001dd985cc658: c202 453b | d00f 8df0 | 0100 0049 | 8bbf 5004 

  0x000001dd985cc668: ; ImmutableOopMap {r9=Oop rbx=NarrowOop rdx=Oop r13=Oop [48]=Oop [56]=Oop [64]=NarrowOop [104]=Oop }
                      ;*goto {reexecute=1 rethrow=0 return_oop=0}
                      ; - (reexecute) java.util.IdentityHashMap::put@70
                      ; - com.android.tools.r8.internal.Qk0::b@167 (line 88)
                      ;   {poll}
  0x000001dd985cc668: 0000 8507 | e99b fdff | ff48 8b54 | 2438 6666 | 9048 b8ff | ffff ffff 

  0x000001dd985cc680: ;   {virtual_call}
  0x000001dd985cc680: ffff ffe8 

  0x000001dd985cc684: ; ImmutableOopMap {[48]=Oop }
                      ;*invokevirtual j0 {reexecute=0 rethrow=0 return_oop=1}
                      ; - com.android.tools.r8.internal.Qk0::b@191 (line 93)
  0x000001dd985cc684: 7873 cfff 

  0x000001dd985cc688: ;   {other}
  0x000001dd985cc688: 0f1f 8400 | f808 0009 | 4c8b c048 | 8b54 2430 

  0x000001dd985cc698: ;   {optimized virtual_call}
  0x000001dd985cc698: 6666 90e8 

  0x000001dd985cc69c: ; ImmutableOopMap {}
                      ;*invokevirtual a {reexecute=0 rethrow=0 return_oop=0}
                      ; - com.android.tools.r8.internal.Qk0::b@194 (line 93)
  0x000001dd985cc69c: c011 5e01 

  0x000001dd985cc6a0: ;   {other}
  0x000001dd985cc6a0: 0f1f 8400 | 1009 000a 

  0x000001dd985cc6a8: ;   {metadata('com/android/tools/r8/internal/d3')}
  0x000001dd985cc6a8: eb86 81fd | b240 3c20 | 0f85 8208 | 0000 4c8b | 5424 384c | 8954 2440 | 498b d241 | b801 0000 
  0x000001dd985cc6c8: 0048 8b6c 

  0x000001dd985cc6cc: ;   {optimized virtual_call}
  0x000001dd985cc6cc: 2430 90e8 

  0x000001dd985cc6d0: ; ImmutableOopMap {rbp=Oop [48]=Oop [56]=Oop [64]=Oop }
                      ;*invokevirtual b {reexecute=0 rethrow=0 return_oop=0}
                      ; - com.android.tools.r8.internal.Qk0::b@27 (line 71)
  0x000001dd985cc6d0: ecdd 2d01 

  0x000001dd985cc6d4: ;   {other}
  0x000001dd985cc6d4: 0f1f 8400 | 4409 000b | 448b 450c 

  0x000001dd985cc6e0: ; implicit exception: dispatches to 0x000001dd985cd160
  0x000001dd985cc6e0: 458b 5014 

  0x000001dd985cc6e4: ; implicit exception: dispatches to 0x000001dd985cd174
  0x000001dd985cc6e4: 418b 6a10 

  0x000001dd985cc6e8: ; implicit exception: dispatches to 0x000001dd985cd188
  0x000001dd985cc6e8: 448b 4508 

  0x000001dd985cc6ec: ;   {metadata('com/android/tools/r8/graph/j1')}
  0x000001dd985cc6ec: 4181 f8c0 | aa34 200f | 8543 0900 | 004c 8bd5 | 418b 6a30 

  0x000001dd985cc700: ; implicit exception: dispatches to 0x000001dd985cd1a4
  0x000001dd985cc700: 448b 5508 

  0x000001dd985cc704: ;   {metadata('com/android/tools/r8/internal/Qi')}
  0x000001dd985cc704: 4181 fad2 | 2c35 200f | 854b 0800 

  0x000001dd985cc710: ;   {oop(a 'com/android/tools/r8/internal/Es0'{0x000000009465d288})}
  0x000001dd985cc710: 0049 ba88 | d265 9400 | 0000 004c | 8954 2468 | e984 faff | ff33 ede9 | d2fe ffff | 3bf9 0f83 
  0x000001dd985cc730: 4808 0000 

  0x000001dd985cc734: ;   {metadata('java/lang/Object'[])}
  0x000001dd985cc734: 4181 fbac | b600 200f | 856f 0800 | 0041 807f | 4000 0f85 | 4a04 0000 | 4189 1e4c | 8b54 2468 
  0x000001dd985cc754: 4d8b de4d | 33d3 49c1 | ea14 4d85 | d20f 84ab | fdff ff49 | c1eb 0948 | b900 009b | a0dd 0100 
  0x000001dd985cc774: 0049 03cb | 8039 020f | 8491 fdff | ff4d 8b57 | 484d 8b5f | 58f0 8344 | 24c0 0080 | 3900 0f84 
  0x000001dd985cc794: 7afd ffff | 4488 214d | 85d2 751d | 498b d749 | ba50 ed68 | 8cf8 7f00 | 0041 ffd2 

  0x000001dd985cc7b0: ;   {other}
  0x000001dd985cc7b0: 0f1f 8400 | 0000 0000 | e955 fdff | ff4b 894c | 13f8 4983 | c2f8 4d89 | 5748 e943 

  0x000001dd985cc7cc: ;   {optimized virtual_call}
  0x000001dd985cc7cc: fdff ffe8 

  0x000001dd985cc7d0: ; ImmutableOopMap {[36]=NarrowOop [40]=Oop [48]=Oop [56]=Oop [64]=NarrowOop [80]=Oop [96]=Oop [104]=Oop }
                      ;*invokevirtual resize {reexecute=0 rethrow=0 return_oop=0}
                      ; - java.util.IdentityHashMap::put@96
                      ; - com.android.tools.r8.internal.Qk0::b@167 (line 88)
  0x000001dd985cc7d0: 2c4d 3d00 

  0x000001dd985cc7d4: ;   {other}
  0x000001dd985cc7d4: 0f1f 8400 | 440a 000c | 85c0 0f84 | 1108 0000 | 4d8b 9750 

  0x000001dd985cc7e8: ; ImmutableOopMap {[36]=NarrowOop [40]=Oop [48]=Oop [56]=Oop [64]=NarrowOop [96]=Oop [104]=Oop }
                      ;*goto {reexecute=1 rethrow=0 return_oop=0}
                      ; - (reexecute) java.util.IdentityHashMap::put@102
                      ; - com.android.tools.r8.internal.Qk0::b@167 (line 88)
                      ;   {poll}
  0x000001dd985cc7e8: 0400 0041 | 8502 448b | 5424 4045 | 8b5a 1c41 | 8b4b 0c4c | 8b6c 2460 | 4d8b 5500 | 4d8b cb4d 
  0x000001dd985cc808: 8bda 4983 | e303 4983 | fb01 0f85 | ce03 0000 | 49c1 ea08 | 418b c225 | ffff ff7f | 85c0 0f84 
  0x000001dd985cc828: ba03 0000 | 448d 41ff | 448d 1400 | c1e0 0844 | 2bd0 4523 | d044 8bc1 | 488b 5424 | 288b 5c24 
  0x000001dd985cc848: 2448 8b6c | 2448 e9b9 | fbff ff45 | 33d2 e908 | feff ff33 | c0e9 def9 | ffff 4533 | d2e9 b1fa 
  0x000001dd985cc868: ffff 4889 | 5c24 6044 | 8944 2454 | 4889 4c24 | 5844 894c | 2450 4489 | 5c24 4c44 | 8954 2448 
  0x000001dd985cc888: 48ff 7424 | 6848 8f44 | 2440 48ff | 7424 3048 | 8f44 2428 | 48ff 7424 | 3848 8f44 | 2420 488b 
  0x000001dd985cc8a8: ;   {static_call}
  0x000001dd985cc8a8: d166 90e8 

  0x000001dd985cc8ac: ; ImmutableOopMap {rbp=Oop [32]=Oop [40]=Oop [64]=Oop [72]=NarrowOop [76]=NarrowOop [80]=NarrowOop [88]=Oop [96]=Oop }
                      ;*invokestatic identityHashCode {reexecute=0 rethrow=0 return_oop=0}
                      ; - java.util.IdentityHashMap::hash@1
                      ; - java.util.IdentityHashMap::get@17
                      ; - java.util.Map::getOrDefault@2
                      ; - com.android.tools.r8.internal.Qk0::b@97 (line 81)
  0x000001dd985cc8ac: a8b8 ffff 

  0x000001dd985cc8b0: ;   {other}
  0x000001dd985cc8b0: 0f1f 8400 | 200b 000e | 48ff 7424 | 2048 8f44 | 2438 48ff | 7424 2848 | 8f44 2430 | 48ff 7424 
  0x000001dd985cc8d0: 4048 8f44 | 2468 448b | 5424 4844 | 8b5c 244c | 448b 4c24 | 5048 8b4c | 2458 448b | 4424 5448 
  0x000001dd985cc8f0: 8b5c 2460 | e903 f9ff | ff4c 894c | 2458 4889 | 5424 5089 | 4c24 444c | 896c 2448 | 488b 6c24 
  0x000001dd985cc910: 3849 8bd5 

  0x000001dd985cc914: ;   {static_call}
  0x000001dd985cc914: 6666 90e8 

  0x000001dd985cc918: ; ImmutableOopMap {rbp=Oop [48]=Oop [64]=NarrowOop [72]=Oop [80]=Oop [88]=Oop [104]=Oop }
                      ;*invokestatic identityHashCode {reexecute=0 rethrow=0 return_oop=0}
                      ; - java.util.IdentityHashMap::hash@1
                      ; - java.util.IdentityHashMap::put@19
                      ; - com.android.tools.r8.internal.Qk0::b@167 (line 88)
  0x000001dd985cc918: 6427 8aff 

  0x000001dd985cc91c: ;   {other}
  0x000001dd985cc91c: 0f1f 8400 | 8c0b 000f | 4889 6c24 | 384c 8b6c | 2448 8b4c | 2444 488b | 5424 504c | 8b4c 2458 
  0x000001dd985cc93c: 448b d0e9 | 9ffa ffff | 458b 5d00 | 4585 db0f | 8477 fcff | ff4d 8b57 | 2849 8bcb | 4d85 d20f 
  0x000001dd985cc95c: 8433 0500 | 004d 8b5f | 384b 894c | 13f8 4983 | c2f8 4d89 | 5728 e951 | fcff ff4d | 8b57 484d 
  0x000001dd985cc97c: 8b5f 58f0 | 8344 24c0 | 0041 8038 | 0074 3245 | 8820 4d85 | d274 0f4f | 8944 13f8 | 4983 c2f8 
  0x000001dd985cc99c: 4d89 5748 | eb1b 498b | c849 8bd7 | 49ba 50ed | 688c f87f | 0000 41ff 

  0x000001dd985cc9b4: ;   {other}
  0x000001dd985cc9b4: d20f 1f84 | 0000 0000 | 008b 6b10 | e92f fcff | ff44 8b16 | 4585 d20f | 84bc faff | ff4d 8b5f 
  0x000001dd985cc9d4: 2849 8bca | 4d85 db0f | 84d0 0400 | 004d 8b57 | 384b 894c | 1af8 4983 | c3f8 4d89 | 5f28 e996 
  0x000001dd985cc9f4: faff ff45 | 8b16 4585 | d20f 84d1 | faff ff4d | 8b5f 2849 | 8bca 4d85 | db0f 84bb | 0400 004d 
  0x000001dd985cca14: 8b57 384b | 894c 1af8 | 4983 c3f8 | 4d89 5f28 | e9ab faff | ff4d 8b57 | 484d 8b5f | 58f0 8344 
  0x000001dd985cca34: 24c0 0080 | 3900 0f84 | 7ffa ffff | 4488 214d | 85d2 751d | 498b d749 | ba50 ed68 | 8cf8 7f00 
  0x000001dd985cca54: 0041 ffd2 

  0x000001dd985cca58: ;   {other}
  0x000001dd985cca58: 0f1f 8400 | 0000 0000 | e95a faff | ff4b 894c | 13f8 4983 | c2f8 4d89 | 5748 e948 | faff ff4d 
  0x000001dd985cca78: 8b57 484d | 8b5f 58f0 | 8344 24c0 | 0080 3900 | 0f84 7cfa | ffff 4488 | 214d 85d2 | 751d 498b 
  0x000001dd985cca98: d749 ba50 | ed68 8cf8 | 7f00 0041 

  0x000001dd985ccaa4: ;   {other}
  0x000001dd985ccaa4: ffd2 0f1f | 8400 0000 | 0000 e957 | faff ff4b | 894c 13f8 | 4983 c2f8 | 4d89 5748 | e945 faff 
  0x000001dd985ccac4: ff89 4c24 | 5489 5c24 | 5048 897c | 2448 48ff | 7424 3048 | 8f44 2428 | 48ff 7424 | 3848 8f44 
  0x000001dd985ccae4: 2420 488b 

  0x000001dd985ccae8: ;   {static_call}
  0x000001dd985ccae8: d766 90e8 

  0x000001dd985ccaec: ; ImmutableOopMap {rbp=Oop [32]=Oop [40]=Oop [72]=Oop [80]=NarrowOop [104]=Oop }
                      ;*invokestatic identityHashCode {reexecute=0 rethrow=0 return_oop=0}
                      ; - java.util.IdentityHashMap::hash@1
                      ; - java.util.IdentityHashMap::containsKey@17
                      ; - java.util.Map::getOrDefault@14
                      ; - com.android.tools.r8.internal.Qk0::b@97 (line 81)
  0x000001dd985ccaec: 9025 8aff 

  0x000001dd985ccaf0: ;   {other}
  0x000001dd985ccaf0: 0f1f 8400 | 600d 0010 | 48ff 7424 | 2048 8f44 | 2438 48ff | 7424 2848 | 8f44 2430 | 488b 7c24 
  0x000001dd985ccb10: 488b 5c24 | 508b 4c24 | 5444 8bd0 | e9bf f7ff | ff48 8bd3 | 41b8 0100 

  0x000001dd985ccb28: ;   {optimized virtual_call}
  0x000001dd985ccb28: 0000 90e8 

  0x000001dd985ccb2c: ; ImmutableOopMap {[48]=Oop [56]=Oop }
                      ;*invokevirtual grow {reexecute=0 rethrow=0 return_oop=0}
                      ; - java.util.ArrayDeque::addLast@47
                      ; - com.android.tools.r8.internal.Vu0::b@18 (line 3)
                      ; - com.android.tools.r8.internal.Qk0::b@178 (line 89)
  0x000001dd985ccb2c: d03c 0e00 

  0x000001dd985ccb30: ;   {other}
  0x000001dd985ccb30: 0f1f 8400 | a00d 0011 | e9d1 faff | ff44 894c | 2440 48ff | 7424 3048 | 8f44 2428 | 48ff 7424 
  0x000001dd985ccb50: 3848 8f44 

  0x000001dd985ccb54: ;   {metadata('com/android/tools/r8/internal/Qk0$$Lambda+0x0000000101ed04d0')}
  0x000001dd985ccb54: 2420 48ba | d004 ed01 | 0100 0000 

  0x000001dd985ccb60: ;   {runtime_call _new_instance_Java}
  0x000001dd985ccb60: 6666 90e8 

  0x000001dd985ccb64: ; ImmutableOopMap {rbp=NarrowOop [32]=Oop [40]=Oop [56]=Oop [64]=NarrowOop }
                      ;*invokevirtual allocateInstance {reexecute=0 rethrow=0 return_oop=1}
                      ; - java.lang.invoke.DirectMethodHandle::allocateInstance@12
                      ; - java.lang.invoke.DirectMethodHandle$Holder::newInvokeSpecial@1
                      ; - java.lang.invoke.Invokers$Holder::linkToTargetMethod@5
                      ; - com.android.tools.r8.internal.Qk0::b@69 (line 78)
  0x000001dd985ccb64: 1843 96ff 

  0x000001dd985ccb68: ;   {other}
  0x000001dd985ccb68: 0f1f 8400 | d80d 0012 | 488b f848 | ff74 2428 | 488f 4424 | 3044 8b4c | 2440 e9ef 

  0x000001dd985ccb84: ;   {oop(a 'java/lang/Object'{0x000000008211a5f0})}
  0x000001dd985ccb84: f5ff ff48 | b9f0 a511 | 8200 0000 | 00e9 35f6 | ffff 458b | 1e45 85db | 0f84 aafb | ffff 4d8b 
  0x000001dd985ccba4: 5728 498b | cb4d 85d2 | 0f84 2604 | 0000 4d8b | 5f38 4b89 | 4c13 f849 | 83c2 f84d | 8957 28e9 
  0x000001dd985ccbc4: 84fb ffff 

  0x000001dd985ccbc8: ;   {oop(a 'java/lang/Object'{0x000000008211a5f0})}
  0x000001dd985ccbc8: 49bd f0a5 | 1182 0000 | 0000 e9d1 

  0x000001dd985ccbd4: ;   {oop(a 'java/lang/Object'{0x000000008211a5f0})}
  0x000001dd985ccbd4: f7ff ff48 | bff0 a511 | 8200 0000 | 00e9 c5f6 | ffff 4c89 | 4c24 5889 | 4c24 204c | 896c 2450 
  0x000001dd985ccbf4: 8b6c 2440 

  0x000001dd985ccbf8: ;   {static_call}
  0x000001dd985ccbf8: 498b d5e8 

  0x000001dd985ccbfc: ; ImmutableOopMap {rbp=NarrowOop [36]=NarrowOop [40]=Oop [48]=Oop [56]=Oop [80]=Oop [88]=Oop [104]=Oop }
                      ;*invokestatic identityHashCode {reexecute=0 rethrow=0 return_oop=0}
                      ; - java.util.IdentityHashMap::hash@1
                      ; - java.util.IdentityHashMap::put@19
                      ; - com.android.tools.r8.internal.Qk0::b@167 (line 88)
  0x000001dd985ccbfc: 8024 8aff 

  0x000001dd985ccc00: ;   {other}
  0x000001dd985ccc00: 0f1f 8400 | 700e 0013 | 896c 2440 | 4c8b 6c24 | 508b 4c24 | 204c 8b4c | 2458 e90d | fcff ffba 
  0x000001dd985ccc20: e4ff ffff | 48ff 7424 | 3848 8f44 | 2420 48ff | 7424 3048 | 8f44 2428 | 4889 4424 | f88b 4424 
  0x000001dd985ccc40: 4089 4424 | 3048 8b44 | 24f8 4c89 | 6c24 4044 | 8944 2434 | 4c89 4c24 | 5844 8954 

  0x000001dd985ccc5c: ;   {runtime_call UncommonTrapBlob}
  0x000001dd985ccc5c: 2454 90e8 

  0x000001dd985ccc60: ; ImmutableOopMap {[32]=Oop [40]=Oop [48]=NarrowOop [64]=Oop [88]=Oop [104]=Oop }
                      ;*aaload {reexecute=0 rethrow=0 return_oop=0}
                      ; - java.util.IdentityHashMap::put@28
                      ; - com.android.tools.r8.internal.Qk0::b@167 (line 88)
  0x000001dd985ccc60: 9c79 8aff 

  0x000001dd985ccc64: ;   {other}
  0x000001dd985ccc64: 0f1f 8400 | d40e 0014 | ba45 ffff | ff48 8b6c 

  0x000001dd985ccc74: ;   {runtime_call UncommonTrapBlob}
  0x000001dd985ccc74: 2430 90e8 

  0x000001dd985ccc78: ; ImmutableOopMap {rbp=Oop [56]=Oop }
                      ;*ifne {reexecute=1 rethrow=0 return_oop=0}
                      ; - (reexecute) com.android.tools.r8.internal.Qk0::b@11 (line 67)
  0x000001dd985ccc78: 8479 8aff 

  0x000001dd985ccc7c: ;   {other}
  0x000001dd985ccc7c: 0f1f 8400 | ec0e 0015 | bae4 ffff | ff48 8b6c | 2430 48ff | 7424 3848 | 8f44 2420 | 4489 5424 
  0x000001dd985ccc9c: 3044 895c | 2434 4889 | 4c24 3844 | 8944 2444 | 4489 4c24 | 4c89 4424 

  0x000001dd985cccb4: ;   {runtime_call UncommonTrapBlob}
  0x000001dd985cccb4: 5066 90e8 

  0x000001dd985cccb8: ; ImmutableOopMap {rbp=Oop [32]=Oop [48]=NarrowOop [52]=NarrowOop [56]=Oop [76]=NarrowOop [104]=Oop }
                      ;*aaload {reexecute=0 rethrow=0 return_oop=0}
                      ; - java.util.IdentityHashMap::get@25
                      ; - java.util.Map::getOrDefault@2
                      ; - com.android.tools.r8.internal.Qk0::b@97 (line 81)
  0x000001dd985cccb8: 4479 8aff 

  0x000001dd985cccbc: ;   {other}
  0x000001dd985cccbc: 0f1f 8400 | 2c0f 0016 | bae4 ffff | ff48 8b6c | 2430 48ff | 7424 3848 | 8f44 2420 | 4489 5424 
  0x000001dd985cccdc: 3044 895c | 2434 4489 | 4c24 3889 

  0x000001dd985ccce8: ;   {runtime_call UncommonTrapBlob}
  0x000001dd985ccce8: 4c24 3ce8 

  0x000001dd985cccec: ; ImmutableOopMap {rbp=Oop [32]=Oop [48]=NarrowOop [52]=NarrowOop [56]=NarrowOop [104]=Oop }
                      ;*aaload {reexecute=0 rethrow=0 return_oop=0}
                      ; - java.util.IdentityHashMap::get@39
                      ; - java.util.Map::getOrDefault@2
                      ; - com.android.tools.r8.internal.Qk0::b@97 (line 81)
  0x000001dd985cccec: 1079 8aff 

  0x000001dd985cccf0: ;   {other}
  0x000001dd985cccf0: 0f1f 8400 | 600f 0017 | bade ffff | ff48 8b6c | 2430 894c | 2428 4489 | 5c24 3044 | 894c 2434 
  0x000001dd985ccd10: ;   {runtime_call UncommonTrapBlob}
  0x000001dd985ccd10: 6666 90e8 

  0x000001dd985ccd14: ; ImmutableOopMap {rbp=Oop [40]=NarrowOop [48]=NarrowOop [52]=NarrowOop [56]=Oop }
                      ;*invokeinterface add {reexecute=0 rethrow=0 return_oop=0}
                      ; - com.android.tools.r8.internal.Vu0::b@5 (line 2)
                      ; - com.android.tools.r8.internal.Qk0::b@178 (line 89)
  0x000001dd985ccd14: e878 8aff 

  0x000001dd985ccd18: ;   {other}
  0x000001dd985ccd18: 0f1f 8400 | 880f 0018 | bade ffff | ff41 8be8 

  0x000001dd985ccd28: ;   {runtime_call UncommonTrapBlob}
  0x000001dd985ccd28: 6666 90e8 

  0x000001dd985ccd2c: ; ImmutableOopMap {rbp=NarrowOop }
                      ;*checkcast {reexecute=0 rethrow=0 return_oop=0}
                      ; - com.android.tools.r8.internal.Qk0::b@102 (line 81)
  0x000001dd985ccd2c: d078 8aff 

  0x000001dd985ccd30: ;   {other}
  0x000001dd985ccd30: 0f1f 8400 | a00f 0019 | bae4 ffff | ff48 ff74 | 2430 488f | 4424 2048 | ff74 2438 | 488f 4424 
  0x000001dd985ccd50: 2889 7424 | 3048 895c | 2438 4489 

  0x000001dd985ccd5c: ;   {runtime_call UncommonTrapBlob}
  0x000001dd985ccd5c: 4424 40e8 

  0x000001dd985ccd60: ; ImmutableOopMap {[32]=Oop [40]=Oop [48]=NarrowOop [56]=Oop [64]=NarrowOop }
                      ;*aastore {reexecute=1 rethrow=0 return_oop=0}
                      ; - (reexecute) java.util.ArrayDeque::addLast@23
                      ; - com.android.tools.r8.internal.Vu0::b@18 (line 3)
                      ; - com.android.tools.r8.internal.Qk0::b@178 (line 89)
  0x000001dd985ccd60: 9c78 8aff 

  0x000001dd985ccd64: ;   {other}
  0x000001dd985ccd64: 0f1f 8400 | d40f 001a | bade ffff | ff48 ff74 | 2430 488f 

  0x000001dd985ccd78: ;   {runtime_call UncommonTrapBlob}
  0x000001dd985ccd78: 4424 20e8 

  0x000001dd985ccd7c: ; ImmutableOopMap {rbp=NarrowOop [32]=Oop [56]=Oop [64]=NarrowOop }
                      ;*invokevirtual addLast {reexecute=0 rethrow=0 return_oop=0}
                      ; - com.android.tools.r8.internal.Vu0::b@18 (line 3)
                      ; - com.android.tools.r8.internal.Qk0::b@178 (line 89)
  0x000001dd985ccd7c: 8078 8aff 

  0x000001dd985ccd80: ;   {other}
  0x000001dd985ccd80: 0f1f 8400 | f00f 001b | bad6 ffff | ff48 ff74 | 2430 488f | 4424 2048 | ff74 2438 | 488f 4424 
  0x000001dd985ccda0: 2889 7424 | 3048 895c | 2438 4489 

  0x000001dd985ccdac: ;   {runtime_call UncommonTrapBlob}
  0x000001dd985ccdac: 4424 40e8 

  0x000001dd985ccdb0: ; ImmutableOopMap {[32]=Oop [40]=Oop [48]=NarrowOop [56]=Oop [64]=NarrowOop }
                      ;*aastore {reexecute=1 rethrow=0 return_oop=0}
                      ; - (reexecute) java.util.ArrayDeque::addLast@23
                      ; - com.android.tools.r8.internal.Vu0::b@18 (line 3)
                      ; - com.android.tools.r8.internal.Qk0::b@178 (line 89)
  0x000001dd985ccdb0: 4c78 8aff 

  0x000001dd985ccdb4: ;   {other}
  0x000001dd985ccdb4: 0f1f 8400 | 2410 001c | bae4 ffff | ff48 ff74 | 2438 488f | 4424 2848 | 8944 24f8 | 8b44 2440 
  0x000001dd985ccdd4: 8944 2438 | 488b 4424 | f889 7c24 

  0x000001dd985ccde0: ;   {runtime_call UncommonTrapBlob}
  0x000001dd985ccde0: 3c66 90e8 

  0x000001dd985ccde4: ; ImmutableOopMap {[40]=Oop [48]=Oop [56]=NarrowOop [80]=Oop [104]=Oop }
                      ;*aastore {reexecute=1 rethrow=0 return_oop=0}
                      ; - (reexecute) java.util.IdentityHashMap::put@128
                      ; - com.android.tools.r8.internal.Qk0::b@167 (line 88)
  0x000001dd985ccde4: 1878 8aff 

  0x000001dd985ccde8: ;   {other}
  0x000001dd985ccde8: 0f1f 8400 | 5810 001d | bad6 ffff | ff48 ff74 | 2438 488f | 4424 2848 | 8944 24f8 | 8b44 2440 
  0x000001dd985cce08: 8944 2438 | 488b 4424 

  0x000001dd985cce10: ;   {runtime_call UncommonTrapBlob}
  0x000001dd985cce10: f866 90e8 

  0x000001dd985cce14: ; ImmutableOopMap {[40]=Oop [48]=Oop [56]=NarrowOop [80]=Oop [96]=Oop [104]=Oop }
                      ;*aastore {reexecute=1 rethrow=0 return_oop=0}
                      ; - (reexecute) java.util.IdentityHashMap::put@120
                      ; - com.android.tools.r8.internal.Qk0::b@167 (line 88)
  0x000001dd985cce14: e877 8aff 

  0x000001dd985cce18: ;   {other}
  0x000001dd985cce18: 0f1f 8400 | 8810 001e | bae4 ffff | ff48 8b6c | 2430 48ff | 7424 3848 | 8f44 2420 | 4489 5424 
  0x000001dd985cce38: 3044 895c | 2434 4889 | 4c24 3844 | 8944 2444 | 4489 4c24 | 4c89 4424 

  0x000001dd985cce50: ;   {runtime_call UncommonTrapBlob}
  0x000001dd985cce50: 5066 90e8 

  0x000001dd985cce54: ; ImmutableOopMap {rbp=Oop [32]=Oop [48]=NarrowOop [52]=NarrowOop [56]=Oop [76]=NarrowOop [104]=Oop }
                      ;*aaload {reexecute=0 rethrow=0 return_oop=0}
                      ; - java.util.IdentityHashMap::get@25
                      ; - java.util.Map::getOrDefault@2
                      ; - com.android.tools.r8.internal.Qk0::b@97 (line 81)
  0x000001dd985cce54: a877 8aff 

  0x000001dd985cce58: ;   {other}
  0x000001dd985cce58: 0f1f 8400 | c810 001f | bae4 ffff | ff48 8b6c | 2430 48ff | 7424 3848 | 8f44 2420 | 4889 7c24 
  0x000001dd985cce78: 3089 4c24 | 3c89 5c24 | 4444 8954 

  0x000001dd985cce84: ;   {runtime_call UncommonTrapBlob}
  0x000001dd985cce84: 2448 90e8 

  0x000001dd985cce88: ; ImmutableOopMap {rbp=Oop [32]=Oop [48]=Oop [68]=NarrowOop [104]=Oop }
                      ;*aaload {reexecute=0 rethrow=0 return_oop=0}
                      ; - java.util.IdentityHashMap::containsKey@25
                      ; - java.util.Map::getOrDefault@14
                      ; - com.android.tools.r8.internal.Qk0::b@97 (line 81)
  0x000001dd985cce88: 7477 8aff 

  0x000001dd985cce8c: ;   {other}
  0x000001dd985cce8c: 0f1f 8400 | fc10 0020 | 498b d749 | ba70 ed68 | 8cf8 7f00 | 0041 ffd2 

  0x000001dd985ccea4: ;   {other}
  0x000001dd985ccea4: 0f1f 8400 | 0000 0000 | e917 f7ff | ff49 8bd7 | 49ba 70ed | 688c f87f | 0000 41ff 

  0x000001dd985ccec0: ;   {other}
  0x000001dd985ccec0: d20f 1f84 | 0000 0000 | 00e9 bff5 | ffff 498b | d749 ba70 | ed68 8cf8 | 7f00 0041 

  0x000001dd985ccedc: ;   {other}
  0x000001dd985ccedc: ffd2 0f1f | 8400 0000 | 0000 e9e9 | f5ff ffba | 45ff ffff | 8974 242c 

  0x000001dd985ccef4: ;   {runtime_call UncommonTrapBlob}
  0x000001dd985ccef4: 6666 90e8 

  0x000001dd985ccef8: ; ImmutableOopMap {[44]=NarrowOop [48]=Oop [56]=Oop [64]=NarrowOop }
                      ;*ifnonnull {reexecute=1 rethrow=0 return_oop=0}
                      ; - (reexecute) java.util.ArrayDeque::addLast@1
                      ; - com.android.tools.r8.internal.Vu0::b@18 (line 3)
                      ; - com.android.tools.r8.internal.Qk0::b@178 (line 89)
  0x000001dd985ccef8: 0477 8aff 

  0x000001dd985ccefc: ;   {other}
  0x000001dd985ccefc: 0f1f 8400 | 6c11 0021 | bae4 ffff | ff48 8b6c | 2430 48ff | 7424 3848 | 8f44 2420 | 4889 7c24 
  0x000001dd985ccf1c: 3089 4c24 | 3c89 5c24 | 4444 8954 

  0x000001dd985ccf28: ;   {runtime_call UncommonTrapBlob}
  0x000001dd985ccf28: 2448 90e8 

  0x000001dd985ccf2c: ; ImmutableOopMap {rbp=Oop [32]=Oop [48]=Oop [68]=NarrowOop [104]=Oop }
                      ;*aaload {reexecute=0 rethrow=0 return_oop=0}
                      ; - java.util.IdentityHashMap::containsKey@25
                      ; - java.util.Map::getOrDefault@14
                      ; - com.android.tools.r8.internal.Qk0::b@97 (line 81)
  0x000001dd985ccf2c: d076 8aff 

  0x000001dd985ccf30: ;   {other}
  0x000001dd985ccf30: 0f1f 8400 | a011 0022 | bade ffff | ff48 8b6c | 2430 48ff | 7424 3848 | 8f44 2420 

  0x000001dd985ccf4c: ;   {runtime_call UncommonTrapBlob}
  0x000001dd985ccf4c: 6666 90e8 

  0x000001dd985ccf50: ; ImmutableOopMap {rbp=Oop [32]=Oop }
                      ;*invokevirtual t {reexecute=0 rethrow=0 return_oop=0}
                      ; - com.android.tools.r8.internal.Qk0::b@23 (line 70)
  0x000001dd985ccf50: ac76 8aff 

  0x000001dd985ccf54: ;   {other}
  0x000001dd985ccf54: 0f1f 8400 | c411 0023 | bade ffff | ff48 ff74 | 2430 488f | 4424 2089 

  0x000001dd985ccf6c: ;   {runtime_call UncommonTrapBlob}
  0x000001dd985ccf6c: 4424 30e8 

  0x000001dd985ccf70: ; ImmutableOopMap {rbp=NarrowOop [32]=Oop [64]=Oop }
                      ;*invokevirtual j {reexecute=0 rethrow=0 return_oop=0}
                      ; - com.android.tools.r8.internal.Qk0::b@40 (line 73)
  0x000001dd985ccf70: 8c76 8aff 

  0x000001dd985ccf74: ;   {other}
  0x000001dd985ccf74: 0f1f 8400 | e411 0024 | bae4 ffff | ff48 ff74 | 2438 488f | 4424 2048 | ff74 2430 | 488f 4424 
  0x000001dd985ccf94: 2844 8954 | 2440 4c89 | 4c24 4889 

  0x000001dd985ccfa0: ;   {runtime_call UncommonTrapBlob}
  0x000001dd985ccfa0: 7c24 44e8 

  0x000001dd985ccfa4: ; ImmutableOopMap {[32]=Oop [40]=Oop [72]=Oop [104]=Oop }
                      ;*aaload {reexecute=0 rethrow=0 return_oop=0}
                      ; - java.util.IdentityHashMap::put@47
                      ; - com.android.tools.r8.internal.Qk0::b@167 (line 88)
  0x000001dd985ccfa4: 5876 8aff 

  0x000001dd985ccfa8: ;   {other}
  0x000001dd985ccfa8: 0f1f 8400 | 1812 0025 | 418b 2eba | d6ff ffff | 48ff 7424 | 3848 8f44 | 2428 4c89 | 4c24 3889 
  0x000001dd985ccfc8: ;   {runtime_call UncommonTrapBlob}
  0x000001dd985ccfc8: 7c24 40e8 

  0x000001dd985ccfcc: ; ImmutableOopMap {rbp=NarrowOop [40]=Oop [48]=Oop [56]=Oop [104]=Oop }
                      ;*aastore {reexecute=1 rethrow=0 return_oop=0}
                      ; - (reexecute) java.util.IdentityHashMap::put@57
                      ; - com.android.tools.r8.internal.Qk0::b@167 (line 88)
  0x000001dd985ccfcc: 3076 8aff 

  0x000001dd985ccfd0: ;   {other}
  0x000001dd985ccfd0: 0f1f 8400 | 4012 0026 | 498b d749 | ba70 ed68 | 8cf8 7f00 | 0041 ffd2 

  0x000001dd985ccfe8: ;   {other}
  0x000001dd985ccfe8: 0f1f 8400 | 0000 0000 | e957 f7ff | ffba 45ff | ffff 48ff | 7424 3848 | 8f44 2428 | 4889 4424 
  0x000001dd985cd008: f88b 4424 | 4089 4424 | 3848 8b44 | 24f8 4889 | 4424 f88b | 4424 5889 | 4424 3c48 | 8b44 24f8 
  0x000001dd985cd028: 8944 2458 

  0x000001dd985cd02c: ;   {runtime_call UncommonTrapBlob}
  0x000001dd985cd02c: 6666 90e8 

  0x000001dd985cd030: ; ImmutableOopMap {[40]=Oop [48]=Oop [56]=NarrowOop [80]=Oop [96]=Oop [104]=Oop }
                      ;*ifeq {reexecute=1 rethrow=0 return_oop=0}
                      ; - (reexecute) java.util.IdentityHashMap::put@99
                      ; - com.android.tools.r8.internal.Qk0::b@167 (line 88)
  0x000001dd985cd030: cc75 8aff 

  0x000001dd985cd034: ;   {other}
  0x000001dd985cd034: 0f1f 8400 | a412 0027 | bade ffff | ff48 ff74 | 2430 488f | 4424 2089 

  0x000001dd985cd04c: ;   {runtime_call UncommonTrapBlob}
  0x000001dd985cd04c: 4424 30e8 

  0x000001dd985cd050: ; ImmutableOopMap {rbp=NarrowOop [32]=Oop [64]=Oop }
                      ;*checkcast {reexecute=0 rethrow=0 return_oop=0}
                      ; - com.android.tools.r8.graph.H0::D@4 (line 1)
                      ; - com.android.tools.r8.internal.Qk0::b@37 (line 73)
  0x000001dd985cd050: ac75 8aff 

  0x000001dd985cd054: ;   {other}
  0x000001dd985cd054: 0f1f 8400 | c412 0028 | baf6 ffff 

  0x000001dd985cd060: ;   {runtime_call UncommonTrapBlob}
  0x000001dd985cd060: ff66 90e8 

  0x000001dd985cd064: ; ImmutableOopMap {}
                      ;*invokevirtual d1 {reexecute=0 rethrow=0 return_oop=0}
                      ; - com.android.tools.r8.internal.Qk0::b@1 (line 66)
  0x000001dd985cd064: 9875 8aff 

  0x000001dd985cd068: ;   {other}
  0x000001dd985cd068: 0f1f 8400 | d812 0029 | baf6 ffff | ff41 8beb 

  0x000001dd985cd078: ;   {runtime_call UncommonTrapBlob}
  0x000001dd985cd078: 6666 90e8 

  0x000001dd985cd07c: ; ImmutableOopMap {rbp=NarrowOop }
                      ;*invokeinterface getOrDefault {reexecute=0 rethrow=0 return_oop=0}
                      ; - com.android.tools.r8.internal.Qk0::b@97 (line 81)
  0x000001dd985cd07c: 8075 8aff 

  0x000001dd985cd080: ;   {other}
  0x000001dd985cd080: 0f1f 8400 | f012 002a | baf6 ffff 

  0x000001dd985cd08c: ;   {runtime_call UncommonTrapBlob}
  0x000001dd985cd08c: ff66 90e8 

  0x000001dd985cd090: ; ImmutableOopMap {}
                      ;*arraylength {reexecute=0 rethrow=0 return_oop=0}
                      ; - java.util.IdentityHashMap::get@11
                      ; - java.util.Map::getOrDefault@2
                      ; - com.android.tools.r8.internal.Qk0::b@97 (line 81)
  0x000001dd985cd090: 6c75 8aff 

  0x000001dd985cd094: ;   {other}
  0x000001dd985cd094: 0f1f 8400 | 0413 002b | baf6 ffff 

  0x000001dd985cd0a0: ;   {runtime_call UncommonTrapBlob}
  0x000001dd985cd0a0: ff66 90e8 

  0x000001dd985cd0a4: ; ImmutableOopMap {}
                      ;*getfield a {reexecute=1 rethrow=0 return_oop=0}
                      ; - (reexecute) com.android.tools.r8.internal.Qk0::b@58 (line 77)
  0x000001dd985cd0a4: 5875 8aff 

  0x000001dd985cd0a8: ;   {other}
  0x000001dd985cd0a8: 0f1f 8400 | 1813 002c | baf6 ffff 

  0x000001dd985cd0b4: ;   {runtime_call UncommonTrapBlob}
  0x000001dd985cd0b4: ff66 90e8 

  0x000001dd985cd0b8: ; ImmutableOopMap {}
                      ;*invokevirtual i {reexecute=0 rethrow=0 return_oop=0}
                      ; - com.android.tools.r8.internal.Qk0::b@65 (line 78)
  0x000001dd985cd0b8: 4475 8aff 

  0x000001dd985cd0bc: ;   {other}
  0x000001dd985cd0bc: 0f1f 8400 | 2c13 002d | baf6 ffff | ff41 8beb 

  0x000001dd985cd0cc: ;   {runtime_call UncommonTrapBlob}
  0x000001dd985cd0cc: 6666 90e8 

  0x000001dd985cd0d0: ; ImmutableOopMap {rbp=NarrowOop [104]=Oop }
                      ;*invokevirtual put {reexecute=0 rethrow=0 return_oop=0}
                      ; - com.android.tools.r8.internal.Qk0::b@167 (line 88)
  0x000001dd985cd0d0: 2c75 8aff 

  0x000001dd985cd0d4: ;   {other}
  0x000001dd985cd0d4: 0f1f 8400 | 4413 002e | baf6 ffff 

  0x000001dd985cd0e0: ;   {runtime_call UncommonTrapBlob}
  0x000001dd985cd0e0: ff66 90e8 

  0x000001dd985cd0e4: ; ImmutableOopMap {}
                      ;*arraylength {reexecute=0 rethrow=0 return_oop=0}
                      ; - java.util.IdentityHashMap::put@13
                      ; - com.android.tools.r8.internal.Qk0::b@167 (line 88)
  0x000001dd985cd0e4: 1875 8aff 

  0x000001dd985cd0e8: ;   {other}
  0x000001dd985cd0e8: 0f1f 8400 | 5813 002f | baf6 ffff | ff41 8be9 

  0x000001dd985cd0f8: ;   {runtime_call UncommonTrapBlob}
  0x000001dd985cd0f8: 6666 90e8 

  0x000001dd985cd0fc: ; ImmutableOopMap {rbp=NarrowOop }
                      ;*invokevirtual b {reexecute=0 rethrow=0 return_oop=0}
                      ; - com.android.tools.r8.internal.Qk0::b@178 (line 89)
  0x000001dd985cd0fc: 0075 8aff 

  0x000001dd985cd100: ;   {other}
  0x000001dd985cd100: 0f1f 8400 | 7013 0030 | baf6 ffff | ff41 8be9 

  0x000001dd985cd110: ;   {runtime_call UncommonTrapBlob}
  0x000001dd985cd110: 6666 90e8 

  0x000001dd985cd114: ; ImmutableOopMap {rbp=NarrowOop }
                      ;*invokeinterface add {reexecute=0 rethrow=0 return_oop=0}
                      ; - com.android.tools.r8.internal.Vu0::b@5 (line 2)
                      ; - com.android.tools.r8.internal.Qk0::b@178 (line 89)
  0x000001dd985cd114: e874 8aff 

  0x000001dd985cd118: ;   {other}
  0x000001dd985cd118: 0f1f 8400 | 8813 0031 | baf6 ffff | ff8b 6c24 

  0x000001dd985cd128: ;   {runtime_call UncommonTrapBlob}
  0x000001dd985cd128: 4066 90e8 

  0x000001dd985cd12c: ; ImmutableOopMap {rbp=NarrowOop }
                      ;*invokevirtual addLast {reexecute=0 rethrow=0 return_oop=0}
                      ; - com.android.tools.r8.internal.Vu0::b@18 (line 3)
                      ; - com.android.tools.r8.internal.Qk0::b@178 (line 89)
  0x000001dd985cd12c: d074 8aff 

  0x000001dd985cd130: ;   {other}
  0x000001dd985cd130: 0f1f 8400 | a013 0032 | baf6 ffff 

  0x000001dd985cd13c: ;   {runtime_call UncommonTrapBlob}
  0x000001dd985cd13c: ff66 90e8 

  0x000001dd985cd140: ; ImmutableOopMap {[64]=NarrowOop }
                      ;*aastore {reexecute=1 rethrow=0 return_oop=0}
                      ; - (reexecute) java.util.ArrayDeque::addLast@23
                      ; - com.android.tools.r8.internal.Vu0::b@18 (line 3)
                      ; - com.android.tools.r8.internal.Qk0::b@178 (line 89)
  0x000001dd985cd140: bc74 8aff 

  0x000001dd985cd144: ;   {other}
  0x000001dd985cd144: 0f1f 8400 | b413 0033 | baf6 ffff 

  0x000001dd985cd150: ;   {runtime_call UncommonTrapBlob}
  0x000001dd985cd150: ff66 90e8 

  0x000001dd985cd154: ; ImmutableOopMap {}
                      ;*arraylength {reexecute=0 rethrow=0 return_oop=0}
                      ; - java.util.IdentityHashMap::containsKey@11
                      ; - java.util.Map::getOrDefault@14
                      ; - com.android.tools.r8.internal.Qk0::b@97 (line 81)
  0x000001dd985cd154: a874 8aff 

  0x000001dd985cd158: ;   {other}
  0x000001dd985cd158: 0f1f 8400 | c813 0034 | baf6 ffff 

  0x000001dd985cd164: ;   {runtime_call UncommonTrapBlob}
  0x000001dd985cd164: ff66 90e8 

  0x000001dd985cd168: ; ImmutableOopMap {}
                      ;*invokevirtual i {reexecute=0 rethrow=0 return_oop=0}
                      ; - com.android.tools.r8.internal.Qk0::b@34 (line 73)
  0x000001dd985cd168: 9474 8aff 

  0x000001dd985cd16c: ;   {other}
  0x000001dd985cd16c: 0f1f 8400 | dc13 0035 | baf6 ffff 

  0x000001dd985cd178: ;   {runtime_call UncommonTrapBlob}
  0x000001dd985cd178: ff66 90e8 

  0x000001dd985cd17c: ; ImmutableOopMap {}
                      ;*invokevirtual D {reexecute=0 rethrow=0 return_oop=0}
                      ; - com.android.tools.r8.internal.Qk0::b@37 (line 73)
  0x000001dd985cd17c: 8074 8aff 

  0x000001dd985cd180: ;   {other}
  0x000001dd985cd180: 0f1f 8400 | f013 0036 | baf4 ffff | ff48 8b6c | 2430 8944 

  0x000001dd985cd194: ;   {runtime_call UncommonTrapBlob}
  0x000001dd985cd194: 2428 90e8 

  0x000001dd985cd198: ; ImmutableOopMap {rbp=Oop [64]=Oop }
                      ;*checkcast {reexecute=0 rethrow=0 return_oop=0}
                      ; - com.android.tools.r8.graph.H0::D@4 (line 1)
                      ; - com.android.tools.r8.internal.Qk0::b@37 (line 73)
  0x000001dd985cd198: 6474 8aff 

  0x000001dd985cd19c: ;   {other}
  0x000001dd985cd19c: 0f1f 8400 | 0c14 0037 | baf6 ffff 

  0x000001dd985cd1a8: ;   {runtime_call UncommonTrapBlob}
  0x000001dd985cd1a8: ff66 90e8 

  0x000001dd985cd1ac: ; ImmutableOopMap {}
                      ;*invokevirtual j {reexecute=0 rethrow=0 return_oop=0}
                      ; - com.android.tools.r8.internal.Qk0::b@40 (line 73)
  0x000001dd985cd1ac: 5074 8aff 

  0x000001dd985cd1b0: ;   {other}
  0x000001dd985cd1b0: 0f1f 8400 | 2014 0038 | baf6 ffff 

  0x000001dd985cd1bc: ;   {runtime_call UncommonTrapBlob}
  0x000001dd985cd1bc: ff66 90e8 

  0x000001dd985cd1c0: ; ImmutableOopMap {}
                      ;*arraylength {reexecute=0 rethrow=0 return_oop=0}
                      ; - java.util.IdentityHashMap::put@13
                      ; - com.android.tools.r8.internal.Qk0::b@167 (line 88)
  0x000001dd985cd1c0: 3c74 8aff 

  0x000001dd985cd1c4: ;   {other}
  0x000001dd985cd1c4: 0f1f 8400 | 3414 0039 | eb13 488b | d0eb 39eb | 2048 8bd0 | eb32 eb05 | 488b d0eb | 2b48 8bd0 
  0x000001dd985cd1e4: eb26 488b | d0eb 2148 | 8bd0 eb1c | 488b d0eb | 1748 8bd0 | eb12 488b | d0eb 0d48 | 8bd0 eb08 
  0x000001dd985cd204: 488b d0eb | 0348 8bd0 | 4881 c490 | 0000 005d 

  0x000001dd985cd214: ;   {runtime_call _rethrow_Java}
  0x000001dd985cd214: e9e7 e196 

  0x000001dd985cd218: ;   {internal_word}
  0x000001dd985cd218: ff49 ba38 | c65c 98dd | 0100 004d | 8997 6004 

  0x000001dd985cd228: ;   {runtime_call SafepointBlob}
  0x000001dd985cd228: 0000 e9d1 

  0x000001dd985cd22c: ;   {runtime_call StubRoutines (final stubs)}
  0x000001dd985cd22c: 848a ffe8 | ecc8 88ff | e9a5 eeff | fff4 f4f4 | f4f4 f4f4 
[Stub Code]
  0x000001dd985cd240: ;   {no_reloc}
  0x000001dd985cd240: 48bb 000a | 34a7 dd01 

  0x000001dd985cd248: ;   {runtime_call I2C/C2I adapters}
  0x000001dd985cd248: 0000 e98f 

  0x000001dd985cd24c: ;   {static_stub}
  0x000001dd985cd24c: 6f8a ff48 | bb00 0000 | 0000 0000 

  0x000001dd985cd258: ;   {runtime_call nmethod}
  0x000001dd985cd258: 00e9 fbff 

  0x000001dd985cd25c: ;   {static_stub}
  0x000001dd985cd25c: ffff 48bb | 0000 0000 | 0000 0000 

  0x000001dd985cd268: ;   {runtime_call nmethod}
  0x000001dd985cd268: e9fb ffff 

  0x000001dd985cd26c: ;   {static_stub}
  0x000001dd985cd26c: ff48 bb00 | 0000 0000 

  0x000001dd985cd274: ;   {runtime_call nmethod}
  0x000001dd985cd274: 0000 00e9 | fbff ffff 

  0x000001dd985cd27c: ;   {static_stub}
  0x000001dd985cd27c: 48bb 0000 | 0000 0000 

  0x000001dd985cd284: ;   {runtime_call nmethod}
  0x000001dd985cd284: 0000 e9fb 

  0x000001dd985cd288: ;   {static_stub}
  0x000001dd985cd288: ffff ff48 | bb00 0000 | 0000 0000 

  0x000001dd985cd294: ;   {runtime_call nmethod}
  0x000001dd985cd294: 00e9 fbff 

  0x000001dd985cd298: ;   {runtime_call ExceptionBlob}
  0x000001dd985cd298: ffff e961 | 4896 ffe8 | 0000 0000 | 4883 2c24 

  0x000001dd985cd2a8: ;   {runtime_call DeoptimizationBlob}
  0x000001dd985cd2a8: 05e9 f276 | 8aff f4f4 
[/MachCode]


Compiled method (c2) 377679 59367       4       com.android.tools.r8.internal.Qk0::a (334 bytes)
 total in heap  [0x000001dd98ced310,0x000001dd98cf8ea8] = 48024
 relocation     [0x000001dd98ced470,0x000001dd98cedba8] = 1848
 main code      [0x000001dd98cedbc0,0x000001dd98cf3db0] = 25072
 stub code      [0x000001dd98cf3db0,0x000001dd98cf3e60] = 176
 oops           [0x000001dd98cf3e60,0x000001dd98cf3e88] = 40
 metadata       [0x000001dd98cf3e88,0x000001dd98cf41f0] = 872
 scopes data    [0x000001dd98cf41f0,0x000001dd98cf7280] = 12432
 scopes pcs     [0x000001dd98cf7280,0x000001dd98cf85e0] = 4960
 dependencies   [0x000001dd98cf85e0,0x000001dd98cf8700] = 288
 handler table  [0x000001dd98cf8700,0x000001dd98cf8b50] = 1104
 nul chk table  [0x000001dd98cf8b50,0x000001dd98cf8ea8] = 856

[Constant Pool (empty)]

[MachCode]
[Entry Point]
  # {method} {0x000001ddc9eba0e0} 'a' '()Lcom/android/tools/r8/internal/Qk0;' in 'com/android/tools/r8/internal/Qk0'
  #           [sp+0xe0]  (sp of caller)
  0x000001dd98cedbc0: 448b 5208 | 49c1 e203 

  0x000001dd98cedbc8: ;   {runtime_call ic_miss_stub}
  0x000001dd98cedbc8: 493b c20f | 85af 0b18 | ff66 6690 | 660f 1f44 | 0000 660f | 1f44 0000 
[Verified Entry Point]
  0x000001dd98cedbe0: 8984 2400 | 80ff ff55 | 4881 ecd0 | 0000 0090 | 4181 7f20 | 5b00 0000 | 0f85 a661 | 0000 4c8b 
  0x000001dd98cedc00: d244 8b5a | 0c45 8b43 | 2045 8b58 | 1441 8b6b | 0c44 8b5d 

  0x000001dd98cedc14: ;   {metadata('com/android/tools/r8/internal/K5')}
  0x000001dd98cedc14: 0841 81fb | 4a31 3d20 | 0f85 b556 | 0000 4c8b | dd45 8b4b | 3441 8b69 | 1085 ed0f | 8cb7 5100 
  0x000001dd98cedc34: 0085 ed74 | 4e4c 895c | 2450 4889 | 5424 2045 | 8b51 0c44 | 8954 2434 | 4d8b d14c | 8954 2428 
  0x000001dd98cedc54: 418b e949 | 8bd2 4533 

  0x000001dd98cedc5c: ;   {optimized virtual_call}
  0x000001dd98cedc5c: c066 90e8 

  0x000001dd98cedc60: ; ImmutableOopMap {rbp=NarrowOop [32]=Oop [40]=Oop [80]=Oop }
                      ;*invokevirtual node {reexecute=0 rethrow=0 return_oop=1}
                      ; - java.util.LinkedList$ListItr::<init>@35
                      ; - java.util.LinkedList::listIterator@11
                      ; - java.util.AbstractList::listIterator@2
                      ; - java.util.AbstractSequentialList::iterator@1
                      ; - com.android.tools.r8.internal.Qk0::a@12 (line 29)
  0x000001dd98cedc60: dcd6 ceff 

  0x000001dd98cedc64: ;   {other}
  0x000001dd98cedc64: 0f1f 8400 | 5409 0000 | 448b dd45 | 8b53 1045 | 85d2 0f8e | 4d28 0000 | 4533 c045 | 33c9 e911 
  0x000001dd98cedc84: 2500 0041 | 8b5a 2045 | 8b5b 0c8b | 4b0c 4585 | db0f 8c89 | 5100 008b | 7b14 458b | cb41 c1f9 
  0x000001dd98cedca4: 0641 8d71 | 013b ce7d | 1244 8b47 | 0c44 3bc6 | 0f8c f433 | 0000 8973 | 0ceb 0885 | ff0f 84b9 
  0x000001dd98cedcc4: 4f00 008b | 4f0c 443b | c90f 8359 | 4b00 0041 | b801 0000 | 00c4 42a1 | f7d8 4e09 | 5ccf 1041 
  0x000001dd98cedce4: 8b72 1844 | 8b5e 0c45 | 8b4b 0c45 | 8b5b 1045 | 3bcb 757b | 458b 5a14 

  0x000001dd98cedcfc: ; implicit exception: dispatches to 0x000001dd98cf3c6c
  0x000001dd98cedcfc: 458b 430c 

  0x000001dd98cedd00: ; implicit exception: dispatches to 0x000001dd98cf3c80
  0x000001dd98cedd00: 458b 580c | 458b 4810 | 453b d90f | 8596 1500 | 0049 8bc2 | 4881 c4d0 | 0000 005d 

  0x000001dd98cedd1c: ;   {poll_return}
  0x000001dd98cedd1c: 493b a748 | 0400 000f | 8765 6000 | 00c3 448b | 4424 2845 | 8b51 0c8b | 4c24 3041 | 3bca 0f83 
  0x000001dd98cedd3c: 283b 0000 | 41ba 0100 | 0000 448b | 5c24 2cc4 | 42a1 f7d2 | 4d09 54c9 | 104c 8b54 | 2420 418b 
  0x000001dd98cedd5c: 7218 448b | 5e0c 458b | 4b0c 458b | 5b10 453b | cb0f 8434 | 1500 0044 | 8b5e 0c45 

  0x000001dd98cedd78: ;   {metadata('java/util/ArrayDeque')}
  0x000001dd98cedd78: 8b4b 0841 | 81f9 325a | 0020 0f85 | cc39 0000 | 498b eb8b | 7d14 8b5d | 0c44 8b6f | 0c41 3bdd 
  0x000001dd98cedd98: 0f83 9239 | 0000 4c89 | 5424 6044 | 8b44 9f10 

  0x000001dd98cedda8: ; implicit exception: dispatches to 0x000001dd98cf35d4
  0x000001dd98cedda8: 458b 5008 | 4180 7f40 | 000f 85cd | 2a00 0044 | 8d4b 0145 | 3bcd 0f8d | 760e 0000 | 4489 4d0c 
  0x000001dd98ceddc8: 4489 649f | 1044 8b5e | 1041 8b4b 

  0x000001dd98ceddd4: ;   {metadata('java/util/Collections$SetFromMap')}
  0x000001dd98ceddd4: 0881 f9fd | 5300 200f | 8593 3900 | 0044 8954 | 2424 4d8b | d345 8b52 | 0c49 8be8 | 4489 4424 
  0x000001dd98ceddf4: 2049 8bd2 | 4c8b c566 | 9048 b878 | 3208 0001 

  0x000001dd98cede04: ;   {virtual_call}
  0x000001dd98cede04: 0000 00e8 

  0x000001dd98cede08: ; ImmutableOopMap {rbp=Oop [32]=NarrowOop [96]=Oop }
                      ;*invokeinterface remove {reexecute=0 rethrow=0 return_oop=1}
                      ; - java.util.Collections$SetFromMap::remove@5
                      ; - com.android.tools.r8.internal.Qk0::a@102 (line 37)
  0x000001dd98cede08: 7418 4800 

  0x000001dd98cede0c: ;   {other}
  0x000001dd98cede0c: 0f1f 8400 | fc0a 0001 | 448b 5424 

  0x000001dd98cede18: ;   {metadata('com/android/tools/r8/internal/K5')}
  0x000001dd98cede18: 2441 81fa | 4a31 3d20 | 0f85 ca54 | 0000 488b | cd44 8b41 | 3845 8b50 | 1045 85d2 | 7437 4889 
  0x000001dd98cede38: 4c24 4045 | 8b50 0c44 | 8994 2490 | 0000 004d | 8bd0 4c89 | 5424 3844 | 8984 2494 | 0000 0041 
  0x000001dd98cede58: baff ffff | ff45 33db | 4489 9c24 | ac00 0000 | e9af 0b00 | 004c 8b54 | 2460 458b | 5a20 448b 
  0x000001dd98cede78: 490c 418b | 7b0c 4585 | c90f 8c75 | 3c00 0045 | 8bc1 41c1 | f806 443b | c77d 2b41 | 8b5b 1444 
  0x000001dd98cede98: 8b5b 0c45 | 3bc3 0f83 | 883d 0000 | 41bb 0100 | 0000 c442 | b1f7 db4e | 855c c310 | 7408 41b9 
  0x000001dd98cedeb8: 0100 0000 | eb03 4533 | c94d 8b87 

  0x000001dd98cedec4: ; ImmutableOopMap {r10=Oop rcx=Oop }
                      ;*ifne {reexecute=1 rethrow=0 return_oop=0}
                      ; - (reexecute) com.android.tools.r8.internal.Qk0::a@158 (line 42)
  0x000001dd98cedec4: 5004 0000 

  0x000001dd98cedec8: ;   {poll}
  0x000001dd98cedec8: 4185 0045 | 85c9 0f85 | 86fe ffff | 448b 5934 

  0x000001dd98ceded8: ; implicit exception: dispatches to 0x000001dd98cf36d8
  0x000001dd98ceded8: 458b 4310 | 4585 c00f | 8c37 3c00 | 0045 85c0 | 7458 4889 | 4c24 284c | 8954 2430 | 458b 430c 
  0x000001dd98cedef8: 4489 4424 | 3c4d 8bd3 | 4c89 5424 | 2041 8beb | 498b d245 

  0x000001dd98cedf0c: ;   {optimized virtual_call}
  0x000001dd98cedf0c: 33c0 90e8 

  0x000001dd98cedf10: ; ImmutableOopMap {rbp=NarrowOop [32]=Oop [40]=Oop [48]=Oop }
                      ;*invokevirtual node {reexecute=0 rethrow=0 return_oop=1}
                      ; - java.util.LinkedList$ListItr::<init>@35
                      ; - java.util.LinkedList::listIterator@11
                      ; - java.util.AbstractList::listIterator@2
                      ; - java.util.AbstractSequentialList::iterator@1
                      ; - com.android.tools.r8.internal.Qk0::a@165 (line 43)
  0x000001dd98cedf10: 2cd4 ceff 

  0x000001dd98cedf14: ;   {other}
  0x000001dd98cedf14: 0f1f 8400 | 040c 0003 | 448b 5510 | 4585 d20f | 8e45 2200 | 0089 6c24 | 5048 8944 | 2448 4533 
  0x000001dd98cedf34: d245 33db | 4489 5c24 | 38e9 b820 | 0000 458b | 4220 8b49 | 0c45 8b48 | 1485 c90f | 8ceb 3b00 
  0x000001dd98cedf54: 004c 8954 | 2420 458b | 580c 4489 | 4424 2889 | 4c24 2cc1 | f906 894c | 2430 448d | 4101 4489 
  0x000001dd98cedf74: 4424 3445 | 3bd8 7d22 

  0x000001dd98cedf7c: ; implicit exception: dispatches to 0x000001dd98cf3898
  0x000001dd98cedf7c: 458b 410c | 443b 4424 | 340f 8c43 | 2900 0044 | 8b44 2428 | 448b 5424 | 3445 8950 | 0ce9 91fd 
  0x000001dd98cedf9c: ffff 4585 | c90f 8583 | fdff ffba | f6ff ffff | 8b6c 2430 

  0x000001dd98cedfb0: ;   {runtime_call UncommonTrapBlob}
  0x000001dd98cedfb0: 6666 90e8 

  0x000001dd98cedfb4: ; ImmutableOopMap {}
                      ;*laload {reexecute=0 rethrow=0 return_oop=0}
                      ; - java.util.BitSet::set@47
                      ; - com.android.tools.r8.internal.Qk0::a@202 (line 46)
  0x000001dd98cedfb4: 4866 18ff 

  0x000001dd98cedfb8: ;   {other}
  0x000001dd98cedfb8: 0f1f 8400 | a80c 0004 | 448b 9c24 | b000 0000 | 41ff c344 | 899c 24b0 | 0000 0044 | 3b5c 2458 
  0x000001dd98cedfd8: 0f8d ae03 | 0000 4c8b | 5424 7045 | 8b4a 1045 | 85c9 0f8c | 7834 0000 | 448b 9424 | b000 0000 
  0x000001dd98cedff8: 453b d10f | 8387 3300 | 004c 8b54 | 2470 458b | 5214 458b | 420c 448b | 8c24 b000 | 0000 453b 
  0x000001dd98cee018: c80f 83b9 | 3300 0047 | 8b4c 8a10 

  0x000001dd98cee024: ; implicit exception: dispatches to 0x000001dd98cf34a4
  0x000001dd98cee024: 458b 5908 

  0x000001dd98cee028: ;   {metadata('com/android/tools/r8/internal/K5')}
  0x000001dd98cee028: 4181 fb4a | 313d 200f | 85d3 5200 | 004c 8b54 | 2460 458b | 521c 458b | 5a0c 4d8b | c145 8b48 
  0x000001dd98cee048: 0c8b 4c24 | 5c41 3bcb | 0f83 d233 | 0000 458b | 5c8a 1045 | 85db 0f84 | 5cff ffff | 4585 c90f 
  0x000001dd98cee068: 8c48 3600 | 0045 8b53 | 0c45 8bc1 | 41c1 f806 | 453b c20f | 8d3f ffff | ff45 8b53 | 1441 8b4a 
  0x000001dd98cee088: 0c44 3bc1 | 0f83 1e38 | 0000 41bb | 0100 0000 | c442 b1f7 | db4f 855c | c210 0f84 | 18ff ffff 
  0x000001dd98cee0a8: 4c8b 5424 | 6045 8b5a | 2c45 8b53 | 1844 8954 | 2478 4c8b | 5424 6845 | 8b42 4845 

  0x000001dd98cee0c4: ;   {metadata('java/util/ArrayList')}
  0x000001dd98cee0c4: 8b50 0841 | 81fa 45ae | 0020 0f85 | 0c3f 0000 | 4d8b c845 | 8b51 1045 | 85d2 0f8c | 543f 0000 
  0x000001dd98cee0e4: 448b 9c24 | b000 0000 | 453b da0f | 8311 3e00 | 0045 8b49 | 1445 8b51 | 0c45 3bda | 0f83 6a3e 
  0x000001dd98cee104: 0000 478b | 5499 1045 | 8b42 084d | 33db 4f8d | 1cc3 4d8b 

  0x000001dd98cee118: ;   {metadata('com/android/tools/r8/internal/vt0')}
  0x000001dd98cee118: 5b38 49b8 | d0e0 e301 | 0100 0000 | 4d3b d80f | 8577 3f00 | 004c 8b5c | 2460 458b | 4310 4489 
  0x000001dd98cee138: 4424 7c4c | 8994 2480 | 0000 0045 | 8b58 1c44 | 899c 248c | 0000 0045 | 8b53 0c44 | 8994 2498 
  0x000001dd98cee158: 0000 004c | 8b94 2480 | 0000 004d | 8b12 4d8b | d84c 895c | 2428 4d8b | da49 83e3 | 0344 8b84 
  0x000001dd98cee178: 248c 0000 | 0049 8be8 | 4983 fb01 | 0f85 c528 | 0000 49c1 | ea08 418b | c225 ffff | ff7f 85c0 
  0x000001dd98cee198: 0f84 b128 | 0000 448b | d041 c1e2 | 08d1 e041 | 2bc2 448b | 9424 9800 | 0000 41ff | ca41 23c2 
  0x000001dd98cee1b8: 448b 9c24 | 9800 0000 | 4585 db0f | 86f3 3e00 | 0044 8b94 | 248c 0000 | 0045 8b54 | 8210 4d8b 
  0x000001dd98cee1d8: da4c 8b84 | 2480 0000 | 004d 3bd8 | 0f84 fe09 | 0000 660f | 1f44 0000 | 4585 d20f | 85a7 0900 
  0x000001dd98cee1f8: 0044 8b5c | 247c 458b | 531c 4489 | 5424 7c45 | 8b5a 0c44 | 899c 248c | 0000 004c | 8b94 2480 
  0x000001dd98cee218: ;   {no_reloc}
  0x000001dd98cee218: 0000 004d | 8b12 448b | 4424 7c49 | 8be8 4d8b | da49 83e3 | 0349 83fb | 010f 855a | 2800 0049 
  0x000001dd98cee238: c1ea 0841 | 8bc2 25ff | ffff 7f85 | c00f 8446 | 2800 0044 | 8bd8 41c1 | e308 d1e0 | 412b c344 
  0x000001dd98cee258: 8b9c 248c | 0000 0041 | ffcb 4123 | c344 8b94 | 248c 0000 | 0045 85d2 | 0f86 e641 | 0000 448b 
  0x000001dd98cee278: 5c24 7c45 | 8b5c 8310 | 4d8b d34c | 8b84 2480 | 0000 004d | 3bd0 744a | 4585 db0f | 8483 0000 
  0x000001dd98cee298: 0083 c002 | 3b84 248c | 0000 000f | 8d0f 2600 | 004d 8b97 

  0x000001dd98cee2ac: ; ImmutableOopMap {rbp=Oop [32]=Oop [56]=Oop [64]=Oop [96]=Oop [104]=Oop [112]=Oop [120]=NarrowOop [124]=NarrowOop [128]=Oop [148]=NarrowOop }
                      ;*goto {reexecute=1 rethrow=0 return_oop=0}
                      ; - (reexecute) java.util.IdentityHashMap::containsKey@52
                      ; - java.util.Map::getOrDefault@14
                      ; - com.android.tools.r8.internal.Qk0::a@109 (line 16)
                      ; - com.android.tools.r8.internal.Qk0::a@141 (line 40)
  0x000001dd98cee2ac: 5004 0000 

  0x000001dd98cee2b0: ;   {poll}
  0x000001dd98cee2b0: 4185 023b | 8424 8c00 | 0000 0f83 | 084a 0000 | 448b 5424 | 7c45 8b5c | 8210 4d8b | d34c 8b84 
  0x000001dd98cee2d0: 2480 0000 | 004d 3bd0 | 75b6 ba45 | ffff ff48 | 8b6c 2460 | 4c8b 5424 | 404c 8954 | 2428 4c8b 
  0x000001dd98cee2f0: 5424 684c | 8954 2438 | 448b 5c24 | 5c44 895c | 2440 448b | 5424 5844 | 8954 2444 

  0x000001dd98cee30c: ;   {runtime_call UncommonTrapBlob}
  0x000001dd98cee30c: 6666 90e8 

  0x000001dd98cee310: ; ImmutableOopMap {rbp=Oop [32]=Oop [40]=Oop [56]=Oop [112]=Oop [120]=NarrowOop [148]=NarrowOop }
                      ;*ifeq {reexecute=1 rethrow=0 return_oop=0}
                      ; - (reexecute) java.util.Map::getOrDefault@19
                      ; - com.android.tools.r8.internal.Qk0::a@109 (line 16)
                      ; - com.android.tools.r8.internal.Qk0::a@141 (line 40)
  0x000001dd98cee310: ec62 18ff 

  0x000001dd98cee314: ;   {other}
  0x000001dd98cee314: 0f1f 8400 | 0410 0006 

  0x000001dd98cee31c: ;   {oop(a 'com/android/tools/r8/internal/o7'{0x0000000094e807a0})}
  0x000001dd98cee31c: 49b9 a007 | e894 0000 | 0000 4c8b | 5424 6841 | 8b6a 4044 | 8b54 2478 | 4585 d20f | 848b 3c00 
  0x000001dd98cee33c: 0048 8bfd | 498b d24c | 8b44 2420 | 4c8b 5424 | 604c 8954 | 2428 4c89 

  0x000001dd98cee354: ;   {optimized virtual_call}
  0x000001dd98cee354: 4c24 30e8 

  0x000001dd98cee358: ; ImmutableOopMap {rbp=NarrowOop [32]=Oop [40]=Oop [48]=Oop [56]=Oop [64]=Oop [96]=Oop [104]=Oop [112]=Oop [120]=NarrowOop [148]=NarrowOop }
                      ;*invokevirtual a {reexecute=0 rethrow=0 return_oop=1}
                      ; - com.android.tools.r8.internal.G1::b@4 (line 1)
                      ; - com.android.tools.r8.internal.Qk0::a@123 (line 17)
                      ; - com.android.tools.r8.internal.Qk0::a@141 (line 40)
  0x000001dd98cee358: 64f5 9bff 

  0x000001dd98cee35c: ;   {other}
  0x000001dd98cee35c: 0f1f 8400 | 4c10 0007 | 4889 4424 | 2048 8bd0 | 9048 b8ff | ffff ffff 

  0x000001dd98cee374: ;   {virtual_call}
  0x000001dd98cee374: ffff ffe8 

  0x000001dd98cee378: ; ImmutableOopMap {[32]=Oop [40]=Oop [56]=Oop [64]=Oop [96]=Oop [104]=Oop [112]=Oop [148]=NarrowOop }
                      ;*invokevirtual isUnknown {reexecute=0 rethrow=0 return_oop=0}
                      ; - com.android.tools.r8.internal.Qk0::a@128 (line 19)
                      ; - com.android.tools.r8.internal.Qk0::a@141 (line 40)
  0x000001dd98cee378: 5c5e 44ff 

  0x000001dd98cee37c: ;   {other}
  0x000001dd98cee37c: 0f1f 8400 | 6c10 0008 | 85c0 0f84 | 34fc ffff | 4c8b 5424 | 6045 8b52 | 1044 8954 | 2448 458b 
  0x000001dd98cee39c: 5a1c 4489 | 5c24 7045 | 8b53 0c44 | 8954 2458 | 4c8b 5424 | 684d 8b12 | 4c89 5c24 | 284d 8bda 
  0x000001dd98cee3bc: 4983 e303 | 448b 4424 | 4849 8be8 | 4983 fb01 | 0f85 9c25 | 0000 49c1 | ea08 418b | c225 ffff 
  0x000001dd98cee3dc: ff7f 85c0 | 0f84 8825 | 0000 448b | d041 c1e2 | 08d1 e041 | 2bc2 448b | 5424 5841 | ffca 4123 
  0x000001dd98cee3fc: c244 8b5c | 2458 4585 | db0f 8651 | 3700 0044 | 8b54 2470 | 458b 5482 | 104d 8bda | 4c8b 4424 
  0x000001dd98cee41c: 684d 3bd8 | 0f84 2b07 | 0000 6666 | 0f1f 8400 | 0000 0000 | 4585 d20f | 85dc 0600 | 0044 8b5c 
  0x000001dd98cee43c: 2448 458b | 5b1c 4489 | 5c24 4845 | 8b53 0c44 | 8954 244c | 4c8b 5424 | 684d 8b12 | 498b eb4d 
  0x000001dd98cee45c: 8bda 4983 | e303 4983 | fb01 0f85 | 8125 0000 | 49c1 ea08 | 418b c225 | ffff ff7f 

  0x000001dd98cee478: ;   {no_reloc}
  0x000001dd98cee478: 85c0 0f84 | 6d25 0000 | 448b d841 | c1e3 08d1 | e041 2bc3 | 448b 5c24 | 4c41 ffcb | 4123 c344 
  0x000001dd98cee498: 8b54 244c | 4585 d20f | 8603 3800 | 0044 8b5c | 2448 458b | 5c83 104d | 8bd3 4c8b | 4424 684d 
  0x000001dd98cee4b8: 3bd0 743d | 4585 db74 | 5b83 c002 | 3b44 244c | 0f8d 3e20 | 0000 4d8b | 9750 0400 

  0x000001dd98cee4d4: ; ImmutableOopMap {rbp=Oop [32]=Oop [56]=Oop [64]=Oop [72]=NarrowOop [96]=Oop [104]=Oop [148]=NarrowOop }
                      ;*goto {reexecute=1 rethrow=0 return_oop=0}
                      ; - (reexecute) java.util.IdentityHashMap::containsKey@52
                      ; - java.util.Map::getOrDefault@14
                      ; - com.android.tools.r8.internal.Qk0::a@151 (line 20)
                      ; - com.android.tools.r8.internal.Qk0::a@141 (line 40)
                      ;   {poll}
  0x000001dd98cee4d4: 0041 8502 | 3b44 244c | 0f83 f63f | 0000 448b | 5c24 4845 | 8b5c 8310 | 4d8b d34c | 8b44 2468 
  0x000001dd98cee4f4: 4d3b d075 | c3ba 45ff | ffff 488b | 6c24 604c | 8b54 2440 | 4c89 5424 

  0x000001dd98cee50c: ;   {runtime_call UncommonTrapBlob}
  0x000001dd98cee50c: 2866 90e8 

  0x000001dd98cee510: ; ImmutableOopMap {rbp=Oop [32]=Oop [40]=Oop [104]=Oop [148]=NarrowOop }
                      ;*ifeq {reexecute=1 rethrow=0 return_oop=0}
                      ; - (reexecute) java.util.Map::getOrDefault@19
                      ; - com.android.tools.r8.internal.Qk0::a@151 (line 20)
                      ; - com.android.tools.r8.internal.Qk0::a@141 (line 40)
  0x000001dd98cee510: ec60 18ff 

  0x000001dd98cee514: ;   {other}
  0x000001dd98cee514: 0f1f 8400 | 0412 000a 

  0x000001dd98cee51c: ;   {oop(a 'com/android/tools/r8/internal/o7'{0x0000000094e807a0})}
  0x000001dd98cee51c: 49b8 a007 | e894 0000 | 0000 488b | 5424 2066 | 9048 b8ff | ffff ffff 

  0x000001dd98cee534: ;   {virtual_call}
  0x000001dd98cee534: ffff ffe8 

  0x000001dd98cee538: ; ImmutableOopMap {[32]=Oop [56]=Oop [64]=Oop [96]=Oop [104]=Oop [148]=NarrowOop }
                      ;*invokevirtual equals {reexecute=0 rethrow=0 return_oop=0}
                      ; - com.android.tools.r8.internal.Qk0::a@203 (line 25)
                      ; - com.android.tools.r8.internal.Qk0::a@141 (line 40)
  0x000001dd98cee538: a4e2 24ff 

  0x000001dd98cee53c: ;   {other}
  0x000001dd98cee53c: 0f1f 8400 | 2c12 000b | 85c0 0f85 | 9304 0000 | 4c8b 5424 | 6045 8b5a | 1444 899c | 2480 0000 
  0x000001dd98cee55c: 0041 8b6b | 1044 8b5d 

  0x000001dd98cee564: ;   {metadata('java/util/Collections$SetFromMap')}
  0x000001dd98cee564: 0841 81fb | fd53 0020 | 0f85 4e40 | 0000 4c8b | d545 8b52 | 0c45 8b42 | 0849 8bd2 | 4c8b 5424 
  0x000001dd98cee584: 6844 8954 | 2434 448b | 9c24 8000 | 0000 4d8b | d34c 8954 

  0x000001dd98cee598: ;   {metadata('java/util/IdentityHashMap')}
  0x000001dd98cee598: 2448 4181 | f84f 0601 | 200f 854d | 2000 0048 | 8994 2498 | 0000 0044 | 8b52 1c45 | 8b42 0c44 
  0x000001dd98cee5b8: 8944 2450 | 4c8b 5c24 | 684d 8b1b | 4c89 5424 | 284d 8bd3 | 4983 e203 | 4983 fa01 | 0f85 4f25 
  0x000001dd98cee5d8: 0000 49c1 | eb08 418b | c325 ffff | ff7f 85c0 | 0f84 3b25 | 0000 448b | d041 c1e2 | 0844 8b5c 
  0x000001dd98cee5f8: 2450 41ff | cbd1 e041 | 2bc2 4123 | c389 4424 | 3044 8b44 | 2450 448b | 5424 3044 | 3b54 2450 
  0x000001dd98cee618: 0f83 0238 | 0000 4c8b | 5424 2844 | 8b4c 2430 | 4b8d 5c8a | 1045 8b5a | 0844 8b13 | 4c63 4c24 
  0x000001dd98cee638: 3048 8b4c | 2428 4a8d | 7489 148b | 7c24 30ff | c745 85d2 | 0f85 5003 | 0000 4c8b | 9424 9800 
  0x000001dd98cee658: 0000 418b | 6a14 448d | 546d 03ff | c545 3bd0 | 0f8f c61f | 0000 4c8b | 9424 9800 | 0000 41ff 
  0x000001dd98cee678: ;   {metadata('java/lang/Object'[])}
  0x000001dd98cee678: 4218 4181 | fbac b600 | 200f 8571 | 4100 0041 | 807f 4000 | 0f85 2f26 | 0000 448b | 5424 3444 
  0x000001dd98cee698: 8913 4c8b | 5424 684c | 8bdb 4d33 | d349 c1ea | 144d 85d2 | 741a 49c1 | eb09 48b9 | 0000 9ba0 
  0x000001dd98cee6b8: dd01 0000 | 4903 cb80 | 3902 0f85 | 5d26 0000 | 3b7c 2450 | 0f83 f240 | 0000 4180 | 7f40 000f 
  0x000001dd98cee6d8: 8516 2600 

  0x000001dd98cee6dc: ;   {oop(a 'java/lang/Boolean'{0x000000008084a8f0} = true)}
  0x000001dd98cee6dc: 00c7 06f0 

  0x000001dd98cee6e0: ;   {oop(a 'java/lang/Boolean'{0x000000008084a8f0} = true)}
  0x000001dd98cee6e0: a884 8049 | baf0 a884 | 8000 0000 | 004c 8bde | 4d33 d349 | c1ea 144d | 85d2 741a | 49c1 eb09 
  0x000001dd98cee700: 48b9 0000 | 9ba0 dd01 | 0000 4903 | cb80 3902 | 0f85 5d26 | 0000 4c8b | 9424 9800 | 0000 4189 
  0x000001dd98cee720: 6a14 33db | 4885 db0f | 85a7 0000 | 0044 8b94 | 2480 0000 | 0041 8b6a | 0c44 8b55 

  0x000001dd98cee73c: ;   {metadata('java/util/ArrayDeque')}
  0x000001dd98cee73c: 0841 81fa | 325a 0020 | 0f85 c63f | 0000 488b | dd44 8b53 | 148b 6b10 

  0x000001dd98cee754: ; implicit exception: dispatches to 0x000001dd98cf3b38
  0x000001dd98cee754: 418b 7a0c | 3bef 0f83 | 743f 0000 | 458b 4208 

  0x000001dd98cee764: ;   {metadata('java/lang/Object'[])}
  0x000001dd98cee764: 4181 f8ac | b600 200f | 85cf 3f00 | 004d 8bda | 498d 74aa | 1041 807f | 4000 0f85 | c123 0000 
  0x000001dd98cee784: 448b 5c24 | 3444 891e | 4c8b 5424 | 684c 8bde | 4d33 d349 | c1ea 144d | 85d2 741a | 49c1 eb09 
  0x000001dd98cee7a4: 48b9 0000 | 9ba0 dd01 | 0000 4903 | cb80 3902 | 0f85 bd23 | 0000 ffc5 | 3bef 0f8d | b919 0000 
  0x000001dd98cee7c4: 896b 1044 | 8b53 0c44 | 3bd5 0f84 | 8929 0000 | 4c8b 5424 | 6045 8b5a | 1044 895c | 2470 458b 
  0x000001dd98cee7e4: 5b1c 458b | 530c 4489 | 5424 484c | 8b54 2468 | 4d8b 124c | 895c 2428 | 4d8b da49 | 83e3 0344 
  0x000001dd98cee804: 8b4c 2470 | 4d8b c14c | 8944 2450 | 4983 fb01 | 0f85 f322 | 0000 49c1 | ea08 418b | c225 ffff 
  0x000001dd98cee824: ff7f 85c0 | 0f84 df22 | 0000 448b | d841 c1e3 | 084c 8b54 | 2420 4d8b | c244 8944 | 244c 448b 
  0x000001dd98cee844: 5424 4841 | ffca d1e0 | 412b c341 | 23c2 8944 | 2430 448b | 4424 4844 | 8b54 2430 

  0x000001dd98cee860: ;   {no_reloc}
  0x000001dd98cee860: 443b 5424 | 480f 838d | 3500 004c | 8b54 2428 | 448b 4c24 | 304b 8d7c | 8a10 458b | 5a08 448b 
  0x000001dd98cee880: 178b 5c24 | 30ff c34c | 634c 2430 | 488b 4c24 | 284a 8d74 | 8914 4585 | d20f 85c6 | 0000 0044 
  0x000001dd98cee8a0: 8b4c 2470 | 418b 6914 | 448d 4c6d | 03ff c545 | 3bc8 0f8f | 971c 0000 | 448b 5424 | 7041 ff42 
  0x000001dd98cee8c0: ;   {metadata('java/lang/Object'[])}
  0x000001dd98cee8c0: 1841 81fb | acb6 0020 | 0f85 ce3e | 0000 4180 | 7f40 000f | 85e8 2200 | 0044 8b5c | 2434 4489 
  0x000001dd98cee8e0: 1f4c 8b54 | 2468 4c8b | df4d 33d3 | 49c1 ea14 | 4d85 d274 | 1a49 c1eb | 0948 b900 | 009b a0dd 
  0x000001dd98cee900: 0100 0049 | 03cb 8039 | 020f 8516 | 2300 003b | 5c24 480f | 8363 3e00 | 0041 807f | 4000 0f85 
  0x000001dd98cee920: cf22 0000 | 448b 5424 | 4c44 8916 | 4c8b 5424 | 204c 8bde | 4d33 d349 | c1ea 144d | 85d2 741a 
  0x000001dd98cee940: 49c1 eb09 | 48b9 0000 | 9ba0 dd01 | 0000 4903 | cb80 3902 | 0f85 1923 | 0000 448b | 5c24 7041 
  0x000001dd98cee960: 896b 14eb | 7a4c 8b4c | 2468 4d3b | d10f 84cc | 1800 0044 | 8b54 2430 | 4183 c202 | 4489 5424 
  0x000001dd98cee980: 3045 3bd0 | 0f8d 971b | 0000 4d8b | 9750 0400 

  0x000001dd98cee990: ; ImmutableOopMap {r9=Oop rcx=Oop [32]=Oop [40]=Oop [52]=NarrowOop [56]=Oop [64]=Oop [76]=NarrowOop [80]=Oop [96]=Oop [104]=Oop [112]=NarrowOop [148]=NarrowOop }
                      ;*goto {reexecute=1 rethrow=0 return_oop=0}
                      ; - (reexecute) java.util.IdentityHashMap::put@70
                      ; - com.android.tools.r8.internal.Qk0::a@224 (line 27)
                      ; - com.android.tools.r8.internal.Qk0::a@141 (line 40)
                      ;   {poll}
  0x000001dd98cee990: 0041 8502 | 448b 510c | 4489 5424 | 48e9 b9fe | ffff 4c8b | 4c24 684d | 3bd1 0f84 | 3919 0000 
  0x000001dd98cee9b0: 448b 5424 | 3041 83c2 | 0244 8954 | 2430 453b | d00f 8d67 | 1b00 004d | 8b97 5004 

  0x000001dd98cee9cc: ; ImmutableOopMap {r9=Oop rcx=Oop [32]=Oop [40]=Oop [52]=NarrowOop [56]=Oop [64]=Oop [72]=Oop [96]=Oop [104]=Oop [128]=NarrowOop [148]=NarrowOop [152]=Oop }
                      ;*goto {reexecute=1 rethrow=0 return_oop=0}
                      ; - (reexecute) java.util.IdentityHashMap::put@70
                      ; - java.util.Collections$SetFromMap::add@8
                      ; - com.android.tools.r8.internal.Vu0::b@5 (line 2)
                      ; - com.android.tools.r8.internal.Qk0::a@215 (line 26)
                      ; - com.android.tools.r8.internal.Qk0::a@141 (line 40)
                      ;   {poll}
  0x000001dd98cee9cc: 0000 4185 | 0244 8b51 | 0c44 8954 | 2450 e92f | fcff ff4d | 8b97 5004 

  0x000001dd98cee9e4: ; ImmutableOopMap {[56]=Oop [64]=Oop [96]=Oop [148]=NarrowOop }
                      ;*goto {reexecute=1 rethrow=0 return_oop=0}
                      ; - (reexecute) com.android.tools.r8.internal.Qk0::a@144 (line 40)
                      ;   {poll}
  0x000001dd98cee9e4: 0000 4185 | 0244 8b94 | 2494 0000 | 0045 8b52 | 1044 8b84 | 2488 0000 | 0045 3bc2 | 750a 488b 
  0x000001dd98ceea04: 4c24 40e9 | 61f4 ffff | 448b 9424 | ac00 0000 | 4489 8424 | ac00 0000 | 448b 9c24 | 9400 0000 
  0x000001dd98ceea24: 458b 430c | 443b 8424 | 9000 0000 | 0f85 3233 | 0000 458b | c345 8b58 | 1044 8b84 | 24ac 0000 
  0x000001dd98ceea44: 0045 3bc3 | 0f8d 5233 | 0000 448b | 8424 9400 | 0000 458b | 4814 458b | 410c 448b | 9c24 ac00 
  0x000001dd98ceea64: 0000 453b | d80f 8d5d | 3300 0041 | ffc3 4489 | 9c24 8800 | 0000 448b | 9424 ac00 | 0000 453b 
  0x000001dd98ceea84: d00f 831c | 3000 0047 | 8b5c 9110 

  0x000001dd98ceea90: ; implicit exception: dispatches to 0x000001dd98cf3744
  0x000001dd98ceea90: 458b 5308 | 4d33 c04f | 8d04 d04d 

  0x000001dd98ceea9c: ;   {metadata('com/android/tools/r8/internal/f40')}
  0x000001dd98ceea9c: 8b50 4049 | b8e8 e3e3 | 0101 0000 | 004d 3bd0 | 0f85 f015 | 0000 4d8b | d34c 8954 | 2468 458b 
  0x000001dd98ceeabc: 5244 458b | 5a28 458b | 4b10 4489 | 4c24 5845 | 85c9 0f8e | 2316 0000 | 458b 4308 | 458b 4a0c 
  0x000001dd98ceeadc: 4489 4c24 

  0x000001dd98ceeae0: ;   {metadata('java/util/ArrayList')}
  0x000001dd98ceeae0: 5c41 81f8 | 45ae 0020 | 0f85 b230 | 0000 4d8b | d34c 8954 

  0x000001dd98ceeaf4: ;   {oop(a 'com/android/tools/r8/internal/o7'{0x0000000094e807a0})}
  0x000001dd98ceeaf4: 2470 49ba | a007 e894 | 0000 0000 | 4533 db4c | 8954 2420 | 4489 9c24 | b000 0000 | e9c9 f4ff 
  0x000001dd98ceeb14: ff83 c002 | 3b44 2458 | 0f8d 9119 | 0000 4d8b | 9750 0400 

  0x000001dd98ceeb28: ; ImmutableOopMap {rbp=Oop [32]=Oop [40]=Oop [56]=Oop [64]=Oop [72]=NarrowOop [96]=Oop [104]=Oop [112]=NarrowOop [148]=NarrowOop }
                      ;*goto {reexecute=1 rethrow=0 return_oop=0}
                      ; - (reexecute) java.util.IdentityHashMap::get@57
                      ; - java.util.Map::getOrDefault@2
                      ; - com.android.tools.r8.internal.Qk0::a@151 (line 20)
                      ; - com.android.tools.r8.internal.Qk0::a@141 (line 40)
                      ;   {poll}
  0x000001dd98ceeb28: 0041 8502 | 3b44 2458 | 0f83 ea31 | 0000 448b | 5c24 7045 | 8b54 8310 | 4d8b da4c | 8b44 2468 
  0x000001dd98ceeb48: 4d3b d80f | 85df f8ff | ff44 8d58 | 0144 3b5c | 2458 0f83 | 4433 0000 | 4c63 d044 | 8b5c 2470 
  0x000001dd98ceeb68: 478b 5c93 | 1445 85db | 0f84 c3f8 | ffff 458b | 4308 4d33 | d24f 8d14 | c24d 8b52 

  0x000001dd98ceeb84: ;   {metadata('com/android/tools/r8/internal/E1')}
  0x000001dd98ceeb84: 3849 b828 | 26a9 0101 | 0000 004d | 3bd0 0f85 | 583a 0000 | 4d8b c3e9 | 86f9 ffff | 83c0 023b 
  0x000001dd98ceeba4: 8424 9800 | 0000 0f8d | 6319 0000 | 4d8b 9750 

  0x000001dd98ceebb4: ; ImmutableOopMap {rbp=Oop [32]=Oop [40]=Oop [56]=Oop [64]=Oop [96]=Oop [104]=Oop [112]=Oop [120]=NarrowOop [124]=NarrowOop [128]=Oop [140]=NarrowOop [148]=NarrowOop }
                      ;*goto {reexecute=1 rethrow=0 return_oop=0}
                      ; - (reexecute) java.util.IdentityHashMap::get@57
                      ; - java.util.Map::getOrDefault@2
                      ; - com.android.tools.r8.internal.Qk0::a@109 (line 16)
                      ; - com.android.tools.r8.internal.Qk0::a@141 (line 40)
                      ;   {poll}
  0x000001dd98ceebb4: 0400 0041 | 8502 3b84 | 2498 0000 | 000f 8341 | 3a00 0044 | 8b9c 248c | 0000 0045 | 8b54 8310 
  0x000001dd98ceebd4: 4d8b da4c | 8b84 2480 | 0000 004d | 3bd8 0f85 | 08f6 ffff | 8d68 013b | ac24 9800 | 0000 0f83 
  0x000001dd98ceebf4: c83e 0000 | 4c63 d044 | 8b9c 248c | 0000 0043 | 8b6c 9314 | 85ed 0f84 | e9f5 ffff | 448b 5508 
  0x000001dd98ceec14: 4d33 db4f | 8d1c d34d 

  0x000001dd98ceec1c: ;   {metadata('com/android/tools/r8/internal/E1')}
  0x000001dd98ceec1c: 8b53 3849 | bb28 26a9 | 0101 0000 | 004d 3bd3 | 0f85 de41 | 0000 4c8b | cde9 ecf6 | ffff 4533 
  0x000001dd98ceec3c: c9e9 82f1 | ffff 4c8b | 5424 6841 | 8b72 1444 | 8b5e 0c45 | 8b4b 0c45 | 8b5b 1045 | 3bcb 0f84 
  0x000001dd98ceec5c: ad06 0000 | 41b8 0100 | 0000 498b | 8f50 0400 

  0x000001dd98ceec6c: ; ImmutableOopMap {r10=Oop rsi=NarrowOop [104]=Oop }
                      ;*ifeq {reexecute=1 rethrow=0 return_oop=0}
                      ; - (reexecute) com.android.tools.r8.internal.Qk0::a@215 (line 47)
                      ;   {poll}
  0x000001dd98ceec6c: 0085 0145 | 3bcb 0f84 | 6bf0 ffff 

  0x000001dd98ceec78: ; implicit exception: dispatches to 0x000001dd98cf33b8
  0x000001dd98ceec78: 448b 5e0c 

  0x000001dd98ceec7c: ; implicit exception: dispatches to 0x000001dd98cf33cc
  0x000001dd98ceec7c: 458b 4b08 

  0x000001dd98ceec80: ;   {metadata('java/util/ArrayDeque')}
  0x000001dd98ceec80: 4181 f932 | 5a00 200f | 85a3 2600 | 0049 8beb | 8b7d 148b | 5d0c 448b | 6f0c 413b | dd0f 8368 
  0x000001dd98ceeca0: 2600 004c | 8954 2468 | 448b 5c9f | 1045 8b53 | 0841 807f | 4000 0f85 | 1c18 0000 | 448d 4b01 
  0x000001dd98ceecc0: 453b cd0f | 8d3c 0600 | 0044 894d | 0c44 8964 | 9f10 448b | 4610 418b 

  0x000001dd98ceecd8: ;   {metadata('java/util/Collections$SetFromMap')}
  0x000001dd98ceecd8: 4808 81f9 | fd53 0020 | 0f85 6a26 | 0000 4489 | 5424 244d | 8bd0 458b | 520c 498b | eb44 895c 
  0x000001dd98ceecf8: 2420 498b | d24c 8bc5 | 9048 b878 | 3208 0001 

  0x000001dd98ceed08: ;   {virtual_call}
  0x000001dd98ceed08: 0000 00e8 

  0x000001dd98ceed0c: ; ImmutableOopMap {rbp=Oop [32]=NarrowOop [104]=Oop }
                      ;*invokeinterface remove {reexecute=0 rethrow=0 return_oop=1}
                      ; - java.util.Collections$SetFromMap::remove@5
                      ; - com.android.tools.r8.internal.Qk0::a@233 (line 50)
  0x000001dd98ceed0c: 7009 4800 

  0x000001dd98ceed10: ;   {other}
  0x000001dd98ceed10: 0f1f 8400 | 001a 0012 | 448b 4424 | 244d 33d2 | 4f8d 14c2 | 4d8b 5238 

  0x000001dd98ceed28: ;   {metadata('com/android/tools/r8/internal/vt0')}
  0x000001dd98ceed28: 49bb d0e0 | e301 0100 | 0000 4d3b | d30f 8539 | 2600 0048 | 896c 2438 

  0x000001dd98ceed40: ;   {optimized virtual_call}
  0x000001dd98ceed40: 488b d5e8 

  0x000001dd98ceed44: ; ImmutableOopMap {rbp=Oop [56]=Oop [104]=Oop }
                      ;*invokevirtual f0 {reexecute=0 rethrow=0 return_oop=1}
                      ; - com.android.tools.r8.internal.Qk0::a@244 (line 52)
  0x000001dd98ceed44: 98e5 a9ff 

  0x000001dd98ceed48: ;   {other}
  0x000001dd98ceed48: 0f1f 8400 | 381a 0013 | 4c8b d044 

  0x000001dd98ceed54: ;   {metadata('com/android/tools/r8/internal/Bc0')}
  0x000001dd98ceed54: 8b58 0841 | 81fb 486f | 3420 0f85 | b105 0000 | 458b 5218 

  0x000001dd98ceed68: ; implicit exception: dispatches to 0x000001dd98cf347c
  0x000001dd98ceed68: 458b 5a0c | 4585 db0f | 86c5 0000 | 004d 8b87 | b801 0000 | 4d8b c849 | 83c1 1849 | 8bda 4d3b 
  0x000001dd98ceed88: 8fc8 0100 | 000f 833e | 1d00 004d | 898f b801 | 0000 410f | 1881 0001 | 0000 49c7 | 0001 0000 
  0x000001dd98ceeda8: ;   {metadata('com/android/tools/r8/internal/dJ')}
  0x000001dd98ceeda8: 0041 c740 | 0877 7e34 | 204d 8960 | 1045 8958 | 0c41 807f | 4000 0f85 | 7b1a 0000 | 4589 5014 
  0x000001dd98ceedc8: 4c8b d34d | 8bd8 4d33 | d349 c1ea | 144d 85d2 | 746a 49c1 | eb09 48b9 | 0000 9ba0 | dd01 0000 
  0x000001dd98ceede8: 4903 cb80 | 3902 7454 | 4d8b 5758 | 4d8b 5f48 | f083 4424 | c000 8039 | 0074 4144 | 8821 4d85 
  0x000001dd98ceee08: db75 2049 | 8bd8 498b | d749 ba50 | ed68 8cf8 | 7f00 0041 

  0x000001dd98ceee1c: ;   {other}
  0x000001dd98ceee1c: ffd2 0f1f | 8400 0000 | 0000 4c8b | c3eb 194b | 894c 1af8 | 4983 c3f8 | 4d89 5f48 

  0x000001dd98ceee38: ;   {oop(a 'com/android/tools/r8/internal/dJ'{0x0000000095fa5c20})}
  0x000001dd98ceee38: eb0a 49b8 | 205c fa95 | 0000 0000 | 458b 5808 

  0x000001dd98ceee48: ;   {metadata('com/android/tools/r8/internal/dJ')}
  0x000001dd98ceee48: 4181 fb77 | 7e34 200f | 8592 0400 | 004d 8bd0 | 458b 4a10 | 458b 520c | 453b ca0f | 8db1 1200 
  0x000001dd98ceee68: 0041 ba01 | 0000 0045 | 85d2 0f85 | f904 0000 | 488b 5424 

  0x000001dd98ceee7c: ;   {optimized virtual_call}
  0x000001dd98ceee7c: 3866 90e8 

  0x000001dd98ceee80: ; ImmutableOopMap {[104]=Oop }
                      ;*invokevirtual g0 {reexecute=0 rethrow=0 return_oop=1}
                      ; - com.android.tools.r8.internal.Qk0::a@279 (line 55)
  0x000001dd98ceee80: dc8b 9dff 

  0x000001dd98ceee84: ;   {other}
  0x000001dd98ceee84: 0f1f 8400 | 741b 0014 

  0x000001dd98ceee8c: ; implicit exception: dispatches to 0x000001dd98cf3440
  0x000001dd98ceee8c: 448b 5008 

  0x000001dd98ceee90: ;   {metadata('com/android/tools/r8/internal/sk0')}
  0x000001dd98ceee90: 4181 fa91 | a034 200f | 84fb 0000 

  0x000001dd98ceee9c: ;   {metadata('com/android/tools/r8/internal/Bc0')}
  0x000001dd98ceee9c: 0041 81fa | 486f 3420 | 0f85 ee29 | 0000 448b | 5018 458b | 4a0c 4585 | c90f 86d1 | 0000 004d 
  0x000001dd98ceeebc: 8b9f b801 | 0000 4d8b | c349 83c0 | 1849 8bda | 4d3b 87c8 | 0100 000f | 83c4 2200 | 004d 8987 
  0x000001dd98ceeedc: b801 0000 | 410f 1880 | 0001 0000 | 49c7 0301 

  0x000001dd98ceeeec: ;   {metadata('com/android/tools/r8/internal/dJ')}
  0x000001dd98ceeeec: 0000 0041 | c743 0877 | 7e34 204d | 8963 1045 | 894b 0c41 | 807f 4000 | 0f85 871a | 0000 4589 
  0x000001dd98ceef0c: 5314 4d8b | d34c 8bc3 | 4d33 c249 | c1e8 144d | 85c0 0f84 | bd00 0000 | 49c1 ea09 | 48b9 0000 
  0x000001dd98ceef2c: 9ba0 dd01 | 0000 4903 | ca80 3902 | 0f84 a300 | 0000 4d8b | 5758 4d8b | 4748 f083 | 4424 c000 
  0x000001dd98ceef4c: 8039 000f | 848c 0000 | 0044 8821 | 4d85 c075 | 2049 8bdb | 498b d749 | ba50 ed68 | 8cf8 7f00 
  0x000001dd98ceef6c: 0041 ffd2 

  0x000001dd98ceef70: ;   {other}
  0x000001dd98ceef70: 0f1f 8400 | 0000 0000 | 4c8b dbeb | 644b 894c | 02f8 4983 | c0f8 4d89 | 4748 eb55 

  0x000001dd98ceef8c: ;   {oop(a 'com/android/tools/r8/internal/dJ'{0x0000000095fa5c20})}
  0x000001dd98ceef8c: 49bb 205c | fa95 0000 | 0000 eb49 | 4d8b 9fb8 | 0100 0044 | 8b48 0c4d | 8bd3 4983 | c218 4d3b 
  0x000001dd98ceefac: 97c8 0100 | 000f 8372 | 1a00 004d | 8997 b801 | 0000 410f | 1882 0001 | 0000 49c7 | 0301 0000 
  0x000001dd98ceefcc: ;   {metadata('com/android/tools/r8/internal/cJ')}
  0x000001dd98ceefcc: 0041 c743 | 08b4 dd34 | 2045 8963 | 0c45 8963 | 1445 894b | 1045 8b53 | 0844 8954 | 2438 448b 
  0x000001dd98ceefec: ;   {metadata('com/android/tools/r8/internal/cJ')}
  0x000001dd98ceefec: 5424 3841 | 81fa b4dd | 3420 7429 

  0x000001dd98ceeff8: ;   {metadata('com/android/tools/r8/internal/dJ')}
  0x000001dd98ceeff8: 4181 fa77 | 7e34 200f | 85ff 2500 | 004d 8bd3 | 458b 4210 | 458b 4a0c | 453b c10f | 8d4d 1100 
  0x000001dd98cef018: 0041 b901 | 0000 00eb | 0c4d 8bd3 | 450f b64a | 0c41 83f1 | 014d 8b97 

  0x000001dd98cef030: ; ImmutableOopMap {r11=Oop [104]=Oop }
                      ;*ifeq {reexecute=1 rethrow=0 return_oop=0}
                      ; - (reexecute) com.android.tools.r8.internal.Qk0::a@294 (line 55)
  0x000001dd98cef030: 5004 0000 

  0x000001dd98cef034: ;   {poll}
  0x000001dd98cef034: 4185 0245 | 85c9 0f84 | 02fc ffff | 458b 5308 

  0x000001dd98cef044: ;   {metadata('com/android/tools/r8/internal/cJ')}
  0x000001dd98cef044: 4181 fab4 | dd34 200f | 8451 0100 

  0x000001dd98cef050: ;   {metadata('com/android/tools/r8/internal/dJ')}
  0x000001dd98cef050: 0041 81fa | 777e 3420 | 0f85 5a27 | 0000 4d8b | c30f 1f84 | 0000 0000 | 000f 1f80 | 0000 0000 
  0x000001dd98cef070: 458b 5010 | 458b 480c | 453b d10f | 8d73 2600 | 004c 895c | 2430 458b | 4814 4c89 | 4424 2045 
  0x000001dd98cef090: 8d42 014c | 8b5c 2420 | 4589 4310 

  0x000001dd98cef09c: ; implicit exception: dispatches to 0x000001dd98cf3564
  0x000001dd98cef09c: 458b 590c | 453b d30f | 836b 2600 | 0047 8b54 | 9110 458b | 4a08 4d8b | c24d 33d2 | 4f8d 14ca 
  0x000001dd98cef0bc: 4d8b 5238 

  0x000001dd98cef0c0: ;   {metadata('com/android/tools/r8/internal/rD')}
  0x000001dd98cef0c0: 49bb b093 | a901 0100 | 0000 4d3b | d30f 851a | 2500 0045 | 8b58 1845 | 8b5b 0c4c | 8b54 2468 
  0x000001dd98cef0e0: 458b 5220 

  0x000001dd98cef0e4: ; implicit exception: dispatches to 0x000001dd98cf33a0
  0x000001dd98cef0e4: 418b 5a0c | 4585 db0f | 8c50 2700 | 0045 8bcb | 41c1 f906 | 443b cb0f | 8ddc 0100 | 0041 8b4a 
  0x000001dd98cef104: 1444 8b51 | 0c45 3bca | 0f83 4028 | 0000 41ba | 0100 0000 | c442 a1f7 | d24e 8554 | c910 0f84 
  0x000001dd98cef124: b501 0000 | 488b 5424 | 6848 8b6c 

  0x000001dd98cef130: ;   {optimized virtual_call}
  0x000001dd98cef130: 2430 90e8 

  0x000001dd98cef134: ; ImmutableOopMap {rbp=Oop [32]=Oop [104]=Oop }
                      ;*invokevirtual b {reexecute=0 rethrow=0 return_oop=0}
                      ; - com.android.tools.r8.internal.Qk0::a@328 (line 58)
  0x000001dd98cef134: 88cf 8dff 

  0x000001dd98cef138: ;   {other}
  0x000001dd98cef138: 0f1f 8400 | 281e 0016 | 4c8b dd45 

  0x000001dd98cef144: ;   {metadata('com/android/tools/r8/internal/cJ')}
  0x000001dd98cef144: 8b43 0841 | 81f8 b4dd | 3420 7429 

  0x000001dd98cef150: ;   {metadata('com/android/tools/r8/internal/dJ')}
  0x000001dd98cef150: 4181 f877 | 7e34 200f | 8578 3c00 | 004d 8bd3 | 458b 4210 | 458b 4a0c | 453b c10f | 8df5 1700 
  0x000001dd98cef170: 0041 b801 | 0000 00eb | 0c4d 8bd3 | 450f b642 | 0c41 83f0 | 014d 8b97 

  0x000001dd98cef188: ; ImmutableOopMap {r11=Oop [32]=Oop [104]=Oop }
                      ;*ifeq {reexecute=1 rethrow=0 return_oop=0}
                      ; - (reexecute) com.android.tools.r8.internal.Qk0::a@294 (line 55)
  0x000001dd98cef188: 5004 0000 

  0x000001dd98cef18c: ;   {poll}
  0x000001dd98cef18c: 4185 0245 | 85c0 0f84 | 0a01 0000 | 4c8b 4424 | 20e9 cefe | ffff 498b | eb44 0fb6 | 550c 4585 
  0x000001dd98cef1ac: d20f 8539 | 2600 00c6 | 450c 0144 | 8b45 1045 | 8b50 084c | 895c 2430 | 4d33 db4f | 8d1c d34d 
  0x000001dd98cef1cc: ;   {metadata('com/android/tools/r8/internal/rD')}
  0x000001dd98cef1cc: 8b53 3849 | bbb0 93a9 | 0101 0000 | 004d 3bd3 | 0f85 0624 | 0000 458b | 5018 458b | 5a0c 4c8b 
  0x000001dd98cef1ec: 5424 6841 | 8b4a 2044 | 8b51 0c45 | 85db 0f8c | 3c26 0000 | 458b cb41 | c1f9 0645 | 3bca 0f8d 
  0x000001dd98cef20c: cd00 0000 | 8b59 1444 | 8b53 0c45 | 3bca 0f83 | 2827 0000 | 41ba 0100 | 0000 c442 | a1f7 d24e 
  0x000001dd98cef22c: 8554 cb10 | 0f84 a700 | 0000 488b 

  0x000001dd98cef238: ;   {optimized virtual_call}
  0x000001dd98cef238: 5424 68e8 

  0x000001dd98cef23c: ; ImmutableOopMap {rbp=Oop [48]=Oop [104]=Oop }
                      ;*invokevirtual b {reexecute=0 rethrow=0 return_oop=0}
                      ; - com.android.tools.r8.internal.Qk0::a@328 (line 58)
  0x000001dd98cef23c: 80ce 8dff 

  0x000001dd98cef240: ;   {other}
  0x000001dd98cef240: 0f1f 8400 | 301f 0018 | 4c8b 5c24 | 3045 8b43 

  0x000001dd98cef250: ;   {metadata('com/android/tools/r8/internal/cJ')}
  0x000001dd98cef250: 0841 81f8 | b4dd 3420 

  0x000001dd98cef258: ;   {metadata('com/android/tools/r8/internal/dJ')}
  0x000001dd98cef258: 7429 4181 | f877 7e34 | 200f 856e | 3b00 004d | 8bd3 458b | 4210 458b | 4a0c 453b | c10f 8d4b 
  0x000001dd98cef278: 1600 0041 | b801 0000 | 00eb 0c4d | 8bd3 450f | b642 0c41 | 83f0 014d | 8b97 5004 

  0x000001dd98cef294: ; ImmutableOopMap {r11=Oop rbp=Oop [104]=Oop }
                      ;*ifeq {reexecute=1 rethrow=0 return_oop=0}
                      ; - (reexecute) com.android.tools.r8.internal.Qk0::a@294 (line 55)
                      ;   {poll}
  0x000001dd98cef294: 0000 4185 | 0245 85c0 | 0f85 03ff | ffff 4c8b | 5424 6841 | 8b72 1444 | 8b46 0c45 | 8b58 0c45 
  0x000001dd98cef2b4: 8b48 1045 | 3bd9 0f84 | 300e 0000 | b901 0000 | 004d 8b87 

  0x000001dd98cef2c8: ; ImmutableOopMap {r10=Oop rsi=NarrowOop }
                      ;*ifeq {reexecute=1 rethrow=0 return_oop=0}
                      ; - (reexecute) com.android.tools.r8.internal.Qk0::a@215 (line 47)
  0x000001dd98cef2c8: 5004 0000 

  0x000001dd98cef2cc: ;   {poll}
  0x000001dd98cef2cc: 4185 0045 | 3bd9 0f84 | 0bea ffff | e99b f9ff | ff4c 8b5c | 2430 e903 

  0x000001dd98cef2e4: ;   {metadata('com/android/tools/r8/internal/cJ')}
  0x000001dd98cef2e4: fdff ff41 | 81fb b4dd | 3420 0f85 | 4327 0000 | 4d8b d045 | 0fb6 520c | 4183 f201 | e96a fbff 
  0x000001dd98cef304: ff45 33c9 | e9bc f9ff | ff45 33c0 | e951 f9ff 

  0x000001dd98cef314: ;   {metadata('com/android/tools/r8/internal/sk0')}
  0x000001dd98cef314: ff41 81fb | 91a0 3420 | 0f85 3229 | 0000 498b | 87b8 0100 | 0041 8b6a | 0c4c 8bd0 | 4983 c218 
  0x000001dd98cef334: 4d3b 97c8 | 0100 000f | 8398 1e00 | 004d 8997 | b801 0000 | 410f 1882 | 0001 0000 | 48c7 0001 
  0x000001dd98cef354: ;   {metadata('com/android/tools/r8/internal/cJ')}
  0x000001dd98cef354: 0000 00c7 | 4008 b4dd | 3420 4489 | 600c 4489 | 6014 8968 | 104c 8bc0 | e9d3 faff | ff41 8b48 
  0x000001dd98cef374: ;   {metadata('com/android/tools/r8/internal/cJ')}
  0x000001dd98cef374: 0881 f9b4 | dd34 200f | 85a1 0d00 | 004d 8bd8 | 450f b653 | 0c45 85d2 | 0f85 762e | 0000 41c6 
  0x000001dd98cef394: 430c 0145 | 8b4b 1045 | 8b51 084d | 33db 4f8d | 1cd3 4d8b 

  0x000001dd98cef3a8: ;   {metadata('com/android/tools/r8/internal/f40')}
  0x000001dd98cef3a8: 5340 49bb | e8e3 e301 | 0100 0000 | 4d3b d30f | 8513 2800 | 0041 8b59 | 4444 8b5b | 2845 8b53 
  0x000001dd98cef3c8: 1045 85d2 | 0f8e 390d | 0000 4489 | 5424 604c | 894c 2470 | 894c 2428 | 4c89 4424 | 4045 8b43 
  0x000001dd98cef3e8: 0844 8b4b | 0c44 894c 

  0x000001dd98cef3f0: ;   {metadata('java/util/ArrayList')}
  0x000001dd98cef3f0: 2464 4181 | f845 ae00 | 200f 8571 | 2800 004d | 8bd3 4c89 

  0x000001dd98cef404: ;   {oop(a 'com/android/tools/r8/internal/o7'{0x0000000094e807a0})}
  0x000001dd98cef404: 5424 7849 | baa0 07e8 | 9400 0000 | 0045 33db | 4c89 5424 | 2044 899c | 24a8 0000 | 00e9 7301 
  0x000001dd98cef424: 0000 4c8b | 4424 408b | 4c24 284c | 8b4c 2470 | 488b 5424 | 20e9 7104 | 0000 448b | 9c24 8400 
  0x000001dd98cef444: 0000 458b | 5b1c 4489 | 9c24 8400 | 0000 458b | 530c 4489 | 9424 9000 | 0000 4c8b | 9424 8800 
  0x000001dd98cef464: 0000 4d8b | 1249 8beb | 4d8b da49 | 83e3 0349 | 83fb 010f | 8538 1600 | 0049 c1ea | 0841 8bc2 
  0x000001dd98cef484: 25ff ffff | 7f85 c00f | 8424 1600 | 0044 8bd8 | 41c1 e308 | d1e0 412b | c344 8b9c | 2490 0000 
  0x000001dd98cef4a4: 0041 ffcb | 4123 c344 | 8b94 2490 | 0000 0045 | 85d2 0f86 | 9030 0000 | 448b 9c24 | 8400 0000 
  0x000001dd98cef4c4: 458b 5c83 | 104d 8bd3 | 4c8b 8424 | 8800 0000 | 4d3b d074 | 4d45 85db | 0f84 8a00 | 0000 83c0 
  0x000001dd98cef4e4: 023b 8424 | 9000 0000 | 0f8d cd13 | 0000 4d8b | 9750 0400 

  0x000001dd98cef4f8: ; ImmutableOopMap {rbp=Oop [32]=Oop [56]=Oop [64]=Oop [104]=Oop [112]=Oop [120]=Oop [128]=NarrowOop [132]=NarrowOop [136]=Oop }
                      ;*goto {reexecute=1 rethrow=0 return_oop=0}
                      ; - (reexecute) java.util.IdentityHashMap::containsKey@52
                      ; - java.util.Map::getOrDefault@14
                      ; - com.android.tools.r8.internal.Qk0::a@109 (line 16)
                      ; - com.android.tools.r8.internal.Qk0::a@272 (line 53)
                      ;   {poll}
  0x000001dd98cef4f8: 0041 8502 | 3b84 2490 | 0000 000f | 8337 3900 | 0044 8b94 | 2484 0000 | 0045 8b5c | 8210 4d8b 
  0x000001dd98cef518: d34c 8b84 | 2488 0000 | 004d 3bd0 | 75b3 ba45 | ffff ff4c | 8b54 2438 | 4c89 5424 | 284c 8b54 
  0x000001dd98cef538: 2440 4c89 | 5424 304c | 8b54 2470 | 4c89 5424 | 4044 8b54 | 2464 4489 | 5424 4844 | 8b54 2460 
  0x000001dd98cef558: 4489 5424 

  0x000001dd98cef55c: ;   {runtime_call UncommonTrapBlob}
  0x000001dd98cef55c: 4c66 90e8 

  0x000001dd98cef560: ; ImmutableOopMap {[32]=Oop [40]=Oop [48]=Oop [64]=Oop [104]=Oop [120]=Oop [128]=NarrowOop }
                      ;*ifeq {reexecute=1 rethrow=0 return_oop=0}
                      ; - (reexecute) java.util.Map::getOrDefault@19
                      ; - com.android.tools.r8.internal.Qk0::a@109 (line 16)
                      ; - com.android.tools.r8.internal.Qk0::a@272 (line 53)
  0x000001dd98cef560: 9c50 18ff 

  0x000001dd98cef564: ;   {other}
  0x000001dd98cef564: 0f1f 8400 | 5422 001c 

  0x000001dd98cef56c: ;   {oop(a 'com/android/tools/r8/internal/o7'{0x0000000094e807a0})}
  0x000001dd98cef56c: 49b9 a007 | e894 0000 | 0000 e9bf | 0200 0044 | 8b9c 24a8 | 0000 0041 | ffc3 4489 | 9c24 a800 
  0x000001dd98cef58c: 0000 443b | 5c24 600f | 8d8d feff | ff4c 8b54 | 2478 458b | 5210 4585 | d20f 8ce5 | 1f00 0044 
  0x000001dd98cef5ac: 8b84 24a8 | 0000 0045 | 3bc2 0f83 | fc1e 0000 | 4c8b 5424 | 7845 8b52 | 1445 8b5a | 0c45 3bc3 
  0x000001dd98cef5cc: 0f83 3e1f | 0000 478b | 5482 1045 

  0x000001dd98cef5d8: ;   {metadata('com/android/tools/r8/internal/K5')}
  0x000001dd98cef5d8: 8b5a 0841 | 81fb 4a31 | 3d20 0f85 | 643d 0000 | 4c8b 5c24 | 6841 8b4b | 1c44 8b59 | 0c45 8b4a 
  0x000001dd98cef5f8: 0c44 8b54 | 2464 453b | d30f 834d | 1f00 0046 | 8b54 9110 | 4585 d20f | 8466 ffff | ff45 85c9 
  0x000001dd98cef618: 0f8c e621 | 0000 418b | 4a0c 458b | c141 c1f8 | 0644 3bc1 | 0f8d 49ff | ffff 458b | 5214 458b 
  0x000001dd98cef638: 5a0c 453b | c30f 83bd | 2200 0041 | bb01 0000 | 00c4 42b1 | f7db 4f85 | 5cc2 100f | 8422 ffff 
  0x000001dd98cef658: ff4c 8b54 | 2468 458b | 522c 458b | 5218 4489 | 9424 8000 | 0000 4c8b | 5424 7045 | 8b52 4845 
  0x000001dd98cef678: ;   {metadata('java/util/ArrayList')}
  0x000001dd98cef678: 8b5a 0841 | 81fb 45ae | 0020 0f85 | 742c 0000 | 4d8b da45 | 8b53 1045 | 85d2 0f8c | b02c 0000 
  0x000001dd98cef698: 448b 8c24 | a800 0000 | 453b ca0f | 8387 2b00 | 0045 8b53 | 1445 8b5a | 0c45 3bcb | 0f83 de2b 
  0x000001dd98cef6b8: 0000 478b | 548a 1045 | 8b42 084d | 33db 4f8d | 1cc3 4d8b 

  0x000001dd98cef6cc: ;   {metadata('com/android/tools/r8/internal/vt0')}
  0x000001dd98cef6cc: 5b38 49b8 | d0e0 e301 | 0100 0000 | 4d3b d80f | 85cf 2c00 | 004c 8b5c | 2468 458b | 4310 4489 
  0x000001dd98cef6ec: 8424 8400 | 0000 4c89 | 9424 8800 | 0000 458b | 501c 4489 | 9424 9000 | 0000 458b | 5a0c 4489 
  0x000001dd98cef70c: 9c24 9400 | 0000 4c8b | 9424 8800 | 0000 4d8b | 124d 8bd8 | 4c89 5c24 | 304d 8bda | 4983 e303 
  0x000001dd98cef72c: 448b 8424 | 9000 0000 | 498b e849 | 83fb 010f | 8534 1300 | 0049 c1ea | 0841 8bc2 | 25ff ffff 
  0x000001dd98cef74c: 7f85 c00f | 8420 1300 | 0044 8bd0 | 41c1 e208 | d1e0 412b | c244 8b94 | 2494 0000 | 0041 ffca 
  0x000001dd98cef76c: 4123 c244 | 8b9c 2494 | 0000 0045 | 85db 0f86 | 482c 0000 | 448b 9424 | 9000 0000 | 458b 5482 
  0x000001dd98cef78c: 104d 8bda | 4c8b 8424 | 8800 0000 | 4d3b d874 | 5066 6690 | 4585 d20f | 8495 fcff | ff83 c002 
  0x000001dd98cef7ac: 3b84 2494 | 0000 000f | 8d82 0d00 | 004d 8b97 

  0x000001dd98cef7bc: ; ImmutableOopMap {rbp=Oop [32]=Oop [48]=Oop [56]=Oop [64]=Oop [104]=Oop [112]=Oop [120]=Oop [128]=NarrowOop [132]=NarrowOop [136]=Oop [144]=NarrowOop }
                      ;*goto {reexecute=1 rethrow=0 return_oop=0}
                      ; - (reexecute) java.util.IdentityHashMap::get@57
                      ; - java.util.Map::getOrDefault@2
                      ; - com.android.tools.r8.internal.Qk0::a@109 (line 16)
                      ; - com.android.tools.r8.internal.Qk0::a@272 (line 53)
  0x000001dd98cef7bc: 5004 0000 

  0x000001dd98cef7c0: ;   {poll}
  0x000001dd98cef7c0: 4185 023b | 8424 9400 | 0000 0f83 | dc30 0000 | 448b 9c24 | 9000 0000 | 458b 5483 | 104d 8bda 
  0x000001dd98cef7e0: 4c8b 8424 | 8800 0000 | 4d3b d875 | b38d 6801 | 3bac 2494 | 0000 000f | 834f 3300 | 004c 63d0 
  0x000001dd98cef800: 448b 9c24 | 9000 0000 | 438b 6c93 | 1485 ed0f | 8429 fcff | ff44 8b55 | 084d 33db | 4f8d 1cd3 
  0x000001dd98cef820: 4d8b 5338 

  0x000001dd98cef824: ;   {metadata('com/android/tools/r8/internal/E1')}
  0x000001dd98cef824: 49bb 2826 | a901 0100 | 0000 4d3b | d30f 852b | 3700 004c | 8bcd 4c8b | 5424 7041 | 8b6a 4044 
  0x000001dd98cef844: 8b94 2480 | 0000 0045 | 85d2 0f84 | 902a 0000 | 488b fd49 | 8bd2 4c8b | 4424 204c | 894c 2448 
  0x000001dd98cef864: ;   {optimized virtual_call}
  0x000001dd98cef864: 6666 90e8 

  0x000001dd98cef868: ; ImmutableOopMap {rbp=NarrowOop [32]=Oop [56]=Oop [64]=Oop [72]=Oop [104]=Oop [112]=Oop [120]=Oop [128]=NarrowOop }
                      ;*invokevirtual a {reexecute=0 rethrow=0 return_oop=1}
                      ; - com.android.tools.r8.internal.G1::b@4 (line 1)
                      ; - com.android.tools.r8.internal.Qk0::a@123 (line 17)
                      ; - com.android.tools.r8.internal.Qk0::a@272 (line 53)
  0x000001dd98cef868: 54e0 9bff 

  0x000001dd98cef86c: ;   {other}
  0x000001dd98cef86c: 0f1f 8400 | 5c25 001e | 4889 4424 | 2048 8bd0 | 9048 b8ff | ffff ffff 

  0x000001dd98cef884: ;   {virtual_call}
  0x000001dd98cef884: ffff ffe8 

  0x000001dd98cef888: ; ImmutableOopMap {[32]=Oop [56]=Oop [64]=Oop [104]=Oop [112]=Oop [120]=Oop }
                      ;*invokevirtual isUnknown {reexecute=0 rethrow=0 return_oop=0}
                      ; - com.android.tools.r8.internal.Qk0::a@128 (line 19)
                      ; - com.android.tools.r8.internal.Qk0::a@272 (line 53)
  0x000001dd98cef888: 4c49 44ff 

  0x000001dd98cef88c: ;   {other}
  0x000001dd98cef88c: 0f1f 8400 | 7c25 001f | 85c0 0f84 | dffc ffff | 4c8b 4424 | 408b 4c24 | 284c 8b4c | 2470 488b 
  0x000001dd98cef8ac: 5424 204c | 8b54 2468 | 458b 5a10 

  0x000001dd98cef8b8: ; implicit exception: dispatches to 0x000001dd98cf37f0
  0x000001dd98cef8b8: 418b 7b1c 

  0x000001dd98cef8bc: ; implicit exception: dispatches to 0x000001dd98cf3808
  0x000001dd98cef8bc: 8b5f 0c89 | 5c24 7089 | 7c24 4c44 | 895c 2448 | 4889 5424 | 504c 894c | 2460 894c | 242c 4c89 
  0x000001dd98cef8dc: 4424 404d | 8b11 4c8b | df4c 895c | 2420 4d8b | da49 83e3 | 0344 8b44 | 2448 498b | e849 83fb 
  0x000001dd98cef8fc: 010f 85d3 | 1000 0049 | c1ea 0841 | 8bc2 25ff | ffff 7f85 | c00f 84bf | 1000 0044 | 8bd0 41c1 
  0x000001dd98cef91c: e208 d1e0 | 412b c244 | 8b54 2470 | 41ff ca41 | 23c2 448b | 5c24 7045 | 85db 0f86 | ac22 0000 
  0x000001dd98cef93c: 448b 5424 | 4c45 8b54 | 8210 4d8b | da4c 8b44 | 2460 4d3b | d80f 843c | 0600 0066 | 0f1f 8400 
  0x000001dd98cef95c: 0000 0000 | 4585 d20f | 85ee 0500 | 0044 8b5c | 2448 458b | 5b1c 458b | 530c 4489 | 5424 5844 
  0x000001dd98cef97c: 895c 245c | 4c8b 5424 | 604d 8b12 

  0x000001dd98cef988: ;   {no_reloc}
  0x000001dd98cef988: 498b eb4d | 8bda 4983 | e303 4983 | fb01 0f85 | 7510 0000 | 49c1 ea08 | 418b c225 | ffff ff7f 
  0x000001dd98cef9a8: 85c0 0f84 | 6110 0000 | 448b d841 | c1e3 08d1 | e041 2bc3 | 448b 5c24 | 5841 ffcb | 4123 c344 
  0x000001dd98cef9c8: 8b5c 2458 | 4585 db0f | 8603 2300 | 0044 8b54 | 245c 458b | 5c82 104d | 8bd3 4c8b | 4424 604d 
  0x000001dd98cef9e8: 3bd0 743d | 4585 db74 | 5f83 c002 | 3b44 2458 | 0f8d 1c0b | 0000 4d8b | 9750 0400 

  0x000001dd98cefa04: ; ImmutableOopMap {rbp=Oop [56]=Oop [64]=Oop [80]=Oop [92]=NarrowOop [96]=Oop [104]=Oop }
                      ;*goto {reexecute=1 rethrow=0 return_oop=0}
                      ; - (reexecute) java.util.IdentityHashMap::containsKey@52
                      ; - java.util.Map::getOrDefault@14
                      ; - com.android.tools.r8.internal.Qk0::a@151 (line 20)
                      ; - com.android.tools.r8.internal.Qk0::a@272 (line 53)
                      ;   {poll}
  0x000001dd98cefa04: 0041 8502 | 3b44 2458 | 0f83 7a2c | 0000 448b | 5424 5c45 | 8b5c 8210 | 4d8b d34c | 8b44 2460 
  0x000001dd98cefa24: 4d3b d075 | c3ba 45ff | ffff 4c8b | 5424 384c | 8954 2420 | 4c8b 5424 | 404c 8954 

  0x000001dd98cefa40: ;   {runtime_call UncommonTrapBlob}
  0x000001dd98cefa40: 2428 90e8 

  0x000001dd98cefa44: ; ImmutableOopMap {[32]=Oop [40]=Oop [80]=Oop [96]=Oop [104]=Oop }
                      ;*ifeq {reexecute=1 rethrow=0 return_oop=0}
                      ; - (reexecute) java.util.Map::getOrDefault@19
                      ; - com.android.tools.r8.internal.Qk0::a@151 (line 20)
                      ; - com.android.tools.r8.internal.Qk0::a@272 (line 53)
  0x000001dd98cefa44: b84b 18ff 

  0x000001dd98cefa48: ;   {other}
  0x000001dd98cefa48: 0f1f 8400 | 3827 0021 

  0x000001dd98cefa50: ;   {oop(a 'com/android/tools/r8/internal/o7'{0x0000000094e807a0})}
  0x000001dd98cefa50: 49b8 a007 | e894 0000 | 0000 488b | 5424 5066 | 9048 b8ff | ffff ffff 

  0x000001dd98cefa68: ;   {virtual_call}
  0x000001dd98cefa68: ffff ffe8 

  0x000001dd98cefa6c: ; ImmutableOopMap {[56]=Oop [64]=Oop [80]=Oop [96]=Oop [104]=Oop }
                      ;*invokevirtual equals {reexecute=0 rethrow=0 return_oop=0}
                      ; - com.android.tools.r8.internal.Qk0::a@203 (line 25)
                      ; - com.android.tools.r8.internal.Qk0::a@272 (line 53)
  0x000001dd98cefa6c: 70cd 24ff 

  0x000001dd98cefa70: ;   {other}
  0x000001dd98cefa70: 0f1f 8400 | 6027 0022 | 85c0 0f85 | 8b04 0000 | 4c8b 4c24 | 6845 8b41 | 1441 8b68 | 1044 8b5d 
  0x000001dd98cefa90: ;   {metadata('java/util/Collections$SetFromMap')}
  0x000001dd98cefa90: 0841 81fb | fd53 0020 | 0f85 b62d | 0000 4c8b | d545 8b5a | 0c45 8b53 | 0844 8944 | 2478 48ff 
  0x000001dd98cefab0: 7424 6848 | 8f44 2458 | 498b d34c | 8b5c 2460 | 4d8b c344 | 8944 2430 | 448b 4424 | 784d 8bd8 
  0x000001dd98cefad0: 4c89 5c24 

  0x000001dd98cefad4: ;   {metadata('java/util/IdentityHashMap')}
  0x000001dd98cefad4: 4841 81fa | 4f06 0120 | 0f85 8a0c | 0000 4889 | 9424 8000 | 0000 448b | 5a1c 458b | 530c 4489 
  0x000001dd98cefaf4: 5424 344c | 8b54 2460 | 4d8b 124c | 895c 2420 | 4d8b da49 | 83e3 0349 | 83fb 010f | 85c4 1200 
  0x000001dd98cefb14: 0049 c1ea | 0841 8bc2 | 25ff ffff | 7f85 c00f | 84b0 1200 | 0044 8bd8 | 41c1 e308 | 448b 5424 
  0x000001dd98cefb34: 3441 ffca | d1e0 412b | c341 23c2 | 8944 2428 | 448b 4424 | 3444 8b54 | 2428 443b | 5424 340f 
  0x000001dd98cefb54: 831f 2600 | 004c 8b54 | 2420 448b | 5c24 284b | 8d5c 9a10 | 458b 5a08 | 448b 134c | 634c 2428 
  0x000001dd98cefb74: 488b 4c24 | 204a 8d74 | 8914 8b7c | 2428 ffc7 | 4585 d20f | 8541 0300 | 004c 8b94 | 2480 0000 
  0x000001dd98cefb94: 0041 8b6a | 1444 8d4c | 6d03 ffc5 | 453b c80f | 8ff7 0b00 | 0041 ff42 

  0x000001dd98cefbac: ;   {metadata('java/lang/Object'[])}
  0x000001dd98cefbac: 1841 81fb | acb6 0020 | 0f85 762f | 0000 4180 | 7f40 000f | 85e9 1300 | 0044 8b54 | 2430 4489 
  0x000001dd98cefbcc: 134c 8b54 | 2460 4c8b | db4d 33d3 | 49c1 ea14 | 4d85 d274 | 1a49 c1eb | 0948 b900 | 009b a0dd 
  0x000001dd98cefbec: 0100 0049 | 03cb 8039 | 020f 8517 | 1400 003b | 7c24 340f | 8373 2e00 | 0041 807f | 4000 0f85 
  0x000001dd98cefc0c: d013 0000 

  0x000001dd98cefc10: ;   {oop(a 'java/lang/Boolean'{0x000000008084a8f0} = true)}
  0x000001dd98cefc10: c706 f0a8 

  0x000001dd98cefc14: ;   {oop(a 'java/lang/Boolean'{0x000000008084a8f0} = true)}
  0x000001dd98cefc14: 8480 49ba | f0a8 8480 | 0000 0000 | 4c8b de4d | 33d3 49c1 | ea14 4d85 | d274 1a49 | c1eb 0948 
  0x000001dd98cefc34: b900 009b | a0dd 0100 | 0049 03cb | 8039 020f | 8517 1400 | 004c 8b94 | 2480 0000 | 0041 896a 
  0x000001dd98cefc54: 1445 33d2 | 4d85 d20f | 85a4 0000 | 0044 8b54 | 2478 418b | 6a0c 448b 

  0x000001dd98cefc6c: ;   {metadata('java/util/ArrayDeque')}
  0x000001dd98cefc6c: 5d08 4181 | fb32 5a00 | 200f 8515 | 2d00 0048 | 8bdd 448b | 5b14 8b6b | 1041 8b73 | 0c3b ee0f 
  0x000001dd98cefc8c: 83af 2c00 | 0045 8b53 

  0x000001dd98cefc94: ;   {metadata('java/lang/Object'[])}
  0x000001dd98cefc94: 0841 81fa | acb6 0020 | 0f85 322d | 0000 4d8b | d349 8d7c | ab10 4180 | 7f40 000f | 8540 1100 
  0x000001dd98cefcb4: 0044 8b5c | 2430 4489 | 1f4c 8b54 | 2460 4c8b | df4d 33d3 | 49c1 ea14 | 4d85 d274 | 1a49 c1eb 
  0x000001dd98cefcd4: 0948 b900 | 009b a0dd | 0100 0049 | 03cb 8039 | 020f 853c | 1100 00ff | c53b ee0f | 8d43 0500 
  0x000001dd98cefcf4: 0089 6b10 | 448b 5b0c | 443b dd0f | 8478 1400 | 004c 8b5c | 2458 458b | 4b10 458b | 511c 4489 
  0x000001dd98cefd14: 4c24 704c | 895c 2468 

  0x000001dd98cefd1c: ; implicit exception: dispatches to 0x000001dd98cf3c18
  0x000001dd98cefd1c: 458b 5a0c | 4489 5c24 | 344c 8b5c | 2460 4d8b | 1b4c 8954 | 2420 4d8b | d349 83e2 | 034d 8bc1 
  0x000001dd98cefd3c: 4c89 4424 | 4849 83fa | 010f 8576 | 1000 0049 | c1eb 0841 | 8bc3 25ff | ffff 7f85 | c00f 8462 
  0x000001dd98cefd5c: 1000 0044 | 8bd0 41c1 | e208 4c8b | 5c24 504d | 8bc3 4489 | 4424 5844 | 8b44 2434 | 41ff c8d1 
  0x000001dd98cefd7c: e041 2bc2 | 4123 c089 | 4424 2844 | 8b44 2434 | 448b 5c24 | 2844 3b5c 

  0x000001dd98cefd94: ;   {no_reloc}
  0x000001dd98cefd94: 2434 0f83 | a423 0000 | 4c8b 5424 | 204b 8d5c | 9a10 458b | 5a08 448b | 134c 634c | 2428 488b 
  0x000001dd98cefdb4: 4c24 204a | 8d74 8914 | 8b7c 2428 | ffc7 4585 | d20f 85c6 | 0000 0044 | 8b54 2470 | 418b 6a14 
  0x000001dd98cefdd4: 448d 546d | 03ff c545 | 3bd0 0f8f | f608 0000 | 448b 4424 | 7041 ff40 

  0x000001dd98cefdec: ;   {metadata('java/lang/Object'[])}
  0x000001dd98cefdec: 1841 81fb | acb6 0020 | 0f85 562c | 0000 4180 | 7f40 000f | 85a9 1000 | 0044 8b54 | 2430 4489 
  0x000001dd98cefe0c: 134c 8b54 | 2460 4c8b | db4d 33d3 | 49c1 ea14 | 4d85 d274 | 1a49 c1eb | 0948 b900 | 009b a0dd 
  0x000001dd98cefe2c: 0100 0049 | 03cb 8039 | 020f 85d7 | 1000 003b | 7c24 340f | 83df 2b00 | 0041 807f | 4000 0f85 
  0x000001dd98cefe4c: 9010 0000 | 448b 5c24 | 5844 891e | 4c8b 5424 | 504c 8bde | 4d33 d349 | c1ea 144d | 85d2 741a 
  0x000001dd98cefe6c: 49c1 eb09 | 48b9 0000 | 9ba0 dd01 | 0000 4903 | cb80 3902 | 0f85 da10 | 0000 448b | 5424 7041 
  0x000001dd98cefe8c: 896a 14eb | 7a4c 8b4c | 2460 4d3b | d10f 84ff | 0400 0044 | 8b5c 2428 | 4183 c302 | 4489 5c24 
  0x000001dd98cefeac: 2845 3bd8 | 0f8d 8c06 | 0000 4d8b | 9750 0400 

  0x000001dd98cefebc: ; ImmutableOopMap {r9=Oop rcx=Oop [32]=Oop [48]=NarrowOop [56]=Oop [64]=Oop [72]=Oop [80]=Oop [88]=NarrowOop [96]=Oop [104]=Oop [112]=NarrowOop }
                      ;*goto {reexecute=1 rethrow=0 return_oop=0}
                      ; - (reexecute) java.util.IdentityHashMap::put@70
                      ; - com.android.tools.r8.internal.Qk0::a@224 (line 27)
                      ; - com.android.tools.r8.internal.Qk0::a@272 (line 53)
                      ;   {poll}
  0x000001dd98cefebc: 0041 8502 | 448b 510c | 4489 5424 | 34e9 befe | ffff 4c8b | 4c24 604d | 3bd1 0f84 | 6c05 0000 
  0x000001dd98cefedc: 448b 5424 | 2841 83c2 | 0244 8954 | 2428 453b | d00f 8df4 | 0600 004d | 8b9f 5004 | 0000 448b 
  0x000001dd98cefefc: 510c 4489 

  0x000001dd98ceff00: ; ImmutableOopMap {r9=Oop [32]=Oop [48]=NarrowOop [56]=Oop [64]=Oop [72]=Oop [80]=Oop [88]=Oop [96]=Oop [120]=NarrowOop [128]=Oop }
                      ;*goto {reexecute=1 rethrow=0 return_oop=0}
                      ; - (reexecute) java.util.IdentityHashMap::put@70
                      ; - java.util.Collections$SetFromMap::add@8
                      ; - com.android.tools.r8.internal.Vu0::b@5 (line 2)
                      ; - com.android.tools.r8.internal.Qk0::a@215 (line 26)
                      ; - com.android.tools.r8.internal.Qk0::a@272 (line 53)
                      ;   {poll}
  0x000001dd98ceff00: 5424 3441 | 8503 e93e | fcff ff4d | 8b97 5004 

  0x000001dd98ceff10: ; ImmutableOopMap {[56]=Oop [64]=Oop [104]=Oop }
                      ;*goto {reexecute=1 rethrow=0 return_oop=0}
                      ; - (reexecute) com.android.tools.r8.internal.Qk0::a@275 (line 53)
                      ;   {poll}
  0x000001dd98ceff10: 0000 4185 | 024c 8b44 | 2440 458b 

  0x000001dd98ceff1c: ;   {metadata('com/android/tools/r8/internal/dJ')}
  0x000001dd98ceff1c: 5808 4181 | fb77 7e34 | 200f 85a7 | 0100 004d | 8bd0 458b | 4a10 458b | 520c 453b | ca0f 8d7b 
  0x000001dd98ceff3c: 0500 0041 | ba01 0000 | 0045 85d2 | 0f84 2aef | ffff 8b4c | 242c e91e | f4ff ff83 | c002 3b44 
  0x000001dd98ceff5c: 2470 0f8d | 5e05 0000 | 4d8b 9750 

  0x000001dd98ceff68: ; ImmutableOopMap {rbp=Oop [32]=Oop [56]=Oop [64]=Oop [72]=NarrowOop [76]=NarrowOop [80]=Oop [96]=Oop [104]=Oop }
                      ;*goto {reexecute=1 rethrow=0 return_oop=0}
                      ; - (reexecute) java.util.IdentityHashMap::get@57
                      ; - java.util.Map::getOrDefault@2
                      ; - com.android.tools.r8.internal.Qk0::a@151 (line 20)
                      ; - com.android.tools.r8.internal.Qk0::a@272 (line 53)
                      ;   {poll}
  0x000001dd98ceff68: 0400 0041 | 8502 3b44 | 2470 0f83 | e81e 0000 | 448b 5c24 | 4c45 8b54 | 8310 4d8b | da4c 8b44 
  0x000001dd98ceff88: 2460 4d3b | d80f 85cd | f9ff ff44 | 8d58 0144 | 3b5c 2470 | 0f83 2622 | 0000 4c63 | d044 8b5c 
  0x000001dd98ceffa8: 244c 478b | 5c93 1445 | 85db 0f84 | b1f9 ffff | 458b 4308 | 4d33 d24f | 8d14 c24d 

  0x000001dd98ceffc4: ;   {metadata('com/android/tools/r8/internal/E1')}
  0x000001dd98ceffc4: 8b52 3849 | b828 26a9 | 0101 0000 | 004d 3bd0 | 0f85 ba28 | 0000 4d8b | c3e9 78fa | ffff 0f1f 
  0x000001dd98ceffe4: 8000 0000 | 000f 1f80 | 0000 0000 | 4c8b 5424 | 4848 896c | 2448 448b | 5c24 5045 | 8b5b 0c44 
  0x000001dd98cf0004: 3b5c 243c | 0f85 c21a | 0000 448b | 4424 5045 | 8b40 1044 | 8b5c 2438 | 453b d80f | 8d73 1700 
  0x000001dd98cf0024: 004c 8b54 | 2448 458b | 4210 458b | 5a0c 448b | 5424 3841 | ffc2 4489 | 5424 3845 | 8b53 084d 
  0x000001dd98cf0044: 33c9 4f8d | 0cd1 4d8b 

  0x000001dd98cf004c: ;   {metadata('com/android/tools/r8/internal/rD')}
  0x000001dd98cf004c: 5138 49b9 | b093 a901 | 0100 0000 | 4d3b d10f | 8573 1700 | 0049 8be8 | 4d8b c348 | 8b54 2430 
  0x000001dd98cf006c: ;   {optimized virtual_call}
  0x000001dd98cf006c: 6666 90e8 

  0x000001dd98cf0070: ; ImmutableOopMap {rbp=Oop [32]=Oop [40]=Oop [48]=Oop [72]=Oop [80]=NarrowOop }
                      ;*invokevirtual b {reexecute=0 rethrow=0 return_oop=0}
                      ; - com.android.tools.r8.internal.Qk0::a@188 (line 44)
  0x000001dd98cf0070: 4cc0 8dff 

  0x000001dd98cf0074: ;   {other}
  0x000001dd98cf0074: 0f1f 8400 | 642d 0027 | 448b 5c24 | 5045 8b5b | 1044 8b54 | 2438 453b | d30f 8c5d | ffff ff4c 
  0x000001dd98cf0094: 8b54 2430 | 488b 4c24 | 28e9 a0de | ffff 4180 | 7f40 000f | 85c4 0d00 

  0x000001dd98cf00ac: ;   {oop(a 'java/lang/ClassCastException'{0x0000000083b8a580})}
  0x000001dd98cf00ac: 0049 ba80 | a5b8 8300 | 0000 0045 

  0x000001dd98cf00b8: ;   {oop(a 'java/lang/ClassCastException'{0x0000000083b8a580})}
  0x000001dd98cf00b8: 8962 1448 | ba80 a5b8 | 8300 0000 | 0048 81c4 | d000 0000 

  0x000001dd98cf00cc: ;   {runtime_call _rethrow_Java}
  0x000001dd98cf00cc: 5de9 2eb3 

  0x000001dd98cf00d0: ;   {metadata('com/android/tools/r8/internal/cJ')}
  0x000001dd98cf00d0: 24ff 4181 | fbb4 dd34 | 200f 85c5 | 2a00 004d | 8bd0 450f | b652 0c41 | 83f2 01e9 | 55fe ffff 
  0x000001dd98cf00f0: 33c9 e9ce 

  0x000001dd98cf00f4: ;   {oop(a 'com/android/tools/r8/internal/o7'{0x0000000094e807a0})}
  0x000001dd98cf00f4: f1ff ff49 | baa0 07e8 | 9400 0000 | 004c 8954 | 2420 e981 

  0x000001dd98cf0108: ;   {oop(a 'com/android/tools/r8/internal/o7'{0x0000000094e807a0})}
  0x000001dd98cf0108: e2ff ff48 | baa0 07e8 | 9400 0000 | 00e9 95f7 | ffff 4533 | d2e9 4ded 

  0x000001dd98cf0120: ;   {metadata('com/android/tools/r8/internal/dJ')}
  0x000001dd98cf0120: ffff 81f9 | 777e 3420 | 0f85 9a2e | 0000 498b | d844 8b4b | 1044 8b53 | 0c45 3bca | 0f8d 322e 
  0x000001dd98cf0140: 0000 458b | d18b 6b14 | 41ff c144 | 894b 1044 | 8b4d 0c45 | 3bd1 0f83 | 442e 0000 | 468b 4c95 
  0x000001dd98cf0160: 10e9 35f2 | ffff 4533 | c9e9 bfee | ffff 4c8b | 5424 3048 | 8b4c 2428 | e9c5 ddff | ff33 ede9 
  0x000001dd98cf0180: 40e6 ffff | 660f 1f44 | 0000 660f | 1f44 0000 | 4c8b 4424 | 4048 8bc5 | 458b 530c | 443b 5424 
  0x000001dd98cf01a0: 340f 85f1 | 2a00 0045 | 8b53 1045 | 3bca 0f8d | 5423 0000 

  0x000001dd98cf01b4: ; implicit exception: dispatches to 0x000001dd98cf3a3c
  0x000001dd98cf01b4: 8b48 108b | 580c 41ff | c144 8b53 | 0848 33ff | 4a8d 3cd7 | 4c8b 5738 

  0x000001dd98cf01cc: ;   {metadata('com/android/tools/r8/internal/rD')}
  0x000001dd98cf01cc: 48bf b093 | a901 0100 | 0000 4c3b | d70f 8559 | 2300 0048 | 8944 2440 | 4489 4c24 | 3844 895c 
  0x000001dd98cf01ec: 2430 488b | e94c 8bc3 | 488b 5424 

  0x000001dd98cf01f8: ;   {optimized virtual_call}
  0x000001dd98cf01f8: 2066 90e8 

  0x000001dd98cf01fc: ; ImmutableOopMap {rbp=Oop [32]=Oop [40]=Oop [48]=NarrowOop [64]=Oop [80]=Oop }
                      ;*invokevirtual b {reexecute=0 rethrow=0 return_oop=0}
                      ; - com.android.tools.r8.internal.Qk0::a@35 (line 30)
  0x000001dd98cf01fc: c0be 8dff 

  0x000001dd98cf0200: ;   {other}
  0x000001dd98cf0200: 0f1f 8400 | f02e 0028 | 4d8b 9750 

  0x000001dd98cf020c: ; ImmutableOopMap {rbp=Oop [32]=Oop [40]=Oop [48]=NarrowOop [64]=Oop [80]=Oop }
                      ;*goto {reexecute=1 rethrow=0 return_oop=0}
                      ; - (reexecute) com.android.tools.r8.internal.Qk0::a@38 (line 30)
                      ;   {poll}
  0x000001dd98cf020c: 0400 0041 | 8502 448b | 5c24 3045 | 8b53 1044 | 8b4c 2438 | 453b ca0f | 8c67 ffff | ff4c 8b54 
  0x000001dd98cf022c: 2420 4c8b | 5c24 50e9 | 4fda ffff | 33ed e9b6 | faff ff3b | 5c24 480f | 83a3 2d00 

  0x000001dd98cf0248: ;   {metadata('java/lang/Object'[])}
  0x000001dd98cf0248: 0041 81fb | acb6 0020 | 0f85 be2d | 0000 4180 | 7f40 000f | 8594 0f00 | 0044 8b54 | 244c 4489 
  0x000001dd98cf0268: 164c 8b54 | 2420 4c8b | de4d 33d3 | 49c1 ea14 | 4d85 d20f | 845e e7ff | ff49 c1eb | 0948 b900 
  0x000001dd98cf0288: 009b a0dd | 0100 0049 | 03cb 8039 | 020f 8444 | e7ff ff4d | 8b57 584d | 8b5f 48f0 | 8344 24c0 
  0x000001dd98cf02a8: 0080 3900 | 0f84 2de7 | ffff 4488 | 214d 85db | 751d 498b | d749 ba50 | ed68 8cf8 | 7f00 0041 
  0x000001dd98cf02c8: ;   {other}
  0x000001dd98cf02c8: ffd2 0f1f | 8400 0000 | 0000 e908 | e7ff ff4b | 894c 1af8 | 4983 c3f8 | 4d89 5f48 | e9f6 e6ff 
  0x000001dd98cf02e8: ff3b 7c24 | 500f 8345 | 2d00 008b 

  0x000001dd98cf02f4: ;   {metadata('java/lang/Object'[])}
  0x000001dd98cf02f4: 2e41 81fb | acb6 0020 | 0f85 662d | 0000 4180 | 7f40 000f | 851a 0f00 

  0x000001dd98cf030c: ;   {oop(a 'java/lang/Boolean'{0x000000008084a8f0} = true)}
  0x000001dd98cf030c: 00c7 06f0 

  0x000001dd98cf0310: ;   {oop(a 'java/lang/Boolean'{0x000000008084a8f0} = true)}
  0x000001dd98cf0310: a884 8049 | baf0 a884 | 8000 0000 | 004c 8bdd | 498b db4c | 8bde 4d33 | d349 c1ea | 144d 85d2 
  0x000001dd98cf0330: 0f84 eee3 | ffff 49c1 | eb09 48b9 | 0000 9ba0 | dd01 0000 | 4903 cb80 | 3902 0f84 | d4e3 ffff 
  0x000001dd98cf0350: 4d8b 5758 | 4d8b 5f48 | f083 4424 | c000 8039 | 000f 84bd | e3ff ff44 | 8821 4d85 | db75 1d49 
  0x000001dd98cf0370: 8bd7 49ba | 50ed 688c | f87f 0000 

  0x000001dd98cf037c: ;   {other}
  0x000001dd98cf037c: 41ff d20f | 1f84 0000 | 0000 00e9 | 98e3 ffff | 4b89 4c1a | f849 83c3 | f84d 895f | 48e9 86e3 
  0x000001dd98cf039c: ffff 3b7c | 2434 0f83 | f42c 0000 

  0x000001dd98cf03a8: ;   {metadata('java/lang/Object'[])}
  0x000001dd98cf03a8: 4181 fbac | b600 200f | 8513 2d00 | 0041 807f | 4000 0f85 | 990e 0000 | 448b 5c24 | 5844 891e 
  0x000001dd98cf03c8: 4c8b 5424 | 504c 8bde | 4d33 d349 | c1ea 144d | 85d2 0f84 | 2bfb ffff | 49c1 eb09 | 48b9 0000 
  0x000001dd98cf03e8: 9ba0 dd01 | 0000 4903 | cb80 3902 | 0f84 11fb | ffff 4d8b | 5758 4d8b | 5f48 f083 | 4424 c000 
  0x000001dd98cf0408: 8039 000f | 84fa faff | ff44 8821 | 4d85 db75 | 1d49 8bd7 | 49ba 50ed | 688c f87f | 0000 41ff 
  0x000001dd98cf0428: ;   {other}
  0x000001dd98cf0428: d20f 1f84 | 0000 0000 | 00e9 d5fa | ffff 4b89 | 4c1a f849 | 83c3 f84d | 895f 48e9 | c3fa ffff 
  0x000001dd98cf0448: 3b7c 2434 | 0f83 a22c | 0000 8b2e 

  0x000001dd98cf0454: ;   {metadata('java/lang/Object'[])}
  0x000001dd98cf0454: 4181 fbac | b600 200f | 85d3 2c00 | 0041 807f | 4000 0f85 | 1f0e 0000 

  0x000001dd98cf046c: ;   {oop(a 'java/lang/Boolean'{0x000000008084a8f0} = true)}
  0x000001dd98cf046c: c706 f0a8 

  0x000001dd98cf0470: ;   {oop(a 'java/lang/Boolean'{0x000000008084a8f0} = true)}
  0x000001dd98cf0470: 8480 49ba | f0a8 8480 | 0000 0000 | 4c8b dd49 | 8bdb 4c8b | de4d 33d3 | 49c1 ea14 | 4d85 d274 
  0x000001dd98cf0490: 1a49 c1eb | 0948 b900 | 009b a0dd | 0100 0049 | 03cb 8039 | 020f 8512 | 0e00 004c | 8bd3 e9a5 
  0x000001dd98cf04b0: f7ff ff33 | c0e9 68e6 | ffff 4533 | d2e9 83fa | ffff 33c0 | e99b faff | ff4c 8b54 | 2420 4c8b 
  0x000001dd98cf04d0: 5c24 50e9 | afd7 ffff | 448b 449f | 1045 85c0 | 0f84 d6e7 | ffff 4d8b | 4f28 498b | c84d 85c9 
  0x000001dd98cf04f0: 0f84 5f11 | 0000 4d8b | 4738 4b89 | 4c08 f849 | 83c1 f84d | 894f 28e9 | b0e7 ffff | 33c0 e9bb 
  0x000001dd98cf0510: dfff ff33 | c0e9 96e6 | ffff 33c0 | e9dd f4ff | ff45 33d2 | 4489 5424 | 30e9 5ce4 | ffff 4533 
  0x000001dd98cf0530: db44 895c | 2430 e98c | e4ff ff33 | c0e9 77f2 | ffff 4533 | d244 8954 | 2428 e967 | f9ff ff48 
  0x000001dd98cf0550: 8b54 2450 

  0x000001dd98cf0554: ;   {optimized virtual_call}
  0x000001dd98cf0554: 6666 90e8 

  0x000001dd98cf0558: ; ImmutableOopMap {[32]=Oop [40]=Oop [52]=NarrowOop [56]=Oop [64]=Oop [76]=NarrowOop [80]=Oop [96]=Oop [104]=Oop [112]=NarrowOop [148]=NarrowOop }
                      ;*invokevirtual resize {reexecute=0 rethrow=0 return_oop=0}
                      ; - java.util.IdentityHashMap::put@96
                      ; - com.android.tools.r8.internal.Qk0::a@224 (line 27)
                      ; - com.android.tools.r8.internal.Qk0::a@141 (line 40)
  0x000001dd98cf0558: a40f cbff 

  0x000001dd98cf055c: ;   {other}
  0x000001dd98cf055c: 0f1f 8400 | 4c32 002a | 85c0 0f84 | 802c 0000 | 4d8b 9750 | 0400 0044 | 8b5c 2470 

  0x000001dd98cf0578: ; ImmutableOopMap {r8=NarrowOop [32]=Oop [52]=NarrowOop [56]=Oop [64]=Oop [76]=NarrowOop [80]=Oop [96]=Oop [104]=Oop [112]=NarrowOop [148]=NarrowOop }
                      ;*goto {reexecute=1 rethrow=0 return_oop=0}
                      ; - (reexecute) java.util.IdentityHashMap::put@102
                      ; - com.android.tools.r8.internal.Qk0::a@224 (line 27)
                      ; - com.android.tools.r8.internal.Qk0::a@141 (line 40)
  0x000001dd98cf0578: 458b 431c 

  0x000001dd98cf057c: ;   {poll}
  0x000001dd98cf057c: 4185 0245 | 8b50 0c44 | 8954 2448 | 4c8b 5424 | 684d 8b12 | 4d8b d84c | 895c 2428 | 4d8b da49 
  0x000001dd98cf059c: 83e3 0349 | 83fb 010f | 8573 1000 | 0049 c1ea | 0841 8bc2 | 25ff ffff | 7f85 c00f | 845f 1000 
  0x000001dd98cf05bc: 0044 8b4c | 2448 41ff | c944 8d14 | 00c1 e008 | 458b da44 | 2bd8 458b | d345 23d1 | 4489 5424 
  0x000001dd98cf05dc: 3044 8b44 | 2448 e974 | e2ff ff45 | 33db 4489 | 5c24 28e9 | fff8 ffff | 4c8b 4424 

  0x000001dd98cf05f8: ;   {oop(a 'java/lang/Boolean'{0x000000008084a8f0} = true)}
  0x000001dd98cf05f8: 6849 b9f0 | a884 8000 | 0000 004c | 8b54 2460 | 4c89 5424 | 288b ac24 | 9000 0000 | 9048 b8ff 
  0x000001dd98cf0618: ffff ffff 

  0x000001dd98cf061c: ;   {virtual_call}
  0x000001dd98cf061c: ffff ffe8 

  0x000001dd98cf0620: ; ImmutableOopMap {[32]=Oop [40]=Oop [52]=NarrowOop [56]=Oop [64]=Oop [72]=Oop [96]=Oop [104]=Oop [128]=NarrowOop [148]=NarrowOop }
                      ;*invokeinterface put {reexecute=0 rethrow=0 return_oop=1}
                      ; - java.util.Collections$SetFromMap::add@8
                      ; - com.android.tools.r8.internal.Vu0::b@5 (line 2)
                      ; - com.android.tools.r8.internal.Qk0::a@215 (line 26)
                      ; - com.android.tools.r8.internal.Qk0::a@141 (line 40)
  0x000001dd98cf0620: 5ce7 17ff 

  0x000001dd98cf0624: ;   {other}
  0x000001dd98cf0624: 0f1f 8400 | 1433 002c | 488b d8e9 | f0e0 ffff | 488b 9424 | 9800 0000 | 4c8b 5424 | 684c 8954 
  0x000001dd98cf0644: ;   {optimized virtual_call}
  0x000001dd98cf0644: 2458 90e8 

  0x000001dd98cf0648: ; ImmutableOopMap {[32]=Oop [40]=Oop [52]=NarrowOop [56]=Oop [64]=Oop [72]=Oop [88]=Oop [96]=Oop [104]=Oop [128]=NarrowOop [148]=NarrowOop [152]=Oop }
                      ;*invokevirtual resize {reexecute=0 rethrow=0 return_oop=0}
                      ; - java.util.IdentityHashMap::put@96
                      ; - java.util.Collections$SetFromMap::add@8
                      ; - com.android.tools.r8.internal.Vu0::b@5 (line 2)
                      ; - com.android.tools.r8.internal.Qk0::a@215 (line 26)
                      ; - com.android.tools.r8.internal.Qk0::a@141 (line 40)
  0x000001dd98cf0648: b40e cbff 

  0x000001dd98cf064c: ;   {other}
  0x000001dd98cf064c: 0f1f 8400 | 3c33 002d | 85c0 0f84 | b02b 0000 | 4d8b 9750 | 0400 004c | 8b9c 2498 | 0000 0045 
  0x000001dd98cf066c: ; ImmutableOopMap {r11=Oop r8=NarrowOop [32]=Oop [52]=NarrowOop [56]=Oop [64]=Oop [72]=Oop [88]=Oop [96]=Oop [104]=Oop [128]=NarrowOop [148]=NarrowOop [152]=Oop }
                      ;*goto {reexecute=1 rethrow=0 return_oop=0}
                      ; - (reexecute) java.util.IdentityHashMap::put@102
                      ; - java.util.Collections$SetFromMap::add@8
                      ; - com.android.tools.r8.internal.Vu0::b@5 (line 2)
                      ; - com.android.tools.r8.internal.Qk0::a@215 (line 26)
                      ; - com.android.tools.r8.internal.Qk0::a@141 (line 40)
                      ;   {poll}
  0x000001dd98cf066c: 8b43 1c41 | 8502 458b | 500c 4489 | 5424 504c | 8b54 2458 | 4d8b 124d | 8bd8 4c89 | 5c24 284d 
  0x000001dd98cf068c: 8bda 4983 | e303 4983 | fb01 0f85 | 9d0f 0000 | 49c1 ea08 | 418b c225 | ffff ff7f | 85c0 0f84 
  0x000001dd98cf06ac: 890f 0000 | 448b 4c24 | 5041 ffc9 | 448d 1c00 | c1e0 0845 | 8bd3 442b | d045 8bda | 4523 d944 
  0x000001dd98cf06cc: 895c 2430 | 448b 4424 | 50e9 34df | ffff 488b 

  0x000001dd98cf06dc: ;   {optimized virtual_call}
  0x000001dd98cf06dc: 5424 48e8 

  0x000001dd98cf06e0: ; ImmutableOopMap {[32]=Oop [48]=NarrowOop [56]=Oop [64]=Oop [72]=Oop [80]=Oop [88]=NarrowOop [96]=Oop [104]=Oop [112]=NarrowOop }
                      ;*invokevirtual resize {reexecute=0 rethrow=0 return_oop=0}
                      ; - java.util.IdentityHashMap::put@96
                      ; - com.android.tools.r8.internal.Qk0::a@224 (line 27)
                      ; - com.android.tools.r8.internal.Qk0::a@272 (line 53)
  0x000001dd98cf06e0: 9ce3 17ff 

  0x000001dd98cf06e4: ;   {other}
  0x000001dd98cf06e4: 0f1f 8400 | d433 002f | 85c0 0f84 | 542b 0000 | 4d8b 9750 

  0x000001dd98cf06f8: ; ImmutableOopMap {[48]=NarrowOop [56]=Oop [64]=Oop [72]=Oop [80]=Oop [88]=NarrowOop [96]=Oop [104]=Oop [112]=NarrowOop }
                      ;*goto {reexecute=1 rethrow=0 return_oop=0}
                      ; - (reexecute) java.util.IdentityHashMap::put@102
                      ; - com.android.tools.r8.internal.Qk0::a@224 (line 27)
                      ; - com.android.tools.r8.internal.Qk0::a@272 (line 53)
                      ;   {poll}
  0x000001dd98cf06f8: 0400 0041 | 8502 448b | 5c24 7045 | 8b53 1c45 | 8b5a 0c44 | 895c 2434 | 4c8b 5c24 | 604d 8b1b 
  0x000001dd98cf0718: 4c89 5424 | 204d 8bd3 | 4983 e203 | 4983 fa01 | 0f85 540f | 0000 49c1 | eb08 418b | c325 ffff 
  0x000001dd98cf0738: ff7f 85c0 | 0f84 400f | 0000 448b | 4c24 3441 | ffc9 448d | 1c00 c1e0 | 0845 8bd3 | 442b d045 
  0x000001dd98cf0758: 8bda 4523 | d944 895c | 2428 448b | 4424 34e9 | 20f6 ffff | 4c8b 4424 

  0x000001dd98cf0770: ;   {oop(a 'java/lang/Boolean'{0x000000008084a8f0} = true)}
  0x000001dd98cf0770: 6049 b9f0 | a884 8000 | 0000 0048 | 8b6c 2468 | 9048 b8ff | ffff ffff 

  0x000001dd98cf0788: ;   {virtual_call}
  0x000001dd98cf0788: ffff ffe8 

  0x000001dd98cf078c: ; ImmutableOopMap {rbp=Oop [48]=NarrowOop [56]=Oop [64]=Oop [72]=Oop [80]=Oop [88]=Oop [96]=Oop [120]=NarrowOop }
                      ;*invokeinterface put {reexecute=0 rethrow=0 return_oop=1}
                      ; - java.util.Collections$SetFromMap::add@8
                      ; - com.android.tools.r8.internal.Vu0::b@5 (line 2)
                      ; - com.android.tools.r8.internal.Qk0::a@215 (line 26)
                      ; - com.android.tools.r8.internal.Qk0::a@272 (line 53)
  0x000001dd98cf078c: f0e5 17ff 

  0x000001dd98cf0790: ;   {other}
  0x000001dd98cf0790: 0f1f 8400 | 8034 0031 | 4c8b d0e9 | b8f4 ffff | 498b d24c | 8b54 2458 | 4c89 5424 

  0x000001dd98cf07ac: ;   {optimized virtual_call}
  0x000001dd98cf07ac: 6866 90e8 

  0x000001dd98cf07b0: ; ImmutableOopMap {[32]=Oop [48]=NarrowOop [56]=Oop [64]=Oop [72]=Oop [80]=Oop [88]=Oop [96]=Oop [104]=Oop [120]=NarrowOop [128]=Oop }
                      ;*invokevirtual resize {reexecute=0 rethrow=0 return_oop=0}
                      ; - java.util.IdentityHashMap::put@96
                      ; - java.util.Collections$SetFromMap::add@8
                      ; - com.android.tools.r8.internal.Vu0::b@5 (line 2)
                      ; - com.android.tools.r8.internal.Qk0::a@215 (line 26)
                      ; - com.android.tools.r8.internal.Qk0::a@272 (line 53)
  0x000001dd98cf07b0: cce2 17ff 

  0x000001dd98cf07b4: ;   {other}
  0x000001dd98cf07b4: 0f1f 8400 | a434 0032 | 85c0 0f84 | a42a 0000 | 4d8b 9750 | 0400 004c | 8b9c 2480 | 0000 0045 
  0x000001dd98cf07d4: ; ImmutableOopMap {r11=NarrowOop [48]=NarrowOop [56]=Oop [64]=Oop [72]=Oop [80]=Oop [88]=Oop [96]=Oop [104]=Oop [120]=NarrowOop [128]=Oop }
                      ;*goto {reexecute=1 rethrow=0 return_oop=0}
                      ; - (reexecute) java.util.IdentityHashMap::put@102
                      ; - java.util.Collections$SetFromMap::add@8
                      ; - com.android.tools.r8.internal.Vu0::b@5 (line 2)
                      ; - com.android.tools.r8.internal.Qk0::a@215 (line 26)
                      ; - com.android.tools.r8.internal.Qk0::a@272 (line 53)
                      ;   {poll}
  0x000001dd98cf07d4: 8b5b 1c41 | 8502 458b | 530c 4489 | 5424 344c | 8b54 2460 | 4d8b 124c | 895c 2420 | 4d8b da49 
  0x000001dd98cf07f4: 83e3 0349 | 83fb 010f | 8598 0e00 | 0049 c1ea | 0841 8bc2 | 25ff ffff | 7f85 c00f | 8484 0e00 
  0x000001dd98cf0814: 0044 8b44 | 2434 41ff | c844 8d1c | 00c1 e008 | 458b d344 | 2bd0 458b | da45 23d8 | 4489 5c24 
  0x000001dd98cf0834: 2844 8b44 | 2434 e90a | f3ff ff45 | 8b58 1445 | 85db 0f84 | 78e5 ffff | 4d8b 4f28 | 498b cb4d 
  0x000001dd98cf0854: 85c9 0f84 | f811 0000 | 488b f349 | 8bf8 418b | da4d 8b57 | 384b 894c | 0af8 4983 | c1f8 4d89 
  0x000001dd98cf0874: 4f28 448b | d34c 8bc7 | 488b dee9 | 40e5 ffff | 448b 5c9f | 1045 85db | 0f84 25d5 | ffff 4d8b 
  0x000001dd98cf0894: 4f28 498b | cb4d 85c9 | 0f84 d811 | 0000 4d8b | 5f38 4b89 | 4c0b f849 | 83c1 f84d | 894f 28e9 
  0x000001dd98cf08b4: ffd4 ffff | 33c0 e9ea | d9ff ff33 | c0e9 2cec | ffff 4533 | c0e9 c1e9 | ffff 41d1 | e044 3b44 
  0x000001dd98cf08d4: ;   {no_reloc}
  0x000001dd98cf08d4: 2434 448b | 5424 3445 | 0f4c c244 | 8b5c 2428 | 498b eb49 

  0x000001dd98cf08e8: ;   {static_call}
  0x000001dd98cf08e8: 8bd1 90e8 

  0x000001dd98cf08ec: ; ImmutableOopMap {rbp=Oop [32]=Oop [40]=NarrowOop }
                      ;*invokestatic copyOf {reexecute=0 rethrow=0 return_oop=1}
                      ; - java.util.BitSet::ensureCapacity@27
                      ; - java.util.BitSet::expandTo@14
                      ; - java.util.BitSet::set@38
                      ; - com.android.tools.r8.internal.Qk0::a@202 (line 46)
  0x000001dd98cf08ec: 90e7 17ff 

  0x000001dd98cf08f0: ;   {other}
  0x000001dd98cf08f0: 0f1f 8400 | e035 0034 | 488b d841 | 807f 4000 | 0f85 9310 | 0000 4c8b | d34c 8bc3 | 448b 4c24 
  0x000001dd98cf0910: 2845 8941 | 144c 8bdd | 4d33 d349 | c1ea 144d | 85d2 0f84 | 5010 0000 | 4885 db0f | 8457 2900 
  0x000001dd98cf0930: 0049 c1eb | 0948 b900 | 009b a0dd | 0100 0049 | 03cb 8039 | 020f 8586 | 1000 0045 | 8bc1 448b 
  0x000001dd98cf0950: 5424 3445 | 8950 0c45 | 8860 104c | 8bd3 4d8b | cae9 c9d3 | ffff 4533 | c0e9 17e8 | ffff 488b 
  0x000001dd98cf0970: 5424 684c | 8b54 2460 | 4c89 5424 

  0x000001dd98cf097c: ;   {static_call}
  0x000001dd98cf097c: 5066 90e8 

  0x000001dd98cf0980: ; ImmutableOopMap {rbp=Oop [32]=Oop [40]=Oop [56]=Oop [64]=Oop [72]=NarrowOop [80]=Oop [96]=Oop [104]=Oop [112]=NarrowOop [148]=NarrowOop }
                      ;*invokestatic identityHashCode {reexecute=0 rethrow=0 return_oop=0}
                      ; - java.util.IdentityHashMap::hash@1
                      ; - java.util.IdentityHashMap::get@17
                      ; - java.util.Map::getOrDefault@2
                      ; - com.android.tools.r8.internal.Qk0::a@151 (line 20)
                      ; - com.android.tools.r8.internal.Qk0::a@141 (line 40)
  0x000001dd98cf0980: fce6 17ff 

  0x000001dd98cf0984: ;   {other}
  0x000001dd98cf0984: 0f1f 8400 | 7436 0035 | e955 daff | ff45 8b43 | 1445 85c0 | 0f84 6ce5 | ffff 4d8b | 4f28 498b 
  0x000001dd98cf09a4: c84d 85c9 | 0f84 3215 | 0000 488b | fb41 8bf2 | 498b db4d | 8b57 384b | 894c 0af8 | 4983 c1f8 
  0x000001dd98cf09c4: 4d89 4f28 | 4c8b db44 | 8bd6 488b | dfe9 34e5 | ffff 498b 

  0x000001dd98cf09d8: ;   {static_call}
  0x000001dd98cf09d8: d166 90e8 

  0x000001dd98cf09dc: ; ImmutableOopMap {rbp=Oop [32]=Oop [56]=Oop [64]=Oop [72]=NarrowOop [76]=NarrowOop [80]=Oop [96]=Oop [104]=Oop }
                      ;*invokestatic identityHashCode {reexecute=0 rethrow=0 return_oop=0}
                      ; - java.util.IdentityHashMap::hash@1
                      ; - java.util.IdentityHashMap::get@17
                      ; - java.util.Map::getOrDefault@2
                      ; - com.android.tools.r8.internal.Qk0::a@151 (line 20)
                      ; - com.android.tools.r8.internal.Qk0::a@272 (line 53)
  0x000001dd98cf09dc: a0e6 17ff 

  0x000001dd98cf09e0: ;   {other}
  0x000001dd98cf09e0: 0f1f 8400 | d036 0036 | e92a efff | ff48 8b54 | 2468 4c8b | 5424 604c | 8954 2428 

  0x000001dd98cf09fc: ;   {static_call}
  0x000001dd98cf09fc: 6666 90e8 

  0x000001dd98cf0a00: ; ImmutableOopMap {rbp=Oop [32]=Oop [40]=Oop [56]=Oop [64]=Oop [72]=NarrowOop [96]=Oop [104]=Oop [148]=NarrowOop }
                      ;*invokestatic identityHashCode {reexecute=0 rethrow=0 return_oop=0}
                      ; - java.util.IdentityHashMap::hash@1
                      ; - java.util.IdentityHashMap::containsKey@17
                      ; - java.util.Map::getOrDefault@14
                      ; - com.android.tools.r8.internal.Qk0::a@151 (line 20)
                      ; - com.android.tools.r8.internal.Qk0::a@141 (line 40)
  0x000001dd98cf0a00: 7ce6 17ff 

  0x000001dd98cf0a04: ;   {other}
  0x000001dd98cf0a04: 0f1f 8400 | f436 0037 | e96f daff | ff48 8b54 

  0x000001dd98cf0a14: ;   {static_call}
  0x000001dd98cf0a14: 2460 90e8 

  0x000001dd98cf0a18: ; ImmutableOopMap {rbp=Oop [56]=Oop [64]=Oop [80]=Oop [92]=NarrowOop [96]=Oop [104]=Oop }
                      ;*invokestatic identityHashCode {reexecute=0 rethrow=0 return_oop=0}
                      ; - java.util.IdentityHashMap::hash@1
                      ; - java.util.IdentityHashMap::containsKey@17
                      ; - java.util.Map::getOrDefault@14
                      ; - com.android.tools.r8.internal.Qk0::a@151 (line 20)
                      ; - com.android.tools.r8.internal.Qk0::a@272 (line 53)
  0x000001dd98cf0a18: 64e6 17ff 

  0x000001dd98cf0a1c: ;   {other}
  0x000001dd98cf0a1c: 0f1f 8400 | 0c37 0038 | e987 efff | ff41 8be9 

  0x000001dd98cf0a2c: ;   {metadata('com/android/tools/r8/internal/cJ')}
  0x000001dd98cf0a2c: 48ba a0ed | a601 0100 

  0x000001dd98cf0a34: ;   {runtime_call _new_instance_Java}
  0x000001dd98cf0a34: 0000 90e8 

  0x000001dd98cf0a38: ; ImmutableOopMap {rbp=NarrowOop [104]=Oop }
                      ;*new {reexecute=0 rethrow=0 return_oop=1}
                      ; - com.android.tools.r8.internal.sk0::iterator@5 (line 2)
                      ; - com.android.tools.r8.internal.SA::iterator@1 (line 1)
                      ; - com.android.tools.r8.internal.Qk0::a@282 (line 55)
  0x000001dd98cf0a38: 4404 24ff 

  0x000001dd98cf0a3c: ;   {other}
  0x000001dd98cf0a3c: 0f1f 8400 | 2c37 0039 | 4c8b d844 | 8bcd e98e | e5ff ff48 | 8b94 2480 | 0000 004c | 8b54 2460 
  0x000001dd98cf0a5c: 4c89 5424 

  0x000001dd98cf0a60: ;   {static_call}
  0x000001dd98cf0a60: 4866 90e8 

  0x000001dd98cf0a64: ; ImmutableOopMap {rbp=Oop [32]=Oop [40]=Oop [56]=Oop [64]=Oop [72]=Oop [96]=Oop [104]=Oop [112]=Oop [120]=NarrowOop [124]=NarrowOop [128]=Oop [140]=NarrowOop [148]=NarrowOop }
                      ;*invokestatic identityHashCode {reexecute=0 rethrow=0 return_oop=0}
                      ; - java.util.IdentityHashMap::hash@1
                      ; - java.util.IdentityHashMap::get@17
                      ; - java.util.Map::getOrDefault@2
                      ; - com.android.tools.r8.internal.Qk0::a@109 (line 16)
                      ; - com.android.tools.r8.internal.Qk0::a@141 (line 40)
  0x000001dd98cf0a64: 18e6 17ff 

  0x000001dd98cf0a68: ;   {other}
  0x000001dd98cf0a68: 0f1f 8400 | 5837 003a | e929 d7ff | ff48 8b94 | 2488 0000 

  0x000001dd98cf0a7c: ;   {static_call}
  0x000001dd98cf0a7c: 0066 90e8 

  0x000001dd98cf0a80: ; ImmutableOopMap {rbp=Oop [32]=Oop [48]=Oop [56]=Oop [64]=Oop [104]=Oop [112]=Oop [120]=Oop [128]=NarrowOop [132]=NarrowOop [136]=Oop [144]=NarrowOop }
                      ;*invokestatic identityHashCode {reexecute=0 rethrow=0 return_oop=0}
                      ; - java.util.IdentityHashMap::hash@1
                      ; - java.util.IdentityHashMap::get@17
                      ; - java.util.Map::getOrDefault@2
                      ; - com.android.tools.r8.internal.Qk0::a@109 (line 16)
                      ; - com.android.tools.r8.internal.Qk0::a@272 (line 53)
  0x000001dd98cf0a80: fce5 17ff 

  0x000001dd98cf0a84: ;   {other}
  0x000001dd98cf0a84: 0f1f 8400 | 7437 003b | e9c4 ecff | ff48 8b94 | 2480 0000 | 004c 8b54 | 2460 4c89 

  0x000001dd98cf0aa0: ;   {static_call}
  0x000001dd98cf0aa0: 5424 28e8 

  0x000001dd98cf0aa4: ; ImmutableOopMap {rbp=Oop [32]=Oop [40]=Oop [56]=Oop [64]=Oop [96]=Oop [104]=Oop [112]=Oop [120]=NarrowOop [124]=NarrowOop [128]=Oop [148]=NarrowOop }
                      ;*invokestatic identityHashCode {reexecute=0 rethrow=0 return_oop=0}
                      ; - java.util.IdentityHashMap::hash@1
                      ; - java.util.IdentityHashMap::containsKey@17
                      ; - java.util.Map::getOrDefault@14
                      ; - com.android.tools.r8.internal.Qk0::a@109 (line 16)
                      ; - com.android.tools.r8.internal.Qk0::a@141 (line 40)
  0x000001dd98cf0aa4: d8e5 17ff 

  0x000001dd98cf0aa8: ;   {other}
  0x000001dd98cf0aa8: 0f1f 8400 | 9837 003c | e996 d7ff | ff48 8b94 | 2488 0000 

  0x000001dd98cf0abc: ;   {static_call}
  0x000001dd98cf0abc: 0066 90e8 

  0x000001dd98cf0ac0: ; ImmutableOopMap {rbp=Oop [32]=Oop [56]=Oop [64]=Oop [104]=Oop [112]=Oop [120]=Oop [128]=NarrowOop [132]=NarrowOop [136]=Oop }
                      ;*invokestatic identityHashCode {reexecute=0 rethrow=0 return_oop=0}
                      ; - java.util.IdentityHashMap::hash@1
                      ; - java.util.IdentityHashMap::containsKey@17
                      ; - java.util.Map::getOrDefault@14
                      ; - com.android.tools.r8.internal.Qk0::a@109 (line 16)
                      ; - com.android.tools.r8.internal.Qk0::a@272 (line 53)
  0x000001dd98cf0ac0: bce5 17ff 

  0x000001dd98cf0ac4: ;   {other}
  0x000001dd98cf0ac4: 0f1f 8400 | b437 003d | e9c0 e9ff | ff48 895c | 2428 4489 | 5c24 2041 

  0x000001dd98cf0adc: ;   {metadata('com/android/tools/r8/internal/dJ')}
  0x000001dd98cf0adc: 8bea 48ba | b8f3 a301 | 0100 0000 

  0x000001dd98cf0ae8: ;   {runtime_call _new_instance_Java}
  0x000001dd98cf0ae8: 6666 90e8 

  0x000001dd98cf0aec: ; ImmutableOopMap {rbp=NarrowOop [40]=Oop [56]=Oop [104]=Oop }
                      ;*new {reexecute=0 rethrow=0 return_oop=1}
                      ; - com.android.tools.r8.internal.hJ::a@27 (line 12)
                      ; - com.android.tools.r8.internal.Bc0::iterator@9 (line 2)
                      ; - com.android.tools.r8.internal.SA::iterator@1 (line 1)
                      ; - com.android.tools.r8.internal.Qk0::a@247 (line 52)
  0x000001dd98cf0aec: 9003 24ff 

  0x000001dd98cf0af0: ;   {other}
  0x000001dd98cf0af0: 0f1f 8400 | e037 003e | 448b d544 | 8b5c 2420 | 4c8b c048 | 8b5c 2428 | e9a8 e2ff | ff48 8b54 
  0x000001dd98cf0b10: 2468 488b 

  0x000001dd98cf0b14: ;   {static_call}
  0x000001dd98cf0b14: 6c24 60e8 

  0x000001dd98cf0b18: ; ImmutableOopMap {rbp=Oop [32]=Oop [40]=Oop [52]=NarrowOop [56]=Oop [64]=Oop [80]=Oop [96]=Oop [104]=Oop [112]=NarrowOop [148]=NarrowOop }
                      ;*invokestatic identityHashCode {reexecute=0 rethrow=0 return_oop=0}
                      ; - java.util.IdentityHashMap::hash@1
                      ; - java.util.IdentityHashMap::put@19
                      ; - com.android.tools.r8.internal.Qk0::a@224 (line 27)
                      ; - com.android.tools.r8.internal.Qk0::a@141 (line 40)
  0x000001dd98cf0b18: 64e5 17ff 

  0x000001dd98cf0b1c: ;   {other}
  0x000001dd98cf0b1c: 0f1f 8400 | 0c38 003f | e905 ddff | ff48 8b54 | 2468 488b 

  0x000001dd98cf0b30: ;   {static_call}
  0x000001dd98cf0b30: 6c24 60e8 

  0x000001dd98cf0b34: ; ImmutableOopMap {rbp=Oop [32]=Oop [40]=Oop [52]=NarrowOop [56]=Oop [64]=Oop [72]=Oop [96]=Oop [104]=Oop [128]=NarrowOop [148]=NarrowOop [152]=Oop }
                      ;*invokestatic identityHashCode {reexecute=0 rethrow=0 return_oop=0}
                      ; - java.util.IdentityHashMap::hash@1
                      ; - java.util.IdentityHashMap::put@19
                      ; - java.util.Collections$SetFromMap::add@8
                      ; - com.android.tools.r8.internal.Vu0::b@5 (line 2)
                      ; - com.android.tools.r8.internal.Qk0::a@215 (line 26)
                      ; - com.android.tools.r8.internal.Qk0::a@141 (line 40)
  0x000001dd98cf0b34: 48e5 17ff 

  0x000001dd98cf0b38: ;   {other}
  0x000001dd98cf0b38: 0f1f 8400 | 2838 0040 | e9a9 daff | ff44 8b1e | 4585 db0f | 8433 dcff | ff4d 8b57 | 2849 8bcb 
  0x000001dd98cf0b58: 4d85 d20f | 84e3 2100 | 004d 8b5f | 384b 894c | 13f8 4983 | c2f8 4d89 | 5728 e90d | dcff ff4d 
  0x000001dd98cf0b78: 8b57 584d | 8b5f 48f0 | 8344 24c0 | 0080 3900 | 742f 4488 | 214d 85db | 740f 4b89 | 4c1a f849 
  0x000001dd98cf0b98: 83c3 f84d | 895f 48eb | 1849 8bd7 | 49ba 50ed | 688c f87f | 0000 41ff 

  0x000001dd98cf0bb0: ;   {other}
  0x000001dd98cf0bb0: d20f 1f84 | 0000 0000 | 008b 6b10 | e9f9 dbff | ff44 8b1f | 4585 db0f | 840c ddff | ff4d 8b57 
  0x000001dd98cf0bd0: 2849 8bcb | 4d85 d20f | 8484 2100 | 004d 8b5f | 384b 894c | 13f8 4983 | c2f8 4d89 | 5728 e9e6 
  0x000001dd98cf0bf0: dcff ff44 | 8b16 4585 | d20f 8425 | ddff ff4d | 8b5f 2849 | 8bca 4d85 | db0f 846f | 2100 004d 
  0x000001dd98cf0c10: 8b57 384b | 894c 1af8 | 4983 c3f8 | 4d89 5f28 | e9ff dcff | ff4d 8b57 | 484d 8b5f | 58f0 8344 
  0x000001dd98cf0c30: 24c0 0080 | 3900 0f84 | d3dc ffff | 4488 214d | 85d2 751d | 498b d749 | ba50 ed68 | 8cf8 7f00 
  0x000001dd98cf0c50: 0041 ffd2 

  0x000001dd98cf0c54: ;   {other}
  0x000001dd98cf0c54: 0f1f 8400 | 0000 0000 | e9ae dcff | ff4b 894c | 13f8 4983 | c2f8 4d89 | 5748 e99c | dcff ff4d 
  0x000001dd98cf0c74: 8b57 484d | 8b5f 58f0 | 8344 24c0 | 0080 3900 | 0f84 d0dc | ffff 4488 | 214d 85d2 | 751d 498b 
  0x000001dd98cf0c94: d749 ba50 | ed68 8cf8 | 7f00 0041 

  0x000001dd98cf0ca0: ;   {other}
  0x000001dd98cf0ca0: ffd2 0f1f | 8400 0000 | 0000 e9ab | dcff ff4b | 894c 13f8 | 4983 c2f8 | 4d89 5748 | e999 dcff 
  0x000001dd98cf0cc0: ff44 8b13 | 4585 d20f | 84c5 d9ff | ff4d 8b5f | 2849 8bca | 4d85 db0f | 84be 2000 | 004d 8b57 
  0x000001dd98cf0ce0: 384b 894c | 1af8 4983 | c3f8 4d89 | 5f28 e99f | d9ff ff44 | 8b1e 4585 | db0f 84de | d9ff ff4d 
  0x000001dd98cf0d00: 8b57 2849 | 8bcb 4d85 | d20f 84a9 | 2000 004d | 8b5f 384b | 894c 13f8 | 4983 c2f8 | 4d89 5728 
  0x000001dd98cf0d20: e9b8 d9ff | ff4d 8b57 | 484d 8b5f | 58f0 8344 | 24c0 0080 | 3900 0f84 | 8cd9 ffff | 4488 214d 
  0x000001dd98cf0d40: 85d2 751d | 498b d749 | ba50 ed68 | 8cf8 7f00 | 0041 ffd2 

  0x000001dd98cf0d54: ;   {other}
  0x000001dd98cf0d54: 0f1f 8400 | 0000 0000 | e967 d9ff | ff4b 894c | 13f8 4983 | c2f8 4d89 | 5748 e955 | d9ff ff4d 
  0x000001dd98cf0d74: 8b57 484d | 8b5f 58f0 | 8344 24c0 | 0080 3900 | 0f84 8cd9 | ffff 4488 | 214d 85d2 | 751d 498b 
  0x000001dd98cf0d94: d749 ba50 | ed68 8cf8 | 7f00 0041 

  0x000001dd98cf0da0: ;   {other}
  0x000001dd98cf0da0: ffd2 0f1f | 8400 0000 | 0000 e967 | d9ff ff4b | 894c 13f8 | 4983 c2f8 | 4d89 5748 | e955 d9ff 
  0x000001dd98cf0dc0: ff48 8b54 

  0x000001dd98cf0dc4: ;   {static_call}
  0x000001dd98cf0dc4: 2460 90e8 

  0x000001dd98cf0dc8: ; ImmutableOopMap {[32]=Oop [48]=NarrowOop [56]=Oop [64]=Oop [72]=Oop [80]=Oop [96]=Oop [104]=Oop [112]=NarrowOop }
                      ;*invokestatic identityHashCode {reexecute=0 rethrow=0 return_oop=0}
                      ; - java.util.IdentityHashMap::hash@1
                      ; - java.util.IdentityHashMap::put@19
                      ; - com.android.tools.r8.internal.Qk0::a@224 (line 27)
                      ; - com.android.tools.r8.internal.Qk0::a@272 (line 53)
  0x000001dd98cf0dc8: b4e2 17ff 

  0x000001dd98cf0dcc: ;   {other}
  0x000001dd98cf0dcc: 0f1f 8400 | bc3a 0041 | e986 efff | ff48 8b54 | 2460 488b 

  0x000001dd98cf0de0: ;   {static_call}
  0x000001dd98cf0de0: 6c24 68e8 

  0x000001dd98cf0de4: ; ImmutableOopMap {rbp=Oop [32]=Oop [48]=NarrowOop [56]=Oop [64]=Oop [72]=Oop [80]=Oop [88]=Oop [96]=Oop [120]=NarrowOop [128]=Oop }
                      ;*invokestatic identityHashCode {reexecute=0 rethrow=0 return_oop=0}
                      ; - java.util.IdentityHashMap::hash@1
                      ; - java.util.IdentityHashMap::put@19
                      ; - java.util.Collections$SetFromMap::add@8
                      ; - com.android.tools.r8.internal.Vu0::b@5 (line 2)
                      ; - com.android.tools.r8.internal.Qk0::a@215 (line 26)
                      ; - com.android.tools.r8.internal.Qk0::a@272 (line 53)
  0x000001dd98cf0de4: 98e2 17ff 

  0x000001dd98cf0de8: ;   {other}
  0x000001dd98cf0de8: 0f1f 8400 | d83a 0042 | e934 edff | ff44 8b17 | 4585 d20f | 84b4 eeff | ff4d 8b5f | 2849 8bca 
  0x000001dd98cf0e08: 4d85 db0f | 84a3 2000 | 004d 8b57 | 384b 894c | 1af8 4983 | c3f8 4d89 | 5f28 e98e | eeff ff4d 
  0x000001dd98cf0e28: 8b57 584d | 8b5f 48f0 | 8344 24c0 | 0080 3900 | 742f 4488 | 214d 85db | 740f 4b89 | 4c1a f849 
  0x000001dd98cf0e48: 83c3 f84d | 895f 48eb | 1849 8bd7 | 49ba 50ed | 688c f87f | 0000 41ff 

  0x000001dd98cf0e60: ;   {other}
  0x000001dd98cf0e60: d20f 1f84 | 0000 0000 | 008b 6b10 | e97a eeff 

  0x000001dd98cf0e70: ;   {oop(a 'java/lang/ClassCastException'{0x0000000083b8a580})}
  0x000001dd98cf0e70: ff49 ba80 | a5b8 8300 | 0000 0045 | 8b5a 1445 | 85db 0f84 | 25f2 ffff | 4d8b 5728 | 498b cb4d 
  0x000001dd98cf0e90: 85d2 0f84 | 3920 0000 | 4d8b 5f38 | 4b89 4c13 | f849 83c2 | f84d 8957 | 28e9 fff1 | ffff 448b 
  0x000001dd98cf0eb0: 1345 85d2 | 0f84 4bef | ffff 4d8b | 5f28 498b | ca4d 85db | 0f84 2420 | 0000 4d8b | 5738 4b89 
  0x000001dd98cf0ed0: 4c1a f849 | 83c3 f84d | 895f 28e9 | 25ef ffff | 448b 1e45 | 85db 0f84 | 64ef ffff | 4d8b 5728 
  0x000001dd98cf0ef0: 498b cb4d | 85d2 0f84 | 0f20 0000 | 4d8b 5f38 | 4b89 4c13 | f849 83c2 | f84d 8957 | 28e9 3eef 
  0x000001dd98cf0f10: ffff 4d8b | 5748 4d8b | 5f58 f083 | 4424 c000 | 8039 000f | 8412 efff | ff44 8821 | 4d85 d275 
  0x000001dd98cf0f30: 1d49 8bd7 | 49ba 50ed | 688c f87f | 0000 41ff 

  0x000001dd98cf0f40: ;   {other}
  0x000001dd98cf0f40: d20f 1f84 | 0000 0000 | 00e9 edee | ffff 4b89 | 4c13 f849 | 83c2 f84d | 8957 48e9 | dbee ffff 
  0x000001dd98cf0f60: 4d8b 5748 | 4d8b 5f58 | f083 4424 | c000 8039 | 000f 840f | efff ff44 | 8821 4d85 | d275 1d49 
  0x000001dd98cf0f80: 8bd7 49ba | 50ed 688c | f87f 0000 

  0x000001dd98cf0f8c: ;   {other}
  0x000001dd98cf0f8c: 41ff d20f | 1f84 0000 | 0000 00e9 | eaee ffff | 4b89 4c13 | f849 83c2 | f84d 8957 | 48e9 d8ee 
  0x000001dd98cf0fac: ffff 448b | 1b45 85db | 0f84 0bec | ffff 4d8b | 5728 498b | cb4d 85d2 | 0f84 5e1f | 0000 4d8b 
  0x000001dd98cf0fcc: 5f38 4b89 | 4c13 f849 | 83c2 f84d | 8957 28e9 | e5eb ffff | 448b 1645 | 85d2 0f84 | 24ec ffff 
  0x000001dd98cf0fec: 4d8b 5f28 | 498b ca4d | 85db 0f84 | 491f 0000 | 4d8b 5738 | 4b89 4c1a | f849 83c3 | f84d 895f 
  0x000001dd98cf100c: 28e9 feeb | ffff 4d8b | 5748 4d8b | 5f58 f083 | 4424 c000 | 8039 000f | 84d2 ebff | ff44 8821 
  0x000001dd98cf102c: 4d85 d275 | 1d49 8bd7 | 49ba 50ed | 688c f87f | 0000 41ff 

  0x000001dd98cf1040: ;   {other}
  0x000001dd98cf1040: d20f 1f84 | 0000 0000 | 00e9 adeb | ffff 4b89 | 4c13 f849 | 83c2 f84d | 8957 48e9 | 9beb ffff 
  0x000001dd98cf1060: 4d8b 5748 | 4d8b 5f58 | f083 4424 | c000 8039 | 000f 84d2 | ebff ff44 | 8821 4d85 | d275 1d49 
  0x000001dd98cf1080: 8bd7 49ba | 50ed 688c | f87f 0000 

  0x000001dd98cf108c: ;   {other}
  0x000001dd98cf108c: 41ff d20f | 1f84 0000 | 0000 00e9 | adeb ffff | 4b89 4c13 | f849 83c2 | f84d 8957 | 48e9 9beb 
  0x000001dd98cf10ac: ffff 4489 | 4c24 3044 | 895c 242c | 4c89 5424 | 2041 d1e0 | 443b c644 | 0f4c c689 | 7424 3448 
  0x000001dd98cf10cc: 8beb 895c | 2428 488b 

  0x000001dd98cf10d4: ;   {static_call}
  0x000001dd98cf10d4: d766 90e8 

  0x000001dd98cf10d8: ; ImmutableOopMap {rbp=Oop [32]=Oop [40]=NarrowOop }
                      ;*invokestatic copyOf {reexecute=0 rethrow=0 return_oop=1}
                      ; - java.util.BitSet::ensureCapacity@27
                      ; - java.util.BitSet::expandTo@14
                      ; - java.util.BitSet::set@38
                      ; - com.android.tools.r8.internal.Qk0::a@49 (line 32)
  0x000001dd98cf10d8: a4df 17ff 

  0x000001dd98cf10dc: ;   {other}
  0x000001dd98cf10dc: 0f1f 8400 | cc3d 0043 | 488b f841 | 807f 4000 | 0f85 e51a | 0000 8b5c | 2428 4c8b | c74d 8bd0 
  0x000001dd98cf10fc: 4489 5314 | 4c8b d54d | 8bd8 4d33 | da49 c1eb | 144d 85db | 0f84 a61a | 0000 4d85 | c00f 844f 
  0x000001dd98cf111c: 1b00 0049 | c1ea 0948 | b900 009b | a0dd 0100 | 0049 03ca | 8039 020f | 85d5 1a00 | 0044 8b54 
  0x000001dd98cf113c: 2434 4489 | 530c 4488 | 6310 498b | f84c 8b54 | 2420 448b | 5c24 2c44 | 8b4c 2430 | e96a cbff 
  0x000001dd98cf115c: ff48 8bd3 | 41b8 0100 | 0000 488b 

  0x000001dd98cf1168: ;   {optimized virtual_call}
  0x000001dd98cf1168: 6c24 60e8 

  0x000001dd98cf116c: ; ImmutableOopMap {rbp=Oop [32]=Oop [52]=NarrowOop [56]=Oop [64]=Oop [96]=Oop [104]=Oop [148]=NarrowOop }
                      ;*invokevirtual grow {reexecute=0 rethrow=0 return_oop=0}
                      ; - java.util.ArrayDeque::addLast@47
                      ; - com.android.tools.r8.internal.Vu0::b@18 (line 3)
                      ; - com.android.tools.r8.internal.Qk0::a@215 (line 26)
                      ; - com.android.tools.r8.internal.Qk0::a@141 (line 40)
  0x000001dd98cf116c: 90f6 9bff 

  0x000001dd98cf1170: ;   {other}
  0x000001dd98cf1170: 0f1f 8400 | 603e 0044 | e957 d6ff | ff48 8bd3 | 41b8 0100 | 0000 488b 

  0x000001dd98cf1188: ;   {optimized virtual_call}
  0x000001dd98cf1188: 6c24 58e8 

  0x000001dd98cf118c: ; ImmutableOopMap {rbp=Oop [48]=NarrowOop [56]=Oop [64]=Oop [80]=Oop [88]=Oop [96]=Oop }
                      ;*invokevirtual grow {reexecute=0 rethrow=0 return_oop=0}
                      ; - java.util.ArrayDeque::addLast@47
                      ; - com.android.tools.r8.internal.Vu0::b@18 (line 3)
                      ; - com.android.tools.r8.internal.Qk0::a@215 (line 26)
                      ; - com.android.tools.r8.internal.Qk0::a@272 (line 53)
  0x000001dd98cf118c: f0d8 17ff 

  0x000001dd98cf1190: ;   {other}
  0x000001dd98cf1190: 0f1f 8400 | 803e 0045 | e968 ebff | ff48 895c | 2428 4489 | 4c24 2041 

  0x000001dd98cf11a8: ;   {metadata('com/android/tools/r8/internal/dJ')}
  0x000001dd98cf11a8: 8bea 48ba | b8f3 a301 | 0100 0000 

  0x000001dd98cf11b4: ;   {runtime_call _new_instance_Java}
  0x000001dd98cf11b4: 6666 90e8 

  0x000001dd98cf11b8: ; ImmutableOopMap {rbp=NarrowOop [40]=Oop [104]=Oop }
                      ;*new {reexecute=0 rethrow=0 return_oop=1}
                      ; - com.android.tools.r8.internal.hJ::a@27 (line 12)
                      ; - com.android.tools.r8.internal.Bc0::iterator@9 (line 2)
                      ; - com.android.tools.r8.internal.SA::iterator@1 (line 1)
                      ; - com.android.tools.r8.internal.Qk0::a@282 (line 55)
  0x000001dd98cf11b8: c4fc 23ff 

  0x000001dd98cf11bc: ;   {other}
  0x000001dd98cf11bc: 0f1f 8400 | ac3e 0046 | 4c8b d844 | 8bd5 448b | 4c24 2048 | 8b5c 2428 | e922 ddff 

  0x000001dd98cf11d8: ;   {metadata('com/android/tools/r8/internal/cJ')}
  0x000001dd98cf11d8: ff48 baa0 | eda6 0101 

  0x000001dd98cf11e0: ;   {runtime_call _new_instance_Java}
  0x000001dd98cf11e0: 0000 00e8 

  0x000001dd98cf11e4: ; ImmutableOopMap {rbp=NarrowOop [56]=Oop [104]=Oop }
                      ;*new {reexecute=0 rethrow=0 return_oop=1}
                      ; - com.android.tools.r8.internal.sk0::iterator@5 (line 2)
                      ; - com.android.tools.r8.internal.SA::iterator@1 (line 1)
                      ; - com.android.tools.r8.internal.Qk0::a@247 (line 52)
  0x000001dd98cf11e4: 98fc 23ff 

  0x000001dd98cf11e8: ;   {other}
  0x000001dd98cf11e8: 0f1f 8400 | d83e 0047 | e971 e1ff | ff44 8b16 | 4585 d20f | 8460 f0ff | ff4d 8b5f | 2849 8bca 
  0x000001dd98cf1208: 4d85 db0f | 8467 1f00 | 004d 8b57 | 384b 894c | 1af8 4983 | c3f8 4d89 | 5f28 e93a | f0ff ff44 
  0x000001dd98cf1228: 8b16 4585 | d20f 84da | f0ff ff4d | 8b5f 2849 | 8bca 4d85 | db0f 8452 | 1f00 004d | 8b57 384b 
  0x000001dd98cf1248: 894c 1af8 | 4983 c3f8 | 4d89 5f28 | e9b4 f0ff | ff44 8b1e | 4585 db0f | 845b f1ff | ff4d 8b57 
  0x000001dd98cf1268: 2849 8bcb | 4d85 d20f | 843d 1f00 | 004d 8b5f | 384b 894c | 13f8 4983 | c2f8 4d89 | 5728 e935 
  0x000001dd98cf1288: f1ff ff44 | 8b1e 4585 | db0f 84d5 | f1ff ff4d | 8b57 2849 | 8bcb 4d85 | d20f 8428 | 1f00 004d 
  0x000001dd98cf12a8: 8b5f 384b | 894c 13f8 | 4983 c2f8 | 4d89 5728 | e9af f1ff | ff4d 8b57 | 584d 8b5f | 48f0 8344 
  0x000001dd98cf12c8: 24c0 0080 | 3900 0f84 | d7f1 ffff | 4488 214d | 85db 751d | 498b d749 | ba50 ed68 

  0x000001dd98cf12e4: ;   {no_reloc}
  0x000001dd98cf12e4: 8cf8 7f00 | 0041 ffd2 

  0x000001dd98cf12ec: ;   {other}
  0x000001dd98cf12ec: 0f1f 8400 | 0000 0000 | e9b2 f1ff | ff4b 894c | 1af8 4983 | c3f8 4d89 | 5f48 e9a0 | f1ff ffba 
  0x000001dd98cf130c: e4ff ffff | 4c89 5424 | 2089 7424 | 2889 7c24 | 3489 5c24 

  0x000001dd98cf1320: ;   {runtime_call UncommonTrapBlob}
  0x000001dd98cf1320: 3866 90e8 

  0x000001dd98cf1324: ; ImmutableOopMap {rbp=Oop [32]=Oop [40]=NarrowOop [52]=NarrowOop }
                      ;*aaload {reexecute=0 rethrow=0 return_oop=0}
                      ; - java.util.ArrayDeque::elementAt@2
                      ; - java.util.ArrayDeque::pollFirst@12
                      ; - java.util.ArrayDeque::removeFirst@1
                      ; - com.android.tools.r8.internal.Vu0::d@4 (line 2)
                      ; - com.android.tools.r8.internal.Qk0::a@224 (line 49)
  0x000001dd98cf1324: d832 18ff 

  0x000001dd98cf1328: ;   {other}
  0x000001dd98cf1328: 0f1f 8400 | 1840 0048 | bade ffff | ff49 8bea | 8974 2420 | 4489 5c24 

  0x000001dd98cf1340: ;   {runtime_call UncommonTrapBlob}
  0x000001dd98cf1340: 2466 90e8 

  0x000001dd98cf1344: ; ImmutableOopMap {rbp=Oop [32]=NarrowOop [36]=NarrowOop }
                      ;*invokevirtual removeFirst {reexecute=0 rethrow=0 return_oop=0}
                      ; - com.android.tools.r8.internal.Vu0::d@4 (line 2)
                      ; - com.android.tools.r8.internal.Qk0::a@224 (line 49)
  0x000001dd98cf1344: b832 18ff 

  0x000001dd98cf1348: ;   {other}
  0x000001dd98cf1348: 0f1f 8400 | 3840 0049 | bade ffff | ff48 8b6c | 2468 4489 | 4424 2444 | 895c 2428 

  0x000001dd98cf1364: ;   {runtime_call UncommonTrapBlob}
  0x000001dd98cf1364: 6666 90e8 

  0x000001dd98cf1368: ; ImmutableOopMap {rbp=Oop [36]=NarrowOop [40]=NarrowOop }
                      ;*invokeinterface remove {reexecute=0 rethrow=0 return_oop=0}
                      ; - com.android.tools.r8.internal.Qk0::a@233 (line 50)
  0x000001dd98cf1368: 9432 18ff 

  0x000001dd98cf136c: ;   {other}
  0x000001dd98cf136c: 0f1f 8400 | 5c40 004a | bade ffff 

  0x000001dd98cf1378: ;   {runtime_call UncommonTrapBlob}
  0x000001dd98cf1378: ff66 90e8 

  0x000001dd98cf137c: ; ImmutableOopMap {[32]=NarrowOop }
                      ;*checkcast {reexecute=0 rethrow=0 return_oop=0}
                      ; - com.android.tools.r8.internal.Qk0::a@239 (line 51)
  0x000001dd98cf137c: 8032 18ff 

  0x000001dd98cf1380: ;   {other}
  0x000001dd98cf1380: 0f1f 8400 | 7040 004b | bae4 ffff | ff48 8b6c | 2460 4c8b | 5424 404c | 8954 2428 | 4c8b 5424 
  0x000001dd98cf13a0: 684c 8954 | 2438 448b | 5424 5c44 | 8954 2440 | 4c8b 5424 | 704c 8954 | 2448 448b | 5c24 5844 
  0x000001dd98cf13c0: 895c 2444 | 4489 4c24 

  0x000001dd98cf13c8: ;   {runtime_call UncommonTrapBlob}
  0x000001dd98cf13c8: 6c66 90e8 

  0x000001dd98cf13cc: ; ImmutableOopMap {rbp=Oop [32]=Oop [40]=Oop [56]=Oop [72]=Oop [148]=NarrowOop }
                      ;*invokestatic checkIndex {reexecute=0 rethrow=0 return_oop=0}
                      ; - java.util.Objects::checkIndex@3
                      ; - java.util.ArrayList::get@5
                      ; - com.android.tools.r8.internal.Qk0::a@41 (line 7)
                      ; - com.android.tools.r8.internal.Qk0::a@141 (line 40)
  0x000001dd98cf13cc: 3032 18ff 

  0x000001dd98cf13d0: ;   {other}
  0x000001dd98cf13d0: 0f1f 8400 | c040 004c | bae4 ffff | ff48 8b6c | 2460 4c8b | 5c24 404c | 895c 2428 | 4c8b 5c24 
  0x000001dd98cf13f0: 684c 895c | 2438 448b | 4424 5c44 | 8944 2440 | 4c8b 5c24 | 704c 895c | 2448 448b | 5c24 5844 
  0x000001dd98cf1410: 895c 2444 | 4489 5424 

  0x000001dd98cf1418: ;   {runtime_call UncommonTrapBlob}
  0x000001dd98cf1418: 5466 90e8 

  0x000001dd98cf141c: ; ImmutableOopMap {rbp=Oop [32]=Oop [40]=Oop [56]=Oop [72]=Oop [84]=NarrowOop [148]=NarrowOop }
                      ;*aaload {reexecute=0 rethrow=0 return_oop=0}
                      ; - java.util.ArrayList::elementData@5
                      ; - java.util.ArrayList::get@11
                      ; - com.android.tools.r8.internal.Qk0::a@41 (line 7)
                      ; - com.android.tools.r8.internal.Qk0::a@141 (line 40)
  0x000001dd98cf141c: e031 18ff 

  0x000001dd98cf1420: ;   {other}
  0x000001dd98cf1420: 0f1f 8400 | 1041 004d | bae4 ffff | ff48 8b6c | 2460 4c8b | 5c24 404c | 895c 2428 | 4c8b 5c24 
  0x000001dd98cf1440: 684c 895c | 2438 448b | 4424 5844 | 8944 2444 | 4489 4c24 | 5444 8954 

  0x000001dd98cf1458: ;   {runtime_call UncommonTrapBlob}
  0x000001dd98cf1458: 2458 90e8 

  0x000001dd98cf145c: ; ImmutableOopMap {rbp=Oop [32]=Oop [40]=Oop [56]=Oop [88]=NarrowOop [112]=Oop [148]=NarrowOop }
                      ;*aaload {reexecute=0 rethrow=0 return_oop=0}
                      ; - com.android.tools.r8.internal.Qk0::a@58 (line 9)
                      ; - com.android.tools.r8.internal.Qk0::a@141 (line 40)
  0x000001dd98cf145c: a031 18ff 

  0x000001dd98cf1460: ;   {other}
  0x000001dd98cf1460: 0f1f 8400 | 5041 004e | bacc ffff | ff48 8b6c | 2460 4c8b | 5424 404c | 8954 2428 | 4c8b 5424 
  0x000001dd98cf1480: 684c 8954 | 2438 448b | 5c24 5c44 | 895c 2440 | 4c8b 5424 | 704c 8954 | 2448 448b | 5424 5844 
  0x000001dd98cf14a0: 8954 2444 | 4489 4c24 

  0x000001dd98cf14a8: ;   {runtime_call UncommonTrapBlob}
  0x000001dd98cf14a8: 6c66 90e8 

  0x000001dd98cf14ac: ; ImmutableOopMap {rbp=Oop [32]=Oop [40]=Oop [56]=Oop [72]=Oop [148]=NarrowOop }
                      ;*invokestatic checkIndex {reexecute=0 rethrow=0 return_oop=0}
                      ; - java.util.Objects::checkIndex@3
                      ; - java.util.ArrayList::get@5
                      ; - com.android.tools.r8.internal.Qk0::a@41 (line 7)
                      ; - com.android.tools.r8.internal.Qk0::a@141 (line 40)
  0x000001dd98cf14ac: 5031 18ff 

  0x000001dd98cf14b0: ;   {other}
  0x000001dd98cf14b0: 0f1f 8400 | a041 004f | bae4 ffff | ff48 8b6c | 2468 4c8b | 5c24 384c | 895c 2428 | 4c8b 5c24 
  0x000001dd98cf14d0: 404c 895c | 2430 4c8b | 5c24 704c | 895c 2440 | 448b 4424 | 6444 8944 | 2448 4c8b | 5c24 784c 
  0x000001dd98cf14f0: 895c 2450 | 448b 4424 | 6044 8944 | 244c 4489 

  0x000001dd98cf1500: ;   {runtime_call UncommonTrapBlob}
  0x000001dd98cf1500: 5424 74e8 

  0x000001dd98cf1504: ; ImmutableOopMap {rbp=Oop [32]=Oop [40]=Oop [48]=Oop [64]=Oop [80]=Oop }
                      ;*invokestatic checkIndex {reexecute=0 rethrow=0 return_oop=0}
                      ; - java.util.Objects::checkIndex@3
                      ; - java.util.ArrayList::get@5
                      ; - com.android.tools.r8.internal.Qk0::a@41 (line 7)
                      ; - com.android.tools.r8.internal.Qk0::a@272 (line 53)
  0x000001dd98cf1504: f830 18ff 

  0x000001dd98cf1508: ;   {other}
  0x000001dd98cf1508: 0f1f 8400 | f841 0050 | bae4 ffff | ff48 8b6c | 2468 4c8b | 5c24 384c | 895c 2428 | 4c8b 5c24 
  0x000001dd98cf1528: 404c 895c | 2430 448b | 5c24 6444 | 895c 2448 | 448b 4424 | 6044 8944 | 244c 4489 

  0x000001dd98cf1544: ;   {runtime_call UncommonTrapBlob}
  0x000001dd98cf1544: 5424 5ce8 

  0x000001dd98cf1548: ; ImmutableOopMap {rbp=Oop [32]=Oop [40]=Oop [48]=Oop [92]=NarrowOop [112]=Oop [120]=Oop }
                      ;*aaload {reexecute=0 rethrow=0 return_oop=0}
                      ; - java.util.ArrayList::elementData@5
                      ; - java.util.ArrayList::get@11
                      ; - com.android.tools.r8.internal.Qk0::a@41 (line 7)
                      ; - com.android.tools.r8.internal.Qk0::a@272 (line 53)
  0x000001dd98cf1548: b430 18ff 

  0x000001dd98cf154c: ;   {other}
  0x000001dd98cf154c: 0f1f 8400 | 3c42 0051 | bae4 ffff | ff4c 8b54 | 2438 4c89 | 5424 284c | 8b54 2440 | 4c89 5424 
  0x000001dd98cf156c: 3044 8b54 | 2460 4489 | 5424 4c44 | 894c 245c | 894c 2460 

  0x000001dd98cf1580: ;   {runtime_call UncommonTrapBlob}
  0x000001dd98cf1580: 6666 90e8 

  0x000001dd98cf1584: ; ImmutableOopMap {[32]=Oop [40]=Oop [48]=Oop [96]=NarrowOop [104]=Oop [112]=Oop [120]=Oop }
                      ;*aaload {reexecute=0 rethrow=0 return_oop=0}
                      ; - com.android.tools.r8.internal.Qk0::a@58 (line 9)
                      ; - com.android.tools.r8.internal.Qk0::a@272 (line 53)
  0x000001dd98cf1584: 7830 18ff 

  0x000001dd98cf1588: ;   {other}
  0x000001dd98cf1588: 0f1f 8400 | 7842 0052 | bacc ffff | ff48 8b6c | 2468 4c8b | 5c24 384c | 895c 2428 | 4c8b 5c24 
  0x000001dd98cf15a8: 404c 895c | 2430 4c8b | 5c24 704c | 895c 2440 | 448b 5c24 | 6444 895c | 2448 4c8b | 5c24 784c 
  0x000001dd98cf15c8: 895c 2450 | 448b 4424 | 6044 8944 | 244c 4489 

  0x000001dd98cf15d8: ;   {runtime_call UncommonTrapBlob}
  0x000001dd98cf15d8: 5424 74e8 

  0x000001dd98cf15dc: ; ImmutableOopMap {rbp=Oop [32]=Oop [40]=Oop [48]=Oop [64]=Oop [80]=Oop }
                      ;*invokestatic checkIndex {reexecute=0 rethrow=0 return_oop=0}
                      ; - java.util.Objects::checkIndex@3
                      ; - java.util.ArrayList::get@5
                      ; - com.android.tools.r8.internal.Qk0::a@41 (line 7)
                      ; - com.android.tools.r8.internal.Qk0::a@272 (line 53)
  0x000001dd98cf15dc: 2030 18ff 

  0x000001dd98cf15e0: ;   {other}
  0x000001dd98cf15e0: 0f1f 8400 | d042 0053 | 498b e8eb | 0349 8be8 | bade ffff 

  0x000001dd98cf15f4: ;   {runtime_call UncommonTrapBlob}
  0x000001dd98cf15f4: ff66 90e8 

  0x000001dd98cf15f8: ; ImmutableOopMap {rbp=Oop }
                      ;*checkcast {reexecute=0 rethrow=0 return_oop=0}
                      ; - com.android.tools.r8.internal.Qk0::a@304 (line 55)
  0x000001dd98cf15f8: 0430 18ff 

  0x000001dd98cf15fc: ;   {other}
  0x000001dd98cf15fc: 0f1f 8400 | ec42 0054 | bac6 ffff | ff4c 895c 

  0x000001dd98cf160c: ;   {runtime_call UncommonTrapBlob}
  0x000001dd98cf160c: 2428 90e8 

  0x000001dd98cf1610: ; ImmutableOopMap {[40]=Oop [104]=Oop }
                      ;*invokeinterface hasNext {reexecute=0 rethrow=0 return_oop=0}
                      ; - com.android.tools.r8.internal.Qk0::a@289 (line 55)
  0x000001dd98cf1610: ec2f 18ff 

  0x000001dd98cf1614: ;   {other}
  0x000001dd98cf1614: 0f1f 8400 | 0443 0055 | 488b 5424 | 6848 8b6c 

  0x000001dd98cf1624: ;   {static_call}
  0x000001dd98cf1624: 2460 90e8 

  0x000001dd98cf1628: ; ImmutableOopMap {rbp=Oop [32]=Oop [40]=Oop [52]=NarrowOop [56]=Oop [64]=Oop [76]=NarrowOop [80]=Oop [96]=Oop [104]=Oop [112]=NarrowOop [148]=NarrowOop }
                      ;*invokestatic identityHashCode {reexecute=0 rethrow=0 return_oop=0}
                      ; - java.util.IdentityHashMap::hash@1
                      ; - java.util.IdentityHashMap::put@19
                      ; - com.android.tools.r8.internal.Qk0::a@224 (line 27)
                      ; - com.android.tools.r8.internal.Qk0::a@141 (line 40)
  0x000001dd98cf1628: 54da 17ff 

  0x000001dd98cf162c: ;   {other}
  0x000001dd98cf162c: 0f1f 8400 | 1c43 0056 | e984 efff | ff48 8b54 | 2458 488b 

  0x000001dd98cf1640: ;   {static_call}
  0x000001dd98cf1640: 6c24 60e8 

  0x000001dd98cf1644: ; ImmutableOopMap {rbp=Oop [32]=Oop [40]=Oop [52]=NarrowOop [56]=Oop [64]=Oop [72]=Oop [88]=Oop [96]=Oop [104]=Oop [128]=NarrowOop [148]=NarrowOop [152]=Oop }
                      ;*invokestatic identityHashCode {reexecute=0 rethrow=0 return_oop=0}
                      ; - java.util.IdentityHashMap::hash@1
                      ; - java.util.IdentityHashMap::put@19
                      ; - java.util.Collections$SetFromMap::add@8
                      ; - com.android.tools.r8.internal.Vu0::b@5 (line 2)
                      ; - com.android.tools.r8.internal.Qk0::a@215 (line 26)
                      ; - com.android.tools.r8.internal.Qk0::a@141 (line 40)
  0x000001dd98cf1644: 38da 17ff 

  0x000001dd98cf1648: ;   {other}
  0x000001dd98cf1648: 0f1f 8400 | 3843 0057 | e95b f0ff | ff44 8954 | 2420 458b | f349 8bd7 | 49ba 70ed | 688c f87f 
  0x000001dd98cf1668: 0000 41ff 

  0x000001dd98cf166c: ;   {other}
  0x000001dd98cf166c: d20f 1f84 | 0000 0000 | 0045 8bde | 448b 5424 | 20e9 3ad6 | ffff 488b 

  0x000001dd98cf1684: ;   {static_call}
  0x000001dd98cf1684: 5424 60e8 

  0x000001dd98cf1688: ; ImmutableOopMap {[32]=Oop [48]=NarrowOop [56]=Oop [64]=Oop [72]=Oop [80]=Oop [88]=NarrowOop [96]=Oop [104]=Oop [112]=NarrowOop }
                      ;*invokestatic identityHashCode {reexecute=0 rethrow=0 return_oop=0}
                      ; - java.util.IdentityHashMap::hash@1
                      ; - java.util.IdentityHashMap::put@19
                      ; - com.android.tools.r8.internal.Qk0::a@224 (line 27)
                      ; - com.android.tools.r8.internal.Qk0::a@272 (line 53)
  0x000001dd98cf1688: f4d9 17ff 

  0x000001dd98cf168c: ;   {other}
  0x000001dd98cf168c: 0f1f 8400 | 7c43 0058 | e9a9 f0ff | ff48 8b54 | 2460 488b 

  0x000001dd98cf16a0: ;   {static_call}
  0x000001dd98cf16a0: 6c24 68e8 

  0x000001dd98cf16a4: ; ImmutableOopMap {rbp=Oop [32]=Oop [48]=NarrowOop [56]=Oop [64]=Oop [72]=Oop [80]=Oop [88]=Oop [96]=Oop [120]=NarrowOop [128]=Oop }
                      ;*invokestatic identityHashCode {reexecute=0 rethrow=0 return_oop=0}
                      ; - java.util.IdentityHashMap::hash@1
                      ; - java.util.IdentityHashMap::put@19
                      ; - java.util.Collections$SetFromMap::add@8
                      ; - com.android.tools.r8.internal.Vu0::b@5 (line 2)
                      ; - com.android.tools.r8.internal.Qk0::a@215 (line 26)
                      ; - com.android.tools.r8.internal.Qk0::a@272 (line 53)
  0x000001dd98cf16a4: d8d9 17ff 

  0x000001dd98cf16a8: ;   {other}
  0x000001dd98cf16a8: 0f1f 8400 | 9843 0059 | e960 f1ff | ffba 45ff | ffff 488b | 6c24 604c | 8b54 2440 | 4c89 5424 
  0x000001dd98cf16c8: 284c 8b54 | 2468 4c89 | 5424 3889 | 4c24 4044 | 8b5c 2458 | 4489 5c24 | 4444 894c 

  0x000001dd98cf16e4: ;   {runtime_call UncommonTrapBlob}
  0x000001dd98cf16e4: 2458 90e8 

  0x000001dd98cf16e8: ; ImmutableOopMap {rbp=Oop [32]=Oop [40]=Oop [56]=Oop [112]=Oop [148]=NarrowOop }
                      ;*ifge {reexecute=1 rethrow=0 return_oop=0}
                      ; - (reexecute) java.util.BitSet::get@1
                      ; - com.android.tools.r8.internal.Qk0::a@73 (line 13)
                      ; - com.android.tools.r8.internal.Qk0::a@141 (line 40)
  0x000001dd98cf16e8: 142f 18ff 

  0x000001dd98cf16ec: ;   {other}
  0x000001dd98cf16ec: 0f1f 8400 | dc43 005a | 33ed 453b | d140 0f9c | c5ba 45ff | ffff 4c89 

  0x000001dd98cf1704: ;   {runtime_call UncommonTrapBlob}
  0x000001dd98cf1704: 4424 28e8 

  0x000001dd98cf1708: ; ImmutableOopMap {[40]=Oop [104]=Oop }
                      ;*ifeq {reexecute=1 rethrow=0 return_oop=0}
                      ; - (reexecute) com.android.tools.r8.internal.F::next@4 (line 1)
                      ; - com.android.tools.r8.internal.Qk0::a@299 (line 55)
  0x000001dd98cf1708: f42e 18ff 

  0x000001dd98cf170c: ;   {other}
  0x000001dd98cf170c: 0f1f 8400 | fc43 005b | bae4 ffff | ff44 894c | 2430 4489 

  0x000001dd98cf1720: ;   {runtime_call UncommonTrapBlob}
  0x000001dd98cf1720: 5424 34e8 

  0x000001dd98cf1724: ; ImmutableOopMap {[32]=Oop [48]=NarrowOop [104]=Oop }
                      ;*aaload {reexecute=0 rethrow=0 return_oop=0}
                      ; - com.android.tools.r8.internal.dJ::a@5 (line 1)
                      ; - com.android.tools.r8.internal.F::next@21 (line 4)
                      ; - com.android.tools.r8.internal.Qk0::a@299 (line 55)
  0x000001dd98cf1724: d82e 18ff 

  0x000001dd98cf1728: ;   {other}
  0x000001dd98cf1728: 0f1f 8400 | 1844 005c | bae4 ffff | ff4c 8954 | 2420 8974 | 2428 897c | 2434 895c 

  0x000001dd98cf1744: ;   {runtime_call UncommonTrapBlob}
  0x000001dd98cf1744: 2438 90e8 

  0x000001dd98cf1748: ; ImmutableOopMap {rbp=Oop [32]=Oop [40]=NarrowOop [52]=NarrowOop }
                      ;*aaload {reexecute=0 rethrow=0 return_oop=0}
                      ; - java.util.ArrayDeque::elementAt@2
                      ; - java.util.ArrayDeque::pollFirst@12
                      ; - java.util.ArrayDeque::removeFirst@1
                      ; - com.android.tools.r8.internal.Vu0::d@4 (line 2)
                      ; - com.android.tools.r8.internal.Qk0::a@93 (line 36)
  0x000001dd98cf1748: b42e 18ff 

  0x000001dd98cf174c: ;   {other}
  0x000001dd98cf174c: 0f1f 8400 | 3c44 005d | bade ffff | ff49 8bea | 8974 2420 | 4489 5c24 

  0x000001dd98cf1764: ;   {runtime_call UncommonTrapBlob}
  0x000001dd98cf1764: 2466 90e8 

  0x000001dd98cf1768: ; ImmutableOopMap {rbp=Oop [32]=NarrowOop [36]=NarrowOop }
                      ;*invokevirtual removeFirst {reexecute=0 rethrow=0 return_oop=0}
                      ; - com.android.tools.r8.internal.Vu0::d@4 (line 2)
                      ; - com.android.tools.r8.internal.Qk0::a@93 (line 36)
  0x000001dd98cf1768: 942e 18ff 

  0x000001dd98cf176c: ;   {other}
  0x000001dd98cf176c: 0f1f 8400 | 5c44 005e | bade ffff | ff48 8b6c | 2460 4489 | 5c24 2444 | 8944 2428 

  0x000001dd98cf1788: ;   {runtime_call UncommonTrapBlob}
  0x000001dd98cf1788: 6666 90e8 

  0x000001dd98cf178c: ; ImmutableOopMap {rbp=Oop [36]=NarrowOop [40]=NarrowOop }
                      ;*invokeinterface remove {reexecute=0 rethrow=0 return_oop=0}
                      ; - com.android.tools.r8.internal.Qk0::a@102 (line 37)
  0x000001dd98cf178c: 702e 18ff 

  0x000001dd98cf1790: ;   {other}
  0x000001dd98cf1790: 0f1f 8400 | 8044 005f | 33ed 453b | d840 0f9c | c5ba 45ff | ffff 4c89 

  0x000001dd98cf17a8: ;   {runtime_call UncommonTrapBlob}
  0x000001dd98cf17a8: 5424 40e8 

  0x000001dd98cf17ac: ; ImmutableOopMap {[40]=Oop [48]=Oop [64]=Oop [72]=Oop [80]=NarrowOop }
                      ;*ifne {reexecute=1 rethrow=0 return_oop=0}
                      ; - (reexecute) java.util.LinkedList$ListItr::next@8
                      ; - com.android.tools.r8.internal.Qk0::a@180 (line 43)
  0x000001dd98cf17ac: 502e 18ff 

  0x000001dd98cf17b0: ;   {other}
  0x000001dd98cf17b0: 0f1f 8400 | a044 0060 | ba76 ffff | ff4c 895c | 2420 4489 

  0x000001dd98cf17c4: ;   {runtime_call UncommonTrapBlob}
  0x000001dd98cf17c4: 4c24 28e8 

  0x000001dd98cf17c8: ; ImmutableOopMap {[32]=Oop [104]=Oop }
                      ;*ifeq {reexecute=1 rethrow=0 return_oop=0}
                      ; - (reexecute) com.android.tools.r8.internal.Qk0::a@294 (line 55)
  0x000001dd98cf17c8: 342e 18ff 

  0x000001dd98cf17cc: ;   {other}
  0x000001dd98cf17cc: 0f1f 8400 | bc44 0061 | bade ffff | ff41 8beb 

  0x000001dd98cf17dc: ;   {runtime_call UncommonTrapBlob}
  0x000001dd98cf17dc: 6666 90e8 

  0x000001dd98cf17e0: ; ImmutableOopMap {rbp=NarrowOop }
                      ;*checkcast {reexecute=0 rethrow=0 return_oop=0}
                      ; - com.android.tools.r8.internal.Qk0::a@185 (line 43)
  0x000001dd98cf17e0: 1c2e 18ff 

  0x000001dd98cf17e4: ;   {other}
  0x000001dd98cf17e4: 0f1f 8400 | d444 0062 | ba45 ffff | ff44 8954 

  0x000001dd98cf17f4: ;   {runtime_call UncommonTrapBlob}
  0x000001dd98cf17f4: 2430 90e8 

  0x000001dd98cf17f8: ; ImmutableOopMap {rbp=Oop [104]=Oop }
                      ;*ifne {reexecute=1 rethrow=0 return_oop=0}
                      ; - (reexecute) com.android.tools.r8.internal.cJ::next@4 (line 1)
                      ; - com.android.tools.r8.internal.Qk0::a@299 (line 55)
  0x000001dd98cf17f8: 042e 18ff 

  0x000001dd98cf17fc: ;   {other}
  0x000001dd98cf17fc: 0f1f 8400 | ec44 0063 | ba45 ffff | ff4c 8b54 | 2438 4c89 | 5424 284c | 8b54 2440 | 4c89 5424 
  0x000001dd98cf181c: 3044 8b54 | 2460 4489 | 5424 4c44 | 894c 2460 

  0x000001dd98cf182c: ;   {runtime_call UncommonTrapBlob}
  0x000001dd98cf182c: 6666 90e8 

  0x000001dd98cf1830: ; ImmutableOopMap {[32]=Oop [40]=Oop [48]=Oop [104]=Oop [112]=Oop [120]=Oop }
                      ;*ifge {reexecute=1 rethrow=0 return_oop=0}
                      ; - (reexecute) java.util.BitSet::get@1
                      ; - com.android.tools.r8.internal.Qk0::a@73 (line 13)
                      ; - com.android.tools.r8.internal.Qk0::a@272 (line 53)
  0x000001dd98cf1830: cc2d 18ff 

  0x000001dd98cf1834: ;   {other}
  0x000001dd98cf1834: 0f1f 8400 | 2445 0064 | 498b e8eb | 0349 8be8 | ba45 ffff | ff4c 8b54 | 2430 4c89 | 5424 2844 
  0x000001dd98cf1854: 895c 2434 

  0x000001dd98cf1858: ;   {runtime_call UncommonTrapBlob}
  0x000001dd98cf1858: 6666 90e8 

  0x000001dd98cf185c: ; ImmutableOopMap {rbp=Oop [40]=Oop [104]=Oop }
                      ;*ifge {reexecute=1 rethrow=0 return_oop=0}
                      ; - (reexecute) java.util.BitSet::get@1
                      ; - com.android.tools.r8.internal.Qk0::a@320 (line 57)
  0x000001dd98cf185c: a02d 18ff 

  0x000001dd98cf1860: ;   {other}
  0x000001dd98cf1860: 0f1f 8400 | 5045 0065 | bae4 ffff | ff48 8b6c | 2420 4489 | 4424 2044 | 8b54 242c | 4489 5424 
  0x000001dd98cf1880: 2444 894c | 2430 894c 

  0x000001dd98cf1888: ;   {runtime_call UncommonTrapBlob}
  0x000001dd98cf1888: 2434 90e8 

  0x000001dd98cf188c: ; ImmutableOopMap {rbp=Oop [32]=NarrowOop [48]=NarrowOop }
                      ;*laload {reexecute=0 rethrow=0 return_oop=0}
                      ; - java.util.BitSet::set@47
                      ; - com.android.tools.r8.internal.Qk0::a@202 (line 46)
  0x000001dd98cf188c: 702d 18ff 

  0x000001dd98cf1890: ;   {other}
  0x000001dd98cf1890: 0f1f 8400 | 8045 0066 | bac6 ffff | ff48 8944 

  0x000001dd98cf18a0: ;   {runtime_call UncommonTrapBlob}
  0x000001dd98cf18a0: 2420 90e8 

  0x000001dd98cf18a4: ; ImmutableOopMap {[32]=Oop [104]=Oop }
                      ;*invokeinterface iterator {reexecute=0 rethrow=0 return_oop=0}
                      ; - com.android.tools.r8.internal.Qk0::a@282 (line 55)
  0x000001dd98cf18a4: 582d 18ff 

  0x000001dd98cf18a8: ;   {other}
  0x000001dd98cf18a8: 0f1f 8400 | 9845 0067 | bae4 ffff | ff48 8b6c | 2460 4c8b | 5c24 404c | 895c 2428 | 4c8b 5c24 
  0x000001dd98cf18c8: 684c 895c | 2438 448b | 5c24 5c44 | 895c 2440 | 448b 5c24 | 5844 895c | 2444 4489 | 4c24 5444 
  0x000001dd98cf18e8: 8954 2458 | 4489 4424 

  0x000001dd98cf18f0: ;   {runtime_call UncommonTrapBlob}
  0x000001dd98cf18f0: 5c66 90e8 

  0x000001dd98cf18f4: ; ImmutableOopMap {rbp=Oop [32]=Oop [40]=Oop [56]=Oop [88]=NarrowOop [112]=Oop [148]=NarrowOop }
                      ;*laload {reexecute=0 rethrow=0 return_oop=0}
                      ; - java.util.BitSet::get@53
                      ; - com.android.tools.r8.internal.Qk0::a@73 (line 13)
                      ; - com.android.tools.r8.internal.Qk0::a@141 (line 40)
  0x000001dd98cf18f4: 082d 18ff 

  0x000001dd98cf18f8: ;   {other}
  0x000001dd98cf18f8: 0f1f 8400 | e845 0068 | bae4 ffff | ff4c 8b5c | 2438 4c89 | 5c24 284c | 8b5c 2440 | 4c89 5c24 
  0x000001dd98cf1918: 3044 8b5c | 2464 4489 | 5c24 488b | 4c24 6089 | 4c24 4c44 | 894c 245c | 4489 5424 | 6044 8944 
  0x000001dd98cf1938: ;   {runtime_call UncommonTrapBlob}
  0x000001dd98cf1938: 2464 90e8 

  0x000001dd98cf193c: ; ImmutableOopMap {[32]=Oop [40]=Oop [48]=Oop [96]=NarrowOop [104]=Oop [112]=Oop [120]=Oop }
                      ;*laload {reexecute=0 rethrow=0 return_oop=0}
                      ; - java.util.BitSet::get@53
                      ; - com.android.tools.r8.internal.Qk0::a@73 (line 13)
                      ; - com.android.tools.r8.internal.Qk0::a@272 (line 53)
  0x000001dd98cf193c: c02c 18ff 

  0x000001dd98cf1940: ;   {other}
  0x000001dd98cf1940: 0f1f 8400 | 3046 0069 | 488b eb4c | 8944 2420 | eb08 488b | e94c 8944 | 2420 bae4 | ffff ff44 
  0x000001dd98cf1960: 895c 2438 | 4489 4c24 

  0x000001dd98cf1968: ;   {runtime_call UncommonTrapBlob}
  0x000001dd98cf1968: 3c66 90e8 

  0x000001dd98cf196c: ; ImmutableOopMap {rbp=Oop [32]=Oop [48]=Oop [104]=Oop }
                      ;*laload {reexecute=0 rethrow=0 return_oop=0}
                      ; - java.util.BitSet::get@53
                      ; - com.android.tools.r8.internal.Qk0::a@320 (line 57)
  0x000001dd98cf196c: 902c 18ff 

  0x000001dd98cf1970: ;   {other}
  0x000001dd98cf1970: 0f1f 8400 | 6046 006a | 458b c144 | 8b54 2434 | 4589 500c | 4588 6010 | 4c8b d34d | 85d2 0f85 
  0x000001dd98cf1990: caef ffff | e90e c6ff | ff44 8b54 | 2428 458b | 5214 4585 | d20f 845b | efff ff4d | 8b5f 2849 
  0x000001dd98cf19b0: 8bca 4d85 | db0f 84e2 | 1800 004d | 8b57 384b | 894c 1af8 | 4983 c3f8 | 4d89 5f28 | e935 efff 
  0x000001dd98cf19d0: ff4d 8b57 | 584d 8b5f | 48f0 8344 | 24c0 0080 | 3900 742f | 4488 214d | 85db 740f | 4b89 4c1a 
  0x000001dd98cf19f0: f849 83c3 | f84d 895f | 48eb 1849 | 8bd7 49ba | 50ed 688c | f87f 0000 

  0x000001dd98cf1a08: ;   {other}
  0x000001dd98cf1a08: 41ff d20f | 1f84 0000 | 0000 0044 | 8b44 2428 | 448b 5c24 | 3445 8958 | 0c45 8860 | 1045 8b50 
  0x000001dd98cf1a28: 1445 85d2 | 0f84 75c5 | ffff e927 | efff ffba | c6ff ffff | 488b 6c24 | 684c 8944 

  0x000001dd98cf1a44: ;   {runtime_call UncommonTrapBlob}
  0x000001dd98cf1a44: 2430 90e8 

  0x000001dd98cf1a48: ; ImmutableOopMap {rbp=Oop [48]=Oop [56]=Oop }
                      ;*invokeinterface hasNext {reexecute=0 rethrow=0 return_oop=0}
                      ; - com.android.tools.r8.internal.Qk0::a@254 (line 52)
  0x000001dd98cf1a48: b42b 18ff 

  0x000001dd98cf1a4c: ;   {other}
  0x000001dd98cf1a4c: 0f1f 8400 | 3c47 006b | 488b f349 | 8bf8 418b | da49 8bd7 | 49ba 70ed | 688c f87f | 0000 41ff 
  0x000001dd98cf1a6c: ;   {other}
  0x000001dd98cf1a6c: d20f 1f84 | 0000 0000 | 00e9 fced | ffff 4489 | 5424 2045 | 8bf0 498b | d749 ba70 | ed68 8cf8 
  0x000001dd98cf1a8c: 7f00 0041 

  0x000001dd98cf1a90: ;   {other}
  0x000001dd98cf1a90: ffd2 0f1f | 8400 0000 | 0000 458b | c644 8b54 | 2420 e910 | c3ff ffba | e4ff ffff | 488b 6c24 
  0x000001dd98cf1ab0: 604c 8b54 | 2440 4c89 | 5424 2044 | 894c 2430 

  0x000001dd98cf1ac0: ;   {runtime_call UncommonTrapBlob}
  0x000001dd98cf1ac0: 6666 90e8 

  0x000001dd98cf1ac4: ; ImmutableOopMap {rbp=Oop [32]=Oop [48]=NarrowOop [148]=NarrowOop }
                      ;*aaload {reexecute=0 rethrow=0 return_oop=0}
                      ; - java.util.ArrayList$Itr::next@64
                      ; - com.android.tools.r8.internal.Qk0::a@133 (line 39)
  0x000001dd98cf1ac4: 382b 18ff 

  0x000001dd98cf1ac8: ;   {other}
  0x000001dd98cf1ac8: 0f1f 8400 | b847 006c | ba45 ffff | ff48 8b6c | 2430 4c8b | 4424 284c | 8944 2420 | 4489 5c24 
  0x000001dd98cf1ae8: 304c 8954 

  0x000001dd98cf1aec: ;   {runtime_call UncommonTrapBlob}
  0x000001dd98cf1aec: 2440 90e8 

  0x000001dd98cf1af0: ; ImmutableOopMap {rbp=Oop [32]=Oop [64]=Oop [72]=Oop [80]=NarrowOop }
                      ;*if_icmpeq {reexecute=1 rethrow=0 return_oop=0}
                      ; - (reexecute) java.util.LinkedList$ListItr::checkForComodification@11
                      ; - java.util.LinkedList$ListItr::next@1
                      ; - com.android.tools.r8.internal.Qk0::a@180 (line 43)
  0x000001dd98cf1af0: 0c2b 18ff 

  0x000001dd98cf1af4: ;   {other}
  0x000001dd98cf1af4: 0f1f 8400 | e447 006d | ba45 ffff | ff49 8bea | 4889 4c24 | 2044 894c 

  0x000001dd98cf1b0c: ;   {runtime_call UncommonTrapBlob}
  0x000001dd98cf1b0c: 242c 90e8 

  0x000001dd98cf1b10: ; ImmutableOopMap {rbp=Oop [32]=Oop }
                      ;*ifge {reexecute=1 rethrow=0 return_oop=0}
                      ; - (reexecute) java.util.BitSet::get@1
                      ; - com.android.tools.r8.internal.Qk0::a@155 (line 42)
  0x000001dd98cf1b10: ec2a 18ff 

  0x000001dd98cf1b14: ;   {other}
  0x000001dd98cf1b14: 0f1f 8400 | 0448 006e | ba45 ffff | ff49 8bea | 4889 4c24 | 2044 895c | 242c 4489 

  0x000001dd98cf1b30: ;   {runtime_call UncommonTrapBlob}
  0x000001dd98cf1b30: 4424 30e8 

  0x000001dd98cf1b34: ; ImmutableOopMap {rbp=Oop [32]=Oop [44]=NarrowOop }
                      ;*if_icmpgt {reexecute=1 rethrow=0 return_oop=0}
                      ; - (reexecute) java.util.LinkedList::isPositionIndex@9
                      ; - java.util.LinkedList::checkPositionIndex@2
                      ; - java.util.LinkedList::listIterator@2
                      ; - java.util.AbstractList::listIterator@2
                      ; - java.util.AbstractSequentialList::iterator@1
                      ; - com.android.tools.r8.internal.Qk0::a@165 (line 43)
  0x000001dd98cf1b34: c82a 18ff 

  0x000001dd98cf1b38: ;   {other}
  0x000001dd98cf1b38: 0f1f 8400 | 2848 006f | ba45 ffff | ff49 8bea | 894c 2424 

  0x000001dd98cf1b4c: ;   {runtime_call UncommonTrapBlob}
  0x000001dd98cf1b4c: 6666 90e8 

  0x000001dd98cf1b50: ; ImmutableOopMap {rbp=Oop }
                      ;*ifge {reexecute=1 rethrow=0 return_oop=0}
                      ; - (reexecute) java.util.BitSet::set@1
                      ; - com.android.tools.r8.internal.Qk0::a@202 (line 46)
  0x000001dd98cf1b50: ac2a 18ff 

  0x000001dd98cf1b54: ;   {other}
  0x000001dd98cf1b54: 0f1f 8400 | 4448 0070 | bae4 ffff | ff48 8b6c | 2460 4c8b | 5424 404c | 8954 2428 | 4c8b 5424 
  0x000001dd98cf1b74: 684c 8954 | 2438 448b | 5424 4844 | 8954 2440 | 448b 5c24 | 7044 895c | 2460 8944 

  0x000001dd98cf1b90: ;   {runtime_call UncommonTrapBlob}
  0x000001dd98cf1b90: 2464 90e8 

  0x000001dd98cf1b94: ; ImmutableOopMap {rbp=Oop [32]=Oop [40]=Oop [56]=Oop [64]=NarrowOop [96]=NarrowOop [148]=NarrowOop }
                      ;*aaload {reexecute=0 rethrow=0 return_oop=0}
                      ; - java.util.IdentityHashMap::get@25
                      ; - java.util.Map::getOrDefault@2
                      ; - com.android.tools.r8.internal.Qk0::a@151 (line 20)
                      ; - com.android.tools.r8.internal.Qk0::a@141 (line 40)
  0x000001dd98cf1b94: 682a 18ff 

  0x000001dd98cf1b98: ;   {other}
  0x000001dd98cf1b98: 0f1f 8400 | 8848 0071 | ba76 ffff | ff48 8b6c | 2460 4c8b | 5424 404c | 8954 2420 | 4489 5c24 
  0x000001dd98cf1bb8: 3c44 8b5c | 2458 4489 

  0x000001dd98cf1bc0: ;   {runtime_call UncommonTrapBlob}
  0x000001dd98cf1bc0: 5c24 44e8 

  0x000001dd98cf1bc4: ; ImmutableOopMap {rbp=Oop [32]=Oop [60]=NarrowOop [104]=Oop [148]=NarrowOop }
                      ;*if_icmpge {reexecute=1 rethrow=0 return_oop=0}
                      ; - (reexecute) com.android.tools.r8.internal.Qk0::a@33 (line 5)
                      ; - com.android.tools.r8.internal.Qk0::a@141 (line 40)
  0x000001dd98cf1bc4: 382a 18ff 

  0x000001dd98cf1bc8: ;   {other}
  0x000001dd98cf1bc8: 0f1f 8400 | b848 0072 | bade ffff | ff41 8be9 

  0x000001dd98cf1bd8: ;   {runtime_call UncommonTrapBlob}
  0x000001dd98cf1bd8: 6666 90e8 

  0x000001dd98cf1bdc: ; ImmutableOopMap {rbp=NarrowOop }
                      ;*checkcast {reexecute=0 rethrow=0 return_oop=0}
                      ; - com.android.tools.r8.internal.Qk0::a@269 (line 52)
  0x000001dd98cf1bdc: 202a 18ff 

  0x000001dd98cf1be0: ;   {other}
  0x000001dd98cf1be0: 0f1f 8400 | d048 0073 | bae4 ffff | ff48 8b6c | 2468 4c8b | 5424 384c | 8954 2420 | 4c8b 5424 
  0x000001dd98cf1c00: 404c 8954 | 2428 4c8b | 5424 604c | 8954 2438 | 4c8b 5424 | 504c 8954 | 2440 8944 

  0x000001dd98cf1c1c: ;   {runtime_call UncommonTrapBlob}
  0x000001dd98cf1c1c: 246c 90e8 

  0x000001dd98cf1c20: ; ImmutableOopMap {rbp=Oop [32]=Oop [40]=Oop [56]=Oop [64]=Oop [72]=NarrowOop [76]=NarrowOop }
                      ;*aaload {reexecute=0 rethrow=0 return_oop=0}
                      ; - java.util.IdentityHashMap::get@25
                      ; - java.util.Map::getOrDefault@2
                      ; - com.android.tools.r8.internal.Qk0::a@151 (line 20)
                      ; - com.android.tools.r8.internal.Qk0::a@272 (line 53)
  0x000001dd98cf1c20: dc29 18ff 

  0x000001dd98cf1c24: ;   {other}
  0x000001dd98cf1c24: 0f1f 8400 | 1449 0074 | bae4 ffff | ff49 8bea | 4889 4c24 | 2044 894c | 2428 895c | 242c 4489 
  0x000001dd98cf1c44: ;   {runtime_call UncommonTrapBlob}
  0x000001dd98cf1c44: 4424 30e8 

  0x000001dd98cf1c48: ; ImmutableOopMap {rbp=Oop [32]=Oop [44]=NarrowOop }
                      ;*laload {reexecute=0 rethrow=0 return_oop=0}
                      ; - java.util.BitSet::get@53
                      ; - com.android.tools.r8.internal.Qk0::a@155 (line 42)
  0x000001dd98cf1c48: b429 18ff 

  0x000001dd98cf1c4c: ;   {other}
  0x000001dd98cf1c4c: 0f1f 8400 | 3c49 0075 | bac6 ffff | ff48 8b6c | 2468 4889 

  0x000001dd98cf1c60: ;   {runtime_call UncommonTrapBlob}
  0x000001dd98cf1c60: 4424 28e8 

  0x000001dd98cf1c64: ; ImmutableOopMap {rbp=Oop [40]=Oop [56]=Oop }
                      ;*invokeinterface iterator {reexecute=0 rethrow=0 return_oop=0}
                      ; - com.android.tools.r8.internal.Qk0::a@247 (line 52)
  0x000001dd98cf1c64: 9829 18ff 

  0x000001dd98cf1c68: ;   {other}
  0x000001dd98cf1c68: 0f1f 8400 | 5849 0076 | ba76 ffff | ff4c 8b54 | 2438 4c89 | 5424 204c | 8b54 2440 | 4c89 5424 
  0x000001dd98cf1c88: 2844 895c | 2444 448b | 5c24 6045 | 8bd3 4489 

  0x000001dd98cf1c98: ;   {runtime_call UncommonTrapBlob}
  0x000001dd98cf1c98: 5424 4ce8 

  0x000001dd98cf1c9c: ; ImmutableOopMap {[32]=Oop [40]=Oop [68]=NarrowOop [104]=Oop [112]=Oop }
                      ;*if_icmpge {reexecute=1 rethrow=0 return_oop=0}
                      ; - (reexecute) com.android.tools.r8.internal.Qk0::a@33 (line 5)
                      ; - com.android.tools.r8.internal.Qk0::a@272 (line 53)
  0x000001dd98cf1c9c: 6029 18ff 

  0x000001dd98cf1ca0: ;   {other}
  0x000001dd98cf1ca0: 0f1f 8400 | 9049 0077 | bae4 ffff | ff48 8b6c | 2460 4c8b | 5424 404c | 8954 2428 | 4c8b 5424 
  0x000001dd98cf1cc0: 684c 8954 | 2440 8944 

  0x000001dd98cf1cc8: ;   {runtime_call UncommonTrapBlob}
  0x000001dd98cf1cc8: 2458 90e8 

  0x000001dd98cf1ccc: ; ImmutableOopMap {rbp=Oop [32]=Oop [40]=Oop [64]=Oop [72]=NarrowOop [148]=NarrowOop }
                      ;*aaload {reexecute=0 rethrow=0 return_oop=0}
                      ; - java.util.IdentityHashMap::containsKey@25
                      ; - java.util.Map::getOrDefault@14
                      ; - com.android.tools.r8.internal.Qk0::a@151 (line 20)
                      ; - com.android.tools.r8.internal.Qk0::a@141 (line 40)
  0x000001dd98cf1ccc: 3029 18ff 

  0x000001dd98cf1cd0: ;   {other}
  0x000001dd98cf1cd0: 0f1f 8400 | c049 0078 | bae4 ffff | ff4c 8b54 | 2438 4c89 | 5424 204c | 8b54 2440 | 4c89 5424 
  0x000001dd98cf1cf0: 284c 8b54 | 2460 4c89 | 5424 384c | 8b54 2450 | 4c89 5424 | 4044 8b54 | 2458 4489 | 5424 5489 
  0x000001dd98cf1d10: ;   {runtime_call UncommonTrapBlob}
  0x000001dd98cf1d10: 4424 60e8 

  0x000001dd98cf1d14: ; ImmutableOopMap {[32]=Oop [40]=Oop [56]=Oop [64]=Oop [92]=NarrowOop [104]=Oop }
                      ;*aaload {reexecute=0 rethrow=0 return_oop=0}
                      ; - java.util.IdentityHashMap::containsKey@25
                      ; - java.util.Map::getOrDefault@14
                      ; - com.android.tools.r8.internal.Qk0::a@151 (line 20)
                      ; - com.android.tools.r8.internal.Qk0::a@272 (line 53)
  0x000001dd98cf1d14: e828 18ff 

  0x000001dd98cf1d18: ;   {other}
  0x000001dd98cf1d18: 0f1f 8400 | 084a 0079 | bae4 ffff | ff48 8b6c | 2460 4c8b | 5424 404c | 8954 2428 | 4c8b 5424 
  0x000001dd98cf1d38: 6844 8b5c | 2448 4489 | 5c24 404c | 8954 2448 | 4c89 5424 | 5044 8b5c | 2470 4489 | 5c24 6089 
  0x000001dd98cf1d58: ;   {runtime_call UncommonTrapBlob}
  0x000001dd98cf1d58: 4424 64e8 

  0x000001dd98cf1d5c: ; ImmutableOopMap {rbp=Oop [32]=Oop [40]=Oop [64]=NarrowOop [72]=Oop [80]=Oop [96]=NarrowOop [148]=NarrowOop }
                      ;*aaload {reexecute=0 rethrow=0 return_oop=0}
                      ; - java.util.IdentityHashMap::get@25
                      ; - java.util.Map::getOrDefault@2
                      ; - com.android.tools.r8.internal.Qk0::a@151 (line 20)
                      ; - com.android.tools.r8.internal.Qk0::a@141 (line 40)
  0x000001dd98cf1d5c: a028 18ff 

  0x000001dd98cf1d60: ;   {other}
  0x000001dd98cf1d60: 0f1f 8400 | 504a 007a | ba45 ffff | ff48 8b6c | 2460 4c8b | 5c24 404c | 895c 2420 | 4489 4424 
  0x000001dd98cf1d80: 3044 8b84 | 2490 0000 | 0044 8954 | 243c 4489 

  0x000001dd98cf1d90: ;   {runtime_call UncommonTrapBlob}
  0x000001dd98cf1d90: 4424 40e8 

  0x000001dd98cf1d94: ; ImmutableOopMap {rbp=Oop [32]=Oop [148]=NarrowOop }
                      ;*if_icmpeq {reexecute=1 rethrow=0 return_oop=0}
                      ; - (reexecute) java.util.ArrayList$Itr::checkForComodification@11
                      ; - java.util.ArrayList$Itr::next@1
                      ; - com.android.tools.r8.internal.Qk0::a@133 (line 39)
  0x000001dd98cf1d94: 6828 18ff 

  0x000001dd98cf1d98: ;   {other}
  0x000001dd98cf1d98: 0f1f 8400 | 884a 007b | ba45 ffff | ff48 8b6c | 2460 4c8b | 4424 404c | 8944 2420 | 4489 5c24 
  0x000001dd98cf1db8: 3844 8954 

  0x000001dd98cf1dbc: ;   {runtime_call UncommonTrapBlob}
  0x000001dd98cf1dbc: 2440 90e8 

  0x000001dd98cf1dc0: ; ImmutableOopMap {rbp=Oop [32]=Oop [148]=NarrowOop }
                      ;*if_icmplt {reexecute=1 rethrow=0 return_oop=0}
                      ; - (reexecute) java.util.ArrayList$Itr::next@17
                      ; - com.android.tools.r8.internal.Qk0::a@133 (line 39)
  0x000001dd98cf1dc0: 3c28 18ff 

  0x000001dd98cf1dc4: ;   {other}
  0x000001dd98cf1dc4: 0f1f 8400 | b44a 007c | ba45 ffff | ff48 8b6c | 2460 4c8b | 5c24 404c | 895c 2420 | 4489 4424 
  0x000001dd98cf1de4: 3444 8954 

  0x000001dd98cf1de8: ;   {runtime_call UncommonTrapBlob}
  0x000001dd98cf1de8: 243c 90e8 

  0x000001dd98cf1dec: ; ImmutableOopMap {rbp=Oop [32]=Oop [148]=NarrowOop }
                      ;*if_icmplt {reexecute=1 rethrow=0 return_oop=0}
                      ; - (reexecute) java.util.ArrayList$Itr::next@39
                      ; - com.android.tools.r8.internal.Qk0::a@133 (line 39)
  0x000001dd98cf1dec: 1028 18ff 

  0x000001dd98cf1df0: ;   {other}
  0x000001dd98cf1df0: 0f1f 8400 | e04a 007d | bae4 ffff | ff48 8b6c | 2460 4c8b | 5424 404c | 8954 2438 | 4489 4424 
  0x000001dd98cf1e10: ;   {runtime_call UncommonTrapBlob}
  0x000001dd98cf1e10: 3466 90e8 

  0x000001dd98cf1e14: ; ImmutableOopMap {rbp=Oop [32]=Oop [40]=Oop [56]=Oop [104]=Oop [112]=NarrowOop [148]=NarrowOop }
                      ;*aaload {reexecute=0 rethrow=0 return_oop=0}
                      ; - java.util.IdentityHashMap::put@28
                      ; - com.android.tools.r8.internal.Qk0::a@224 (line 27)
                      ; - com.android.tools.r8.internal.Qk0::a@141 (line 40)
  0x000001dd98cf1e14: e827 18ff 

  0x000001dd98cf1e18: ;   {other}
  0x000001dd98cf1e18: 0f1f 8400 | 084b 007e | bae4 ffff | ff48 8b6c | 2460 4c8b | 5424 404c | 8954 2438 | 4c8b 5424 
  0x000001dd98cf1e38: 684c 8954 | 2440 4489 | 4424 3444 | 8b9c 2480 | 0000 0044 | 895c 247c 

  0x000001dd98cf1e50: ;   {runtime_call UncommonTrapBlob}
  0x000001dd98cf1e50: 6666 90e8 

  0x000001dd98cf1e54: ; ImmutableOopMap {rbp=Oop [32]=Oop [40]=Oop [56]=Oop [64]=Oop [124]=NarrowOop [148]=NarrowOop [152]=Oop }
                      ;*aaload {reexecute=0 rethrow=0 return_oop=0}
                      ; - java.util.IdentityHashMap::put@28
                      ; - java.util.Collections$SetFromMap::add@8
                      ; - com.android.tools.r8.internal.Vu0::b@5 (line 2)
                      ; - com.android.tools.r8.internal.Qk0::a@215 (line 26)
                      ; - com.android.tools.r8.internal.Qk0::a@141 (line 40)
  0x000001dd98cf1e54: a827 18ff 

  0x000001dd98cf1e58: ;   {other}
  0x000001dd98cf1e58: 0f1f 8400 | 484b 007f | bae4 ffff | ff48 8b6c | 2468 4c8b | 5424 384c | 8954 2420 | 4c8b 5424 
  0x000001dd98cf1e78: 404c 8954 | 2428 4c8b | 5424 604c | 8954 2438 | 4c8b 5424 | 504c 8954 | 2440 8944 

  0x000001dd98cf1e94: ;   {runtime_call UncommonTrapBlob}
  0x000001dd98cf1e94: 246c 90e8 

  0x000001dd98cf1e98: ; ImmutableOopMap {rbp=Oop [32]=Oop [40]=Oop [56]=Oop [64]=Oop [72]=NarrowOop [76]=NarrowOop }
                      ;*aaload {reexecute=0 rethrow=0 return_oop=0}
                      ; - java.util.IdentityHashMap::get@25
                      ; - java.util.Map::getOrDefault@2
                      ; - com.android.tools.r8.internal.Qk0::a@151 (line 20)
                      ; - com.android.tools.r8.internal.Qk0::a@272 (line 53)
  0x000001dd98cf1e98: 6427 18ff 

  0x000001dd98cf1e9c: ;   {other}
  0x000001dd98cf1e9c: 0f1f 8400 | 8c4b 0080 | bae4 ffff | ff48 8b6c | 2460 4c8b | 5424 404c | 8954 2428 | 4c8b 5424 
  0x000001dd98cf1ebc: 6844 8b44 | 2448 4489 | 4424 404c | 8954 2448 | 4489 5c24 

  0x000001dd98cf1ed0: ;   {runtime_call UncommonTrapBlob}
  0x000001dd98cf1ed0: 5066 90e8 

  0x000001dd98cf1ed4: ; ImmutableOopMap {rbp=Oop [32]=Oop [40]=Oop [64]=NarrowOop [72]=Oop [104]=Oop [112]=NarrowOop [148]=NarrowOop }
                      ;*aaload {reexecute=0 rethrow=0 return_oop=0}
                      ; - java.util.IdentityHashMap::get@39
                      ; - java.util.Map::getOrDefault@2
                      ; - com.android.tools.r8.internal.Qk0::a@151 (line 20)
                      ; - com.android.tools.r8.internal.Qk0::a@141 (line 40)
  0x000001dd98cf1ed4: 2827 18ff 

  0x000001dd98cf1ed8: ;   {other}
  0x000001dd98cf1ed8: 0f1f 8400 | c84b 0081 | 488b fb41 | 8bf2 498b | db49 8bd7 | 49ba 70ed | 688c f87f | 0000 41ff 
  0x000001dd98cf1ef8: ;   {other}
  0x000001dd98cf1ef8: d20f 1f84 | 0000 0000 | 00e9 c2ea | ffff bae4 | ffff ff48 | 8b6c 2460 | 4c8b 5c24 | 404c 895c 
  0x000001dd98cf1f18: 2428 4c8b | 5c24 684c | 895c 2438 | 448b 4424 | 5c44 8944 | 2440 4c8b | 5c24 704c | 895c 2448 
  0x000001dd98cf1f38: 448b 4424 | 5844 8944 | 2444 448b | 4424 7844 | 8944 2454 | 4c89 4c24 | 6844 8954 | 2478 448b 
  0x000001dd98cf1f58: 9424 8800 | 0000 4489 

  0x000001dd98cf1f60: ;   {runtime_call UncommonTrapBlob}
  0x000001dd98cf1f60: 5424 7ce8 

  0x000001dd98cf1f64: ; ImmutableOopMap {rbp=Oop [32]=Oop [40]=Oop [56]=Oop [72]=Oop [84]=NarrowOop [104]=Oop [148]=NarrowOop }
                      ;*invokestatic checkIndex {reexecute=0 rethrow=0 return_oop=0}
                      ; - java.util.Objects::checkIndex@3
                      ; - java.util.ArrayList::get@5
                      ; - com.android.tools.r8.internal.Qk0::a@95 (line 15)
                      ; - com.android.tools.r8.internal.Qk0::a@141 (line 40)
  0x000001dd98cf1f64: 9826 18ff 

  0x000001dd98cf1f68: ;   {other}
  0x000001dd98cf1f68: 0f1f 8400 | 584c 0082 | bae4 ffff | ff48 8b6c | 2460 4c8b | 5424 404c | 8954 2428 | 4c8b 5424 
  0x000001dd98cf1f88: 684c 8954 | 2438 448b | 5424 5c44 | 8954 2440 | 4c8b 5424 | 704c 8954 | 2448 448b | 5424 5844 
  0x000001dd98cf1fa8: 8954 2444 | 448b 5424 | 7844 8954 | 2454 4489 

  0x000001dd98cf1fb8: ;   {runtime_call UncommonTrapBlob}
  0x000001dd98cf1fb8: 4c24 68e8 

  0x000001dd98cf1fbc: ; ImmutableOopMap {rbp=Oop [32]=Oop [40]=Oop [56]=Oop [72]=Oop [84]=NarrowOop [104]=NarrowOop [148]=NarrowOop }
                      ;*aaload {reexecute=0 rethrow=0 return_oop=0}
                      ; - java.util.ArrayList::elementData@5
                      ; - java.util.ArrayList::get@11
                      ; - com.android.tools.r8.internal.Qk0::a@95 (line 15)
                      ; - com.android.tools.r8.internal.Qk0::a@141 (line 40)
  0x000001dd98cf1fbc: 4026 18ff 

  0x000001dd98cf1fc0: ;   {other}
  0x000001dd98cf1fc0: 0f1f 8400 | b04c 0083 | baf6 ffff | ff4c 894c 

  0x000001dd98cf1fd0: ;   {runtime_call UncommonTrapBlob}
  0x000001dd98cf1fd0: 2428 90e8 

  0x000001dd98cf1fd4: ; ImmutableOopMap {rbp=NarrowOop [32]=Oop [40]=Oop }
                      ;*invokevirtual b {reexecute=0 rethrow=0 return_oop=0}
                      ; - com.android.tools.r8.internal.Qk0::a@123 (line 17)
                      ; - com.android.tools.r8.internal.Qk0::a@141 (line 40)
  0x000001dd98cf1fd4: 2826 18ff 

  0x000001dd98cf1fd8: ;   {other}
  0x000001dd98cf1fd8: 0f1f 8400 | c84c 0084 | bade ffff | ff48 8b6c | 2460 4c8b | 5424 404c | 8954 2428 | 4c8b 5424 
  0x000001dd98cf1ff8: 684c 8954 | 2438 448b | 5c24 5c44 | 895c 2440 | 4c8b 5424 | 704c 8954 | 2448 448b | 5c24 5844 
  0x000001dd98cf2018: 895c 2444 | 448b 5c24 | 7844 895c | 2454 4489 

  0x000001dd98cf2028: ;   {runtime_call UncommonTrapBlob}
  0x000001dd98cf2028: 4424 68e8 

  0x000001dd98cf202c: ; ImmutableOopMap {rbp=Oop [32]=Oop [40]=Oop [56]=Oop [72]=Oop [84]=NarrowOop [104]=NarrowOop [148]=NarrowOop }
                      ;*invokevirtual get {reexecute=0 rethrow=0 return_oop=0}
                      ; - com.android.tools.r8.internal.Qk0::a@95 (line 15)
                      ; - com.android.tools.r8.internal.Qk0::a@141 (line 40)
  0x000001dd98cf202c: d025 18ff 

  0x000001dd98cf2030: ;   {other}
  0x000001dd98cf2030: 0f1f 8400 | 204d 0085 | bacc ffff | ff48 8b6c | 2460 4c8b | 5c24 404c | 895c 2428 | 4c8b 5c24 
  0x000001dd98cf2050: 684c 895c | 2438 448b | 5c24 5c44 | 895c 2440 | 4c8b 5c24 | 704c 895c | 2448 448b | 5c24 5844 
  0x000001dd98cf2070: 895c 2444 | 448b 5c24 | 7844 895c | 2454 4c89 | 4c24 6844 | 8954 2478 | 448b 9424 | 8800 0000 
  0x000001dd98cf2090: 4489 5424 

  0x000001dd98cf2094: ;   {runtime_call UncommonTrapBlob}
  0x000001dd98cf2094: 7c66 90e8 

  0x000001dd98cf2098: ; ImmutableOopMap {rbp=Oop [32]=Oop [40]=Oop [56]=Oop [72]=Oop [84]=NarrowOop [104]=Oop [148]=NarrowOop }
                      ;*invokestatic checkIndex {reexecute=0 rethrow=0 return_oop=0}
                      ; - java.util.Objects::checkIndex@3
                      ; - java.util.ArrayList::get@5
                      ; - com.android.tools.r8.internal.Qk0::a@95 (line 15)
                      ; - com.android.tools.r8.internal.Qk0::a@141 (line 40)
  0x000001dd98cf2098: 6425 18ff 

  0x000001dd98cf209c: ;   {other}
  0x000001dd98cf209c: 0f1f 8400 | 8c4d 0086 | bade ffff | ff41 8bea 

  0x000001dd98cf20ac: ;   {runtime_call UncommonTrapBlob}
  0x000001dd98cf20ac: 6666 90e8 

  0x000001dd98cf20b0: ; ImmutableOopMap {rbp=NarrowOop }
                      ;*checkcast {reexecute=0 rethrow=0 return_oop=0}
                      ; - com.android.tools.r8.internal.Qk0::a@98 (line 15)
                      ; - com.android.tools.r8.internal.Qk0::a@141 (line 40)
  0x000001dd98cf20b0: 4c25 18ff 

  0x000001dd98cf20b4: ;   {other}
  0x000001dd98cf20b4: 0f1f 8400 | a44d 0087 | bae4 ffff | ff48 8b6c | 2460 4c8b | 5424 404c | 8954 2428 | 4c8b 5424 
  0x000001dd98cf20d4: 684c 8954 | 2438 448b | 5c24 5c44 | 895c 2440 | 4c8b 5424 | 704c 8954 | 2448 448b | 5424 5844 
  0x000001dd98cf20f4: 8954 2444 | 448b 5424 | 7844 8954 | 2454 448b | 5c24 7c44 | 895c 2460 | 4c8b 9424 | 8000 0000 
  0x000001dd98cf2114: 4c89 5424 | 7044 8b94 | 248c 0000 | 0044 8994 | 2480 0000 | 0089 8424 | 8400 0000 

  0x000001dd98cf2130: ;   {runtime_call UncommonTrapBlob}
  0x000001dd98cf2130: 6666 90e8 

  0x000001dd98cf2134: ; ImmutableOopMap {rbp=Oop [32]=Oop [40]=Oop [56]=Oop [72]=Oop [84]=NarrowOop [96]=NarrowOop [112]=Oop [128]=NarrowOop [148]=NarrowOop }
                      ;*aaload {reexecute=0 rethrow=0 return_oop=0}
                      ; - java.util.IdentityHashMap::get@25
                      ; - java.util.Map::getOrDefault@2
                      ; - com.android.tools.r8.internal.Qk0::a@109 (line 16)
                      ; - com.android.tools.r8.internal.Qk0::a@141 (line 40)
  0x000001dd98cf2134: c824 18ff 

  0x000001dd98cf2138: ;   {other}
  0x000001dd98cf2138: 0f1f 8400 | 284e 0088 | bae4 ffff | ff4c 8b54 | 2438 4c89 | 5424 304c | 8b54 2440 | 4c89 5424 
  0x000001dd98cf2158: 384c 8b54 | 2450 4c89 | 5424 4044 | 8944 242c 

  0x000001dd98cf2168: ;   {runtime_call UncommonTrapBlob}
  0x000001dd98cf2168: 6666 90e8 

  0x000001dd98cf216c: ; ImmutableOopMap {[32]=Oop [48]=Oop [56]=Oop [64]=Oop [96]=Oop [104]=Oop [112]=NarrowOop }
                      ;*aaload {reexecute=0 rethrow=0 return_oop=0}
                      ; - java.util.IdentityHashMap::put@28
                      ; - com.android.tools.r8.internal.Qk0::a@224 (line 27)
                      ; - com.android.tools.r8.internal.Qk0::a@272 (line 53)
  0x000001dd98cf216c: 9024 18ff 

  0x000001dd98cf2170: ;   {other}
  0x000001dd98cf2170: 0f1f 8400 | 604e 0089 | bae4 ffff | ff48 8b6c | 2458 4c8b | 5424 384c | 8954 2430 | 4c8b 5424 
  0x000001dd98cf2190: 404c 8954 | 2438 4c8b | 5424 604c | 8954 2440 | 4c8b 5424 | 504c 8954 | 2448 4489 | 4424 2c44 
  0x000001dd98cf21b0: 8b5c 2478 | 4489 5c24 

  0x000001dd98cf21b8: ;   {runtime_call UncommonTrapBlob}
  0x000001dd98cf21b8: 7466 90e8 

  0x000001dd98cf21bc: ; ImmutableOopMap {rbp=Oop [32]=Oop [48]=Oop [56]=Oop [64]=Oop [72]=Oop [116]=NarrowOop [128]=Oop }
                      ;*aaload {reexecute=0 rethrow=0 return_oop=0}
                      ; - java.util.IdentityHashMap::put@28
                      ; - java.util.Collections$SetFromMap::add@8
                      ; - com.android.tools.r8.internal.Vu0::b@5 (line 2)
                      ; - com.android.tools.r8.internal.Qk0::a@215 (line 26)
                      ; - com.android.tools.r8.internal.Qk0::a@272 (line 53)
  0x000001dd98cf21bc: 4024 18ff 

  0x000001dd98cf21c0: ;   {other}
  0x000001dd98cf21c0: 0f1f 8400 | b04e 008a | bae4 ffff | ff4c 8b54 | 2438 4c89 | 5424 204c | 8b54 2440 | 4c89 5424 
  0x000001dd98cf21e0: 284c 8b54 | 2460 4c89 | 5424 384c | 8b54 2450 | 4c89 5424 | 4044 895c 

  0x000001dd98cf21f8: ;   {runtime_call UncommonTrapBlob}
  0x000001dd98cf21f8: 2458 90e8 

  0x000001dd98cf21fc: ; ImmutableOopMap {[32]=Oop [40]=Oop [56]=Oop [64]=Oop [72]=NarrowOop [76]=NarrowOop [104]=Oop }
                      ;*aaload {reexecute=0 rethrow=0 return_oop=0}
                      ; - java.util.IdentityHashMap::get@39
                      ; - java.util.Map::getOrDefault@2
                      ; - com.android.tools.r8.internal.Qk0::a@151 (line 20)
                      ; - com.android.tools.r8.internal.Qk0::a@272 (line 53)
  0x000001dd98cf21fc: 0024 18ff 

  0x000001dd98cf2200: ;   {other}
  0x000001dd98cf2200: 0f1f 8400 | f04e 008b | ba45 ffff | ff4c 8b44 | 2438 4c89 | 4424 204c | 895c 2428 | 4489 5424 
  0x000001dd98cf2220: ;   {runtime_call UncommonTrapBlob}
  0x000001dd98cf2220: 3866 90e8 

  0x000001dd98cf2224: ; ImmutableOopMap {[32]=Oop [40]=Oop [104]=Oop }
                      ;*ifne {reexecute=1 rethrow=0 return_oop=0}
                      ; - (reexecute) com.android.tools.r8.internal.cJ::next@4 (line 1)
                      ; - com.android.tools.r8.internal.Qk0::a@264 (line 52)
  0x000001dd98cf2224: d823 18ff 

  0x000001dd98cf2228: ;   {other}
  0x000001dd98cf2228: 0f1f 8400 | 184f 008c | bae4 ffff | ff4c 8b44 | 2438 4c89 | 4424 284c | 8b44 2440 | 4c89 4424 
  0x000001dd98cf2248: 304c 8b44 | 2470 4c89 | 4424 4044 | 8b4c 2464 | 4489 4c24 | 484c 8b44 | 2478 4c89 | 4424 5044 
  0x000001dd98cf2268: 8b44 2460 | 4489 4424 | 4c44 8b84 | 2480 0000 | 0044 8944 | 245c 4c89 | 5c24 7044 | 8994 2480 
  0x000001dd98cf2288: ;   {runtime_call UncommonTrapBlob}
  0x000001dd98cf2288: 0000 00e8 

  0x000001dd98cf228c: ; ImmutableOopMap {[32]=Oop [40]=Oop [48]=Oop [64]=Oop [80]=Oop [92]=NarrowOop [104]=Oop [112]=Oop }
                      ;*invokestatic checkIndex {reexecute=0 rethrow=0 return_oop=0}
                      ; - java.util.Objects::checkIndex@3
                      ; - java.util.ArrayList::get@5
                      ; - com.android.tools.r8.internal.Qk0::a@95 (line 15)
                      ; - com.android.tools.r8.internal.Qk0::a@272 (line 53)
  0x000001dd98cf228c: 7023 18ff 

  0x000001dd98cf2290: ;   {other}
  0x000001dd98cf2290: 0f1f 8400 | 804f 008d | bae4 ffff | ff4c 8b5c | 2438 4c89 | 5c24 284c | 8b5c 2440 | 4c89 5c24 
  0x000001dd98cf22b0: 304c 8b5c | 2470 4c89 | 5c24 4044 | 8b44 2464 | 4489 4424 | 4844 8b44 | 2460 4489 | 4424 4c44 
  0x000001dd98cf22d0: 8954 2470 

  0x000001dd98cf22d4: ;   {runtime_call UncommonTrapBlob}
  0x000001dd98cf22d4: 6666 90e8 

  0x000001dd98cf22d8: ; ImmutableOopMap {[32]=Oop [40]=Oop [48]=Oop [64]=Oop [104]=Oop [112]=NarrowOop [120]=Oop [128]=NarrowOop }
                      ;*aaload {reexecute=0 rethrow=0 return_oop=0}
                      ; - java.util.ArrayList::elementData@5
                      ; - java.util.ArrayList::get@11
                      ; - com.android.tools.r8.internal.Qk0::a@95 (line 15)
                      ; - com.android.tools.r8.internal.Qk0::a@272 (line 53)
  0x000001dd98cf22d8: 2423 18ff 

  0x000001dd98cf22dc: ;   {other}
  0x000001dd98cf22dc: 0f1f 8400 | cc4f 008e | baf6 ffff | ff4c 894c 

  0x000001dd98cf22ec: ;   {runtime_call UncommonTrapBlob}
  0x000001dd98cf22ec: 2428 90e8 

  0x000001dd98cf22f0: ; ImmutableOopMap {rbp=NarrowOop [32]=Oop [40]=Oop }
                      ;*invokevirtual b {reexecute=0 rethrow=0 return_oop=0}
                      ; - com.android.tools.r8.internal.Qk0::a@123 (line 17)
                      ; - com.android.tools.r8.internal.Qk0::a@272 (line 53)
  0x000001dd98cf22f0: 0c23 18ff 

  0x000001dd98cf22f4: ;   {other}
  0x000001dd98cf22f4: 0f1f 8400 | e44f 008f | bade ffff | ff4c 8b5c | 2438 4c89 | 5c24 284c | 8b5c 2440 | 4c89 5c24 
  0x000001dd98cf2314: 304c 8b5c | 2470 4c89 | 5c24 4044 | 8b5c 2464 | 4489 5c24 | 4844 8b44 | 2460 4489 | 4424 4c44 
  0x000001dd98cf2334: 8954 2470 

  0x000001dd98cf2338: ;   {runtime_call UncommonTrapBlob}
  0x000001dd98cf2338: 6666 90e8 

  0x000001dd98cf233c: ; ImmutableOopMap {[32]=Oop [40]=Oop [48]=Oop [64]=Oop [104]=Oop [112]=NarrowOop [120]=Oop [128]=NarrowOop }
                      ;*invokevirtual get {reexecute=0 rethrow=0 return_oop=0}
                      ; - com.android.tools.r8.internal.Qk0::a@95 (line 15)
                      ; - com.android.tools.r8.internal.Qk0::a@272 (line 53)
  0x000001dd98cf233c: c022 18ff 

  0x000001dd98cf2340: ;   {other}
  0x000001dd98cf2340: 0f1f 8400 | 3050 0090 | bacc ffff | ff4c 8b44 | 2438 4c89 | 4424 284c | 8b44 2440 | 4c89 4424 
  0x000001dd98cf2360: 304c 8b44 | 2470 4c89 | 4424 4044 | 8b44 2464 | 4489 4424 | 484c 8b44 | 2478 4c89 | 4424 5044 
  0x000001dd98cf2380: 8b4c 2460 | 4489 4c24 | 4c44 8b8c | 2480 0000 | 0044 894c | 245c 4c89 | 5c24 7044 | 8994 2480 
  0x000001dd98cf23a0: ;   {runtime_call UncommonTrapBlob}
  0x000001dd98cf23a0: 0000 00e8 

  0x000001dd98cf23a4: ; ImmutableOopMap {[32]=Oop [40]=Oop [48]=Oop [64]=Oop [80]=Oop [92]=NarrowOop [104]=Oop [112]=Oop }
                      ;*invokestatic checkIndex {reexecute=0 rethrow=0 return_oop=0}
                      ; - java.util.Objects::checkIndex@3
                      ; - java.util.ArrayList::get@5
                      ; - com.android.tools.r8.internal.Qk0::a@95 (line 15)
                      ; - com.android.tools.r8.internal.Qk0::a@272 (line 53)
  0x000001dd98cf23a4: 5822 18ff 

  0x000001dd98cf23a8: ;   {other}
  0x000001dd98cf23a8: 0f1f 8400 | 9850 0091 | bade ffff | ff41 8bea 

  0x000001dd98cf23b8: ;   {runtime_call UncommonTrapBlob}
  0x000001dd98cf23b8: 6666 90e8 

  0x000001dd98cf23bc: ; ImmutableOopMap {rbp=NarrowOop }
                      ;*checkcast {reexecute=0 rethrow=0 return_oop=0}
                      ; - com.android.tools.r8.internal.Qk0::a@98 (line 15)
                      ; - com.android.tools.r8.internal.Qk0::a@272 (line 53)
  0x000001dd98cf23bc: 4022 18ff 

  0x000001dd98cf23c0: ;   {other}
  0x000001dd98cf23c0: 0f1f 8400 | b050 0092 | bae4 ffff | ff48 8b6c | 2468 4c8b | 5424 384c | 8954 2428 | 4c8b 5424 
  0x000001dd98cf23e0: 404c 8954 | 2430 4c8b | 5424 704c | 8954 2440 | 448b 5c24 | 6444 895c | 2448 4c8b | 5424 784c 
  0x000001dd98cf2400: 8954 2450 | 448b 5c24 | 6044 895c | 244c 448b | 9c24 8000 | 0000 4489 | 5c24 5c44 | 8b94 2484 
  0x000001dd98cf2420: 0000 0044 | 8954 2468 | 4c8b 9424 | 8800 0000 | 4c89 5424 | 7844 8b9c | 2490 0000 | 0044 899c 
  0x000001dd98cf2440: 2488 0000 | 0089 8424 | 8c00 0000 

  0x000001dd98cf244c: ;   {runtime_call UncommonTrapBlob}
  0x000001dd98cf244c: 6666 90e8 

  0x000001dd98cf2450: ; ImmutableOopMap {rbp=Oop [32]=Oop [40]=Oop [48]=Oop [64]=Oop [80]=Oop [92]=NarrowOop [104]=NarrowOop [120]=Oop [136]=NarrowOop [144]=NarrowOop }
                      ;*aaload {reexecute=0 rethrow=0 return_oop=0}
                      ; - java.util.IdentityHashMap::get@25
                      ; - java.util.Map::getOrDefault@2
                      ; - com.android.tools.r8.internal.Qk0::a@109 (line 16)
                      ; - com.android.tools.r8.internal.Qk0::a@272 (line 53)
  0x000001dd98cf2450: ac21 18ff 

  0x000001dd98cf2454: ;   {other}
  0x000001dd98cf2454: 0f1f 8400 | 4451 0093 | bae4 ffff | ff48 8b6c | 2460 4c8b | 5424 404c | 8954 2428 | 4c8b 5424 
  0x000001dd98cf2474: 684c 8954 | 2438 448b | 5c24 5c44 | 895c 2440 | 4c8b 5424 | 704c 8954 | 2448 448b | 5424 5844 
  0x000001dd98cf2494: 8954 2444 | 448b 5424 | 7844 8954 | 2454 4c8b | 9424 8000 | 0000 4c89 | 5424 6044 | 8b5c 247c 
  0x000001dd98cf24b4: 4489 5c24 | 7489 4424 | 7844 8b9c | 2488 0000 | 0044 895c 

  0x000001dd98cf24c8: ;   {runtime_call UncommonTrapBlob}
  0x000001dd98cf24c8: 247c 90e8 

  0x000001dd98cf24cc: ; ImmutableOopMap {rbp=Oop [32]=Oop [40]=Oop [56]=Oop [72]=Oop [84]=NarrowOop [96]=Oop [116]=NarrowOop [148]=NarrowOop }
                      ;*aaload {reexecute=0 rethrow=0 return_oop=0}
                      ; - java.util.IdentityHashMap::containsKey@25
                      ; - java.util.Map::getOrDefault@14
                      ; - com.android.tools.r8.internal.Qk0::a@109 (line 16)
                      ; - com.android.tools.r8.internal.Qk0::a@141 (line 40)
  0x000001dd98cf24cc: 3021 18ff 

  0x000001dd98cf24d0: ;   {other}
  0x000001dd98cf24d0: 0f1f 8400 | c051 0094 | bae4 ffff | ff48 8b6c | 2460 4c8b | 5424 404c | 8954 2428 | 4c8b 5424 
  0x000001dd98cf24f0: 684c 8954 | 2440 8944 

  0x000001dd98cf24f8: ;   {runtime_call UncommonTrapBlob}
  0x000001dd98cf24f8: 2458 90e8 

  0x000001dd98cf24fc: ; ImmutableOopMap {rbp=Oop [32]=Oop [40]=Oop [64]=Oop [72]=NarrowOop [148]=NarrowOop }
                      ;*aaload {reexecute=0 rethrow=0 return_oop=0}
                      ; - java.util.IdentityHashMap::containsKey@25
                      ; - java.util.Map::getOrDefault@14
                      ; - com.android.tools.r8.internal.Qk0::a@151 (line 20)
                      ; - com.android.tools.r8.internal.Qk0::a@141 (line 40)
  0x000001dd98cf24fc: 0021 18ff 

  0x000001dd98cf2500: ;   {other}
  0x000001dd98cf2500: 0f1f 8400 | f051 0095 | 33ed 453b | ca40 0f9c | c5ba 45ff | ffff 4489 | 4c24 304c | 8944 2438 
  0x000001dd98cf2520: 4889 4424 | 4044 895c 

  0x000001dd98cf2528: ;   {runtime_call UncommonTrapBlob}
  0x000001dd98cf2528: 2448 90e8 

  0x000001dd98cf252c: ; ImmutableOopMap {[32]=Oop [56]=Oop [64]=Oop [72]=NarrowOop [80]=Oop }
                      ;*ifne {reexecute=1 rethrow=0 return_oop=0}
                      ; - (reexecute) java.util.LinkedList$ListItr::next@8
                      ; - com.android.tools.r8.internal.Qk0::a@27 (line 29)
  0x000001dd98cf252c: d020 18ff 

  0x000001dd98cf2530: ;   {other}
  0x000001dd98cf2530: 0f1f 8400 | 2052 0096 | bade ffff 

  0x000001dd98cf253c: ;   {runtime_call UncommonTrapBlob}
  0x000001dd98cf253c: ff8b ebe8 

  0x000001dd98cf2540: ; ImmutableOopMap {rbp=NarrowOop }
                      ;*checkcast {reexecute=0 rethrow=0 return_oop=0}
                      ; - com.android.tools.r8.internal.Qk0::a@32 (line 29)
  0x000001dd98cf2540: bc20 18ff 

  0x000001dd98cf2544: ;   {other}
  0x000001dd98cf2544: 0f1f 8400 | 3452 0097 | bae4 ffff | ff48 8b6c | 2468 4c8b | 5424 384c | 8954 2428 | 4c8b 5424 
  0x000001dd98cf2564: 404c 8954 | 2430 4c8b | 5424 704c | 8954 2440 | 448b 5c24 | 6444 895c | 2448 4c8b | 5424 784c 
  0x000001dd98cf2584: 8954 2450 | 448b 5c24 | 6044 895c | 244c 448b | 9c24 8000 | 0000 4489 | 5c24 5c89 | 4424 7444 
  0x000001dd98cf25a4: 8b9c 2484 | 0000 0044 | 899c 2480 

  0x000001dd98cf25b0: ;   {runtime_call UncommonTrapBlob}
  0x000001dd98cf25b0: 0000 00e8 

  0x000001dd98cf25b4: ; ImmutableOopMap {rbp=Oop [32]=Oop [40]=Oop [48]=Oop [64]=Oop [80]=Oop [92]=NarrowOop [128]=NarrowOop [132]=NarrowOop [136]=Oop }
                      ;*aaload {reexecute=0 rethrow=0 return_oop=0}
                      ; - java.util.IdentityHashMap::containsKey@25
                      ; - java.util.Map::getOrDefault@14
                      ; - com.android.tools.r8.internal.Qk0::a@109 (line 16)
                      ; - com.android.tools.r8.internal.Qk0::a@272 (line 53)
  0x000001dd98cf25b4: 4820 18ff 

  0x000001dd98cf25b8: ;   {other}
  0x000001dd98cf25b8: 0f1f 8400 | a852 0098 | bade ffff | ff4c 8b54 | 2460 4c89 | 5424 284c | 8b54 2440 | 4c89 5424 
  0x000001dd98cf25d8: 304c 8b54 | 2468 4c89 

  0x000001dd98cf25e0: ;   {runtime_call UncommonTrapBlob}
  0x000001dd98cf25e0: 5424 38e8 

  0x000001dd98cf25e4: ; ImmutableOopMap {rbp=NarrowOop [32]=Oop [40]=Oop [48]=Oop [56]=Oop [128]=NarrowOop [148]=NarrowOop }
                      ;*invokeinterface add {reexecute=0 rethrow=0 return_oop=0}
                      ; - com.android.tools.r8.internal.Vu0::b@5 (line 2)
                      ; - com.android.tools.r8.internal.Qk0::a@215 (line 26)
                      ; - com.android.tools.r8.internal.Qk0::a@141 (line 40)
  0x000001dd98cf25e4: 1820 18ff 

  0x000001dd98cf25e8: ;   {other}
  0x000001dd98cf25e8: 0f1f 8400 | d852 0099 | bade ffff | ff41 8beb 

  0x000001dd98cf25f8: ;   {runtime_call UncommonTrapBlob}
  0x000001dd98cf25f8: 6666 90e8 

  0x000001dd98cf25fc: ; ImmutableOopMap {rbp=NarrowOop }
                      ;*checkcast {reexecute=0 rethrow=0 return_oop=0}
                      ; - com.android.tools.r8.internal.Qk0::a@156 (line 20)
                      ; - com.android.tools.r8.internal.Qk0::a@141 (line 40)
  0x000001dd98cf25fc: 0020 18ff 

  0x000001dd98cf2600: ;   {other}
  0x000001dd98cf2600: 0f1f 8400 | f052 009a | bae4 ffff | ff48 8b6c | 2460 4c8b | 5424 404c | 8954 2428 | 4c8b 5424 
  0x000001dd98cf2620: 684c 8954 | 2438 448b | 5c24 5c44 | 895c 2440 | 4c8b 5424 | 704c 8954 | 2448 448b | 5424 5844 
  0x000001dd98cf2640: 8954 2444 | 448b 5424 | 7844 8954 | 2454 448b | 5c24 7c44 | 895c 2460 | 4c8b 9424 | 8000 0000 
  0x000001dd98cf2660: 4c89 5424 | 7044 8b94 | 248c 0000 | 0044 8994 | 2480 0000 | 0089 8424 | 8400 0000 

  0x000001dd98cf267c: ;   {runtime_call UncommonTrapBlob}
  0x000001dd98cf267c: 6666 90e8 

  0x000001dd98cf2680: ; ImmutableOopMap {rbp=Oop [32]=Oop [40]=Oop [56]=Oop [72]=Oop [84]=NarrowOop [96]=NarrowOop [112]=Oop [128]=NarrowOop [148]=NarrowOop }
                      ;*aaload {reexecute=0 rethrow=0 return_oop=0}
                      ; - java.util.IdentityHashMap::get@25
                      ; - java.util.Map::getOrDefault@2
                      ; - com.android.tools.r8.internal.Qk0::a@109 (line 16)
                      ; - com.android.tools.r8.internal.Qk0::a@141 (line 40)
  0x000001dd98cf2680: 7c1f 18ff 

  0x000001dd98cf2684: ;   {other}
  0x000001dd98cf2684: 0f1f 8400 | 7453 009b | bae4 ffff | ff4c 8b54 | 2438 4c89 | 5424 204c | 8b54 2440 | 4c89 5424 
  0x000001dd98cf26a4: 284c 8b54 | 2460 4c89 | 5424 384c | 8b54 2450 | 4c89 5424 | 4044 8b54 | 2458 4489 | 5424 5489 
  0x000001dd98cf26c4: ;   {runtime_call UncommonTrapBlob}
  0x000001dd98cf26c4: 4424 60e8 

  0x000001dd98cf26c8: ; ImmutableOopMap {[32]=Oop [40]=Oop [56]=Oop [64]=Oop [92]=NarrowOop [104]=Oop }
                      ;*aaload {reexecute=0 rethrow=0 return_oop=0}
                      ; - java.util.IdentityHashMap::containsKey@25
                      ; - java.util.Map::getOrDefault@14
                      ; - com.android.tools.r8.internal.Qk0::a@151 (line 20)
                      ; - com.android.tools.r8.internal.Qk0::a@272 (line 53)
  0x000001dd98cf26c8: 341f 18ff 

  0x000001dd98cf26cc: ;   {other}
  0x000001dd98cf26cc: 0f1f 8400 | bc53 009c | bae4 ffff | ff4c 8b5c | 2460 4c89 | 5c24 284c | 8b5c 2440 | 4c89 5c24 
  0x000001dd98cf26ec: 304c 8b5c | 2468 4c89 | 5c24 3848 | 895c 2460 | 4489 5424 

  0x000001dd98cf2700: ;   {runtime_call UncommonTrapBlob}
  0x000001dd98cf2700: 6c66 90e8 

  0x000001dd98cf2704: ; ImmutableOopMap {[32]=Oop [40]=Oop [48]=Oop [56]=Oop [96]=Oop [108]=NarrowOop [148]=NarrowOop }
                      ;*aastore {reexecute=1 rethrow=0 return_oop=0}
                      ; - (reexecute) java.util.ArrayDeque::addLast@23
                      ; - com.android.tools.r8.internal.Vu0::b@18 (line 3)
                      ; - com.android.tools.r8.internal.Qk0::a@215 (line 26)
                      ; - com.android.tools.r8.internal.Qk0::a@141 (line 40)
  0x000001dd98cf2704: f81e 18ff 

  0x000001dd98cf2708: ;   {other}
  0x000001dd98cf2708: 0f1f 8400 | f853 009d | bade ffff | ff4c 8b54 | 2460 4c89 | 5424 284c | 8b54 2440 | 4c89 5424 
  0x000001dd98cf2728: 304c 8b54 | 2468 4c89 

  0x000001dd98cf2730: ;   {runtime_call UncommonTrapBlob}
  0x000001dd98cf2730: 5424 38e8 

  0x000001dd98cf2734: ; ImmutableOopMap {rbp=NarrowOop [32]=Oop [40]=Oop [48]=Oop [56]=Oop [148]=NarrowOop }
                      ;*invokevirtual addLast {reexecute=0 rethrow=0 return_oop=0}
                      ; - com.android.tools.r8.internal.Vu0::b@18 (line 3)
                      ; - com.android.tools.r8.internal.Qk0::a@215 (line 26)
                      ; - com.android.tools.r8.internal.Qk0::a@141 (line 40)
  0x000001dd98cf2734: c81e 18ff 

  0x000001dd98cf2738: ;   {other}
  0x000001dd98cf2738: 0f1f 8400 | 2854 009e | bad6 ffff | ff4c 8b5c | 2460 4c89 | 5c24 284c | 8b5c 2440 | 4c89 5c24 
  0x000001dd98cf2758: 304c 8b5c | 2468 4c89 | 5c24 3848 | 895c 2460 | 4489 5424 

  0x000001dd98cf276c: ;   {runtime_call UncommonTrapBlob}
  0x000001dd98cf276c: 6c66 90e8 

  0x000001dd98cf2770: ; ImmutableOopMap {[32]=Oop [40]=Oop [48]=Oop [56]=Oop [96]=Oop [108]=NarrowOop [148]=NarrowOop }
                      ;*aastore {reexecute=1 rethrow=0 return_oop=0}
                      ; - (reexecute) java.util.ArrayDeque::addLast@23
                      ; - com.android.tools.r8.internal.Vu0::b@18 (line 3)
                      ; - com.android.tools.r8.internal.Qk0::a@215 (line 26)
                      ; - com.android.tools.r8.internal.Qk0::a@141 (line 40)
  0x000001dd98cf2770: 8c1e 18ff 

  0x000001dd98cf2774: ;   {other}
  0x000001dd98cf2774: 0f1f 8400 | 6454 009f | bae4 ffff | ff4c 8b54 | 2440 4c89 | 5424 3889 

  0x000001dd98cf278c: ;   {runtime_call UncommonTrapBlob}
  0x000001dd98cf278c: 5c24 40e8 

  0x000001dd98cf2790: ; ImmutableOopMap {[32]=Oop [40]=Oop [56]=Oop [96]=Oop [112]=NarrowOop [148]=NarrowOop }
                      ;*aastore {reexecute=1 rethrow=0 return_oop=0}
                      ; - (reexecute) java.util.IdentityHashMap::put@128
                      ; - com.android.tools.r8.internal.Qk0::a@224 (line 27)
                      ; - com.android.tools.r8.internal.Qk0::a@141 (line 40)
  0x000001dd98cf2790: 6c1e 18ff 

  0x000001dd98cf2794: ;   {other}
  0x000001dd98cf2794: 0f1f 8400 | 8454 00a0 | bad6 ffff | ff4c 8b54 | 2460 4c89 | 5424 384c | 8b54 2468 | 4c89 5424 
  0x000001dd98cf27b4: ;   {runtime_call UncommonTrapBlob}
  0x000001dd98cf27b4: 5066 90e8 

  0x000001dd98cf27b8: ; ImmutableOopMap {[32]=Oop [40]=Oop [56]=Oop [64]=Oop [80]=Oop [112]=NarrowOop [148]=NarrowOop }
                      ;*aastore {reexecute=1 rethrow=0 return_oop=0}
                      ; - (reexecute) java.util.IdentityHashMap::put@120
                      ; - com.android.tools.r8.internal.Qk0::a@224 (line 27)
                      ; - com.android.tools.r8.internal.Qk0::a@141 (line 40)
  0x000001dd98cf27b8: 441e 18ff 

  0x000001dd98cf27bc: ;   {other}
  0x000001dd98cf27bc: 0f1f 8400 | ac54 00a1 | bae4 ffff | ff4c 8b54 | 2460 4c89 | 5424 304c | 8b54 2440 | 4c89 5424 
  0x000001dd98cf27dc: 384c 8b54 | 2468 4c89 | 5424 4089 

  0x000001dd98cf27e8: ;   {runtime_call UncommonTrapBlob}
  0x000001dd98cf27e8: 7c24 58e8 

  0x000001dd98cf27ec: ; ImmutableOopMap {[32]=Oop [40]=Oop [48]=Oop [56]=Oop [64]=Oop [128]=NarrowOop [148]=NarrowOop [152]=Oop }
                      ;*aastore {reexecute=1 rethrow=0 return_oop=0}
                      ; - (reexecute) java.util.IdentityHashMap::put@128
                      ; - java.util.Collections$SetFromMap::add@8
                      ; - com.android.tools.r8.internal.Vu0::b@5 (line 2)
                      ; - com.android.tools.r8.internal.Qk0::a@215 (line 26)
                      ; - com.android.tools.r8.internal.Qk0::a@141 (line 40)
  0x000001dd98cf27ec: 101e 18ff 

  0x000001dd98cf27f0: ;   {other}
  0x000001dd98cf27f0: 0f1f 8400 | e054 00a2 | bad6 ffff | ff4c 8b54 | 2460 4c89 | 5424 384c | 8b54 2468 | 4c89 5424 
  0x000001dd98cf2810: 4844 8b94 | 2488 0000 | 0044 8954 

  0x000001dd98cf281c: ;   {runtime_call UncommonTrapBlob}
  0x000001dd98cf281c: 2470 90e8 

  0x000001dd98cf2820: ; ImmutableOopMap {[32]=Oop [40]=Oop [56]=Oop [64]=Oop [72]=Oop [128]=NarrowOop [148]=NarrowOop [152]=Oop }
                      ;*aastore {reexecute=1 rethrow=0 return_oop=0}
                      ; - (reexecute) java.util.IdentityHashMap::put@120
                      ; - java.util.Collections$SetFromMap::add@8
                      ; - com.android.tools.r8.internal.Vu0::b@5 (line 2)
                      ; - com.android.tools.r8.internal.Qk0::a@215 (line 26)
                      ; - com.android.tools.r8.internal.Qk0::a@141 (line 40)
  0x000001dd98cf2820: dc1d 18ff 

  0x000001dd98cf2824: ;   {other}
  0x000001dd98cf2824: 0f1f 8400 | 1455 00a3 | bae4 ffff | ff49 8bea | 895c 2420 | 4489 5c24 | 2489 7c24 | 3044 894c 
  0x000001dd98cf2844: ;   {runtime_call UncommonTrapBlob}
  0x000001dd98cf2844: 2434 90e8 

  0x000001dd98cf2848: ; ImmutableOopMap {rbp=Oop [32]=NarrowOop [48]=NarrowOop }
                      ;*laload {reexecute=0 rethrow=0 return_oop=0}
                      ; - java.util.BitSet::set@47
                      ; - com.android.tools.r8.internal.Qk0::a@49 (line 32)
  0x000001dd98cf2848: b41d 18ff 

  0x000001dd98cf284c: ;   {other}
  0x000001dd98cf284c: 0f1f 8400 | 3c55 00a4 | bade ffff | ff4c 8b54 | 2438 4c89 | 5424 284c | 8b54 2440 | 4c89 5424 
  0x000001dd98cf286c: 304c 8b54 | 2460 4c89 | 5424 384c | 8b54 2450 | 4c89 5424 | 4044 8944 

  0x000001dd98cf2884: ;   {runtime_call UncommonTrapBlob}
  0x000001dd98cf2884: 2460 90e8 

  0x000001dd98cf2888: ; ImmutableOopMap {rbp=NarrowOop [40]=Oop [48]=Oop [56]=Oop [64]=Oop [96]=NarrowOop [104]=Oop }
                      ;*invokeinterface add {reexecute=0 rethrow=0 return_oop=0}
                      ; - com.android.tools.r8.internal.Vu0::b@5 (line 2)
                      ; - com.android.tools.r8.internal.Qk0::a@215 (line 26)
                      ; - com.android.tools.r8.internal.Qk0::a@272 (line 53)
  0x000001dd98cf2888: 741d 18ff 

  0x000001dd98cf288c: ;   {other}
  0x000001dd98cf288c: 0f1f 8400 | 7c55 00a5 | bade ffff | ff41 8beb 

  0x000001dd98cf289c: ;   {runtime_call UncommonTrapBlob}
  0x000001dd98cf289c: 6666 90e8 

  0x000001dd98cf28a0: ; ImmutableOopMap {rbp=NarrowOop }
                      ;*checkcast {reexecute=0 rethrow=0 return_oop=0}
                      ; - com.android.tools.r8.internal.Qk0::a@156 (line 20)
                      ; - com.android.tools.r8.internal.Qk0::a@272 (line 53)
  0x000001dd98cf28a0: 5c1d 18ff 

  0x000001dd98cf28a4: ;   {other}
  0x000001dd98cf28a4: 0f1f 8400 | 9455 00a6 | bae4 ffff | ff48 8b6c | 2468 4c8b | 5424 384c | 8954 2428 | 4c8b 5424 
  0x000001dd98cf28c4: 404c 8954 | 2430 4c8b | 5424 704c | 8954 2440 | 448b 5424 | 6444 8954 | 2448 4c8b | 5424 784c 
  0x000001dd98cf28e4: 8954 2450 | 448b 5c24 | 6044 895c | 244c 448b | 9c24 8000 | 0000 4489 | 5c24 5c44 | 8b94 2484 
  0x000001dd98cf2904: 0000 0044 | 8954 2468 | 4c8b 9424 | 8800 0000 | 4c89 5424 | 7844 8b9c | 2490 0000 | 0044 899c 
  0x000001dd98cf2924: 2488 0000 | 0089 8424 | 8c00 0000 

  0x000001dd98cf2930: ;   {runtime_call UncommonTrapBlob}
  0x000001dd98cf2930: 6666 90e8 

  0x000001dd98cf2934: ; ImmutableOopMap {rbp=Oop [32]=Oop [40]=Oop [48]=Oop [64]=Oop [80]=Oop [92]=NarrowOop [104]=NarrowOop [120]=Oop [136]=NarrowOop [144]=NarrowOop }
                      ;*aaload {reexecute=0 rethrow=0 return_oop=0}
                      ; - java.util.IdentityHashMap::get@25
                      ; - java.util.Map::getOrDefault@2
                      ; - com.android.tools.r8.internal.Qk0::a@109 (line 16)
                      ; - com.android.tools.r8.internal.Qk0::a@272 (line 53)
  0x000001dd98cf2934: c81c 18ff 

  0x000001dd98cf2938: ;   {other}
  0x000001dd98cf2938: 0f1f 8400 | 2856 00a7 | bae4 ffff | ff4c 8b54 | 2458 4c89 | 5424 204c | 8b54 2438 | 4c89 5424 
  0x000001dd98cf2958: 284c 8b54 | 2440 4c89 | 5424 304c | 8b54 2460 | 4c89 5424 | 384c 8b54 | 2450 4c89 | 5424 4048 
  0x000001dd98cf2978: 895c 2458 | 4489 5c24 

  0x000001dd98cf2980: ;   {runtime_call UncommonTrapBlob}
  0x000001dd98cf2980: 6466 90e8 

  0x000001dd98cf2984: ; ImmutableOopMap {[32]=Oop [40]=Oop [48]=Oop [56]=Oop [64]=Oop [88]=Oop [100]=NarrowOop }
                      ;*aastore {reexecute=1 rethrow=0 return_oop=0}
                      ; - (reexecute) java.util.ArrayDeque::addLast@23
                      ; - com.android.tools.r8.internal.Vu0::b@18 (line 3)
                      ; - com.android.tools.r8.internal.Qk0::a@215 (line 26)
                      ; - com.android.tools.r8.internal.Qk0::a@272 (line 53)
  0x000001dd98cf2984: 781c 18ff 

  0x000001dd98cf2988: ;   {other}
  0x000001dd98cf2988: 0f1f 8400 | 7856 00a8 | bade ffff | ff4c 8b54 | 2458 4c89 | 5424 204c | 8b54 2438 | 4c89 5424 
  0x000001dd98cf29a8: 284c 8b54 | 2440 4c89 | 5424 304c | 8b54 2460 | 4c89 5424 | 384c 8b54 | 2450 4c89 

  0x000001dd98cf29c4: ;   {runtime_call UncommonTrapBlob}
  0x000001dd98cf29c4: 5424 40e8 

  0x000001dd98cf29c8: ; ImmutableOopMap {rbp=NarrowOop [32]=Oop [40]=Oop [48]=Oop [56]=Oop [64]=Oop }
                      ;*invokevirtual addLast {reexecute=0 rethrow=0 return_oop=0}
                      ; - com.android.tools.r8.internal.Vu0::b@18 (line 3)
                      ; - com.android.tools.r8.internal.Qk0::a@215 (line 26)
                      ; - com.android.tools.r8.internal.Qk0::a@272 (line 53)
  0x000001dd98cf29c8: 341c 18ff 

  0x000001dd98cf29cc: ;   {other}
  0x000001dd98cf29cc: 0f1f 8400 | bc56 00a9 | bad6 ffff | ff4c 8b54 | 2458 4c89 | 5424 204c | 8b54 2438 | 4c89 5424 
  0x000001dd98cf29ec: 284c 8b54 | 2440 4c89 | 5424 304c | 8b54 2460 | 4c89 5424 | 384c 8b54 | 2450 4c89 | 5424 4048 
  0x000001dd98cf2a0c: 895c 2458 | 4489 5c24 

  0x000001dd98cf2a14: ;   {runtime_call UncommonTrapBlob}
  0x000001dd98cf2a14: 6466 90e8 

  0x000001dd98cf2a18: ; ImmutableOopMap {[32]=Oop [40]=Oop [48]=Oop [56]=Oop [64]=Oop [88]=Oop [100]=NarrowOop }
                      ;*aastore {reexecute=1 rethrow=0 return_oop=0}
                      ; - (reexecute) java.util.ArrayDeque::addLast@23
                      ; - com.android.tools.r8.internal.Vu0::b@18 (line 3)
                      ; - com.android.tools.r8.internal.Qk0::a@215 (line 26)
                      ; - com.android.tools.r8.internal.Qk0::a@272 (line 53)
  0x000001dd98cf2a18: e41b 18ff 

  0x000001dd98cf2a1c: ;   {other}
  0x000001dd98cf2a1c: 0f1f 8400 | 0c57 00aa | bae4 ffff | ff4c 8b54 | 2438 4c89 | 5424 304c | 8b54 2440 | 4c89 5424 
  0x000001dd98cf2a3c: 3889 7c24 

  0x000001dd98cf2a40: ;   {runtime_call UncommonTrapBlob}
  0x000001dd98cf2a40: 4066 90e8 

  0x000001dd98cf2a44: ; ImmutableOopMap {[32]=Oop [48]=Oop [56]=Oop [80]=Oop [104]=Oop [112]=NarrowOop }
                      ;*aastore {reexecute=1 rethrow=0 return_oop=0}
                      ; - (reexecute) java.util.IdentityHashMap::put@128
                      ; - com.android.tools.r8.internal.Qk0::a@224 (line 27)
                      ; - com.android.tools.r8.internal.Qk0::a@272 (line 53)
  0x000001dd98cf2a44: b81b 18ff 

  0x000001dd98cf2a48: ;   {other}
  0x000001dd98cf2a48: 0f1f 8400 | 3857 00ab | bad6 ffff | ff4c 8b54 | 2450 4c89 | 5424 484c | 8b54 2460 | 4c89 5424 
  0x000001dd98cf2a68: ;   {runtime_call UncommonTrapBlob}
  0x000001dd98cf2a68: 5866 90e8 

  0x000001dd98cf2a6c: ; ImmutableOopMap {[32]=Oop [56]=Oop [64]=Oop [72]=Oop [88]=Oop [104]=Oop [112]=NarrowOop }
                      ;*aastore {reexecute=1 rethrow=0 return_oop=0}
                      ; - (reexecute) java.util.IdentityHashMap::put@120
                      ; - com.android.tools.r8.internal.Qk0::a@224 (line 27)
                      ; - com.android.tools.r8.internal.Qk0::a@272 (line 53)
  0x000001dd98cf2a6c: 901b 18ff 

  0x000001dd98cf2a70: ;   {other}
  0x000001dd98cf2a70: 0f1f 8400 | 6057 00ac | bae4 ffff | ff4c 8b54 | 2458 4c89 | 5424 284c | 8b54 2438 | 4c89 5424 
  0x000001dd98cf2a90: 304c 8b54 | 2440 4c89 | 5424 384c | 8b54 2460 | 4c89 5424 | 404c 8b54 | 2450 4c89 | 5424 4889 
  0x000001dd98cf2ab0: ;   {runtime_call UncommonTrapBlob}
  0x000001dd98cf2ab0: 7c24 60e8 

  0x000001dd98cf2ab4: ; ImmutableOopMap {[32]=Oop [40]=Oop [48]=Oop [56]=Oop [64]=Oop [72]=Oop [120]=NarrowOop [128]=Oop }
                      ;*aastore {reexecute=1 rethrow=0 return_oop=0}
                      ; - (reexecute) java.util.IdentityHashMap::put@128
                      ; - java.util.Collections$SetFromMap::add@8
                      ; - com.android.tools.r8.internal.Vu0::b@5 (line 2)
                      ; - com.android.tools.r8.internal.Qk0::a@215 (line 26)
                      ; - com.android.tools.r8.internal.Qk0::a@272 (line 53)
  0x000001dd98cf2ab4: 481b 18ff 

  0x000001dd98cf2ab8: ;   {other}
  0x000001dd98cf2ab8: 0f1f 8400 | a857 00ad | bae4 ffff | ff4c 8b54 | 2460 4c89 | 5424 284c | 8b54 2440 | 4c89 5424 
  0x000001dd98cf2ad8: 304c 8b54 | 2468 4c89 | 5424 4044 | 8b54 245c | 4489 5424 | 484c 8b54 | 2470 4c89 | 5424 5044 
  0x000001dd98cf2af8: 8b54 2458 | 4489 5424 | 4c44 8b54 | 2478 4489 | 5424 5c44 | 8b5c 247c | 4489 5c24 | 684c 8b94 
  0x000001dd98cf2b18: 2480 0000 | 004c 8954 

  0x000001dd98cf2b20: ;   {runtime_call UncommonTrapBlob}
  0x000001dd98cf2b20: 2470 90e8 

  0x000001dd98cf2b24: ; ImmutableOopMap {[32]=Oop [40]=Oop [48]=Oop [64]=Oop [80]=Oop [92]=NarrowOop [104]=NarrowOop [112]=Oop [140]=NarrowOop [148]=NarrowOop }
                      ;*aaload {reexecute=0 rethrow=0 return_oop=0}
                      ; - java.util.IdentityHashMap::get@39
                      ; - java.util.Map::getOrDefault@2
                      ; - com.android.tools.r8.internal.Qk0::a@109 (line 16)
                      ; - com.android.tools.r8.internal.Qk0::a@141 (line 40)
  0x000001dd98cf2b24: d81a 18ff 

  0x000001dd98cf2b28: ;   {other}
  0x000001dd98cf2b28: 0f1f 8400 | 1858 00ae | bad6 ffff | ff4c 8b54 | 2460 4c89 

  0x000001dd98cf2b3c: ;   {runtime_call UncommonTrapBlob}
  0x000001dd98cf2b3c: 5424 48e8 

  0x000001dd98cf2b40: ; ImmutableOopMap {[32]=Oop [56]=Oop [64]=Oop [72]=Oop [80]=Oop [88]=Oop [120]=NarrowOop [128]=Oop }
                      ;*aastore {reexecute=1 rethrow=0 return_oop=0}
                      ; - (reexecute) java.util.IdentityHashMap::put@120
                      ; - java.util.Collections$SetFromMap::add@8
                      ; - com.android.tools.r8.internal.Vu0::b@5 (line 2)
                      ; - com.android.tools.r8.internal.Qk0::a@215 (line 26)
                      ; - com.android.tools.r8.internal.Qk0::a@272 (line 53)
  0x000001dd98cf2b40: bc1a 18ff 

  0x000001dd98cf2b44: ;   {other}
  0x000001dd98cf2b44: 0f1f 8400 | 3458 00af | bae4 ffff | ff4c 8b54 | 2438 4c89 | 5424 304c | 8b54 2440 | 4c89 5424 
  0x000001dd98cf2b64: 384c 8b54 | 2468 4c89 | 5424 404c | 8b54 2470 | 4c89 5424 | 4844 8b54 | 2464 4489 | 5424 504c 
  0x000001dd98cf2b84: 8b54 2478 | 4c89 5424 | 5844 8b5c | 2460 4489 

  0x000001dd98cf2b94: ;   {runtime_call UncommonTrapBlob}
  0x000001dd98cf2b94: 5c24 54e8 

  0x000001dd98cf2b98: ; ImmutableOopMap {[32]=Oop [48]=Oop [56]=Oop [64]=Oop [72]=Oop [88]=Oop [128]=NarrowOop [132]=NarrowOop [136]=Oop [144]=NarrowOop }
                      ;*aaload {reexecute=0 rethrow=0 return_oop=0}
                      ; - java.util.IdentityHashMap::get@39
                      ; - java.util.Map::getOrDefault@2
                      ; - com.android.tools.r8.internal.Qk0::a@109 (line 16)
                      ; - com.android.tools.r8.internal.Qk0::a@272 (line 53)
  0x000001dd98cf2b98: 641a 18ff 

  0x000001dd98cf2b9c: ;   {other}
  0x000001dd98cf2b9c: 0f1f 8400 | 8c58 00b0 | bac6 ffff | ff4c 8944 

  0x000001dd98cf2bac: ;   {runtime_call UncommonTrapBlob}
  0x000001dd98cf2bac: 2430 90e8 

  0x000001dd98cf2bb0: ; ImmutableOopMap {[48]=Oop [56]=Oop [64]=Oop [104]=Oop }
                      ;*invokeinterface hasNext {reexecute=0 rethrow=0 return_oop=0}
                      ; - com.android.tools.r8.internal.Qk0::a@254 (line 52)
  0x000001dd98cf2bb0: 4c1a 18ff 

  0x000001dd98cf2bb4: ;   {other}
  0x000001dd98cf2bb4: 0f1f 8400 | a458 00b1 | 448b 5c24 | 3444 895b | 0c44 8863 | 104d 85c0 | 0f85 74e5 | ffff e9a4 
  0x000001dd98cf2bd4: 0000 008b | 5c24 2844 | 8b5b 1445 | 85db 0f84 | 0ee5 ffff | 4d8b 5728 | 498b cb4d | 85d2 0f84 
  0x000001dd98cf2bf4: c206 0000 | 4d8b 5f38 | 4b89 4c13 | f849 83c2 | f84d 8957 | 28e9 e8e4 | ffff 4d8b | 5758 4d8b 
  0x000001dd98cf2c14: 5f48 f083 | 4424 c000 | 8039 0074 | 2f44 8821 | 4d85 db74 | 0f4b 894c | 1af8 4983 | c3f8 4d89 
  0x000001dd98cf2c34: 5f48 eb18 | 498b d749 | ba50 ed68 | 8cf8 7f00 | 0041 ffd2 

  0x000001dd98cf2c48: ;   {other}
  0x000001dd98cf2c48: 0f1f 8400 | 0000 0000 | 448b 5c24 | 3444 895b | 0c44 8863 | 1044 8b5b | 1445 85db | 7415 4d8b 
  0x000001dd98cf2c68: c3e9 d8e4 | ffff 448b | 5424 3444 | 8953 0c44 | 8863 1044 | 8b4c 2430 | baf6 ffff | ff41 8be9 
  0x000001dd98cf2c88: ;   {runtime_call UncommonTrapBlob}
  0x000001dd98cf2c88: 6666 90e8 

  0x000001dd98cf2c8c: ; ImmutableOopMap {}
                      ;*laload {reexecute=0 rethrow=0 return_oop=0}
                      ; - java.util.BitSet::set@47
                      ; - com.android.tools.r8.internal.Qk0::a@49 (line 32)
  0x000001dd98cf2c8c: 7019 18ff 

  0x000001dd98cf2c90: ;   {other}
  0x000001dd98cf2c90: 0f1f 8400 | 8059 00b2 | ba45 ffff | ff48 8b6c | 2420 4489 | 5424 2844 | 894c 2430 | 4c89 4424 
  0x000001dd98cf2cb0: 3848 8944 | 2440 4489 

  0x000001dd98cf2cb8: ;   {runtime_call UncommonTrapBlob}
  0x000001dd98cf2cb8: 5c24 48e8 

  0x000001dd98cf2cbc: ; ImmutableOopMap {rbp=Oop [56]=Oop [64]=Oop [72]=NarrowOop [80]=Oop }
                      ;*if_icmpeq {reexecute=1 rethrow=0 return_oop=0}
                      ; - (reexecute) java.util.LinkedList$ListItr::checkForComodification@11
                      ; - java.util.LinkedList$ListItr::next@1
                      ; - com.android.tools.r8.internal.Qk0::a@27 (line 29)
  0x000001dd98cf2cbc: 4019 18ff 

  0x000001dd98cf2cc0: ;   {other}
  0x000001dd98cf2cc0: 0f1f 8400 | b059 00b3 | bae4 ffff | ff48 8b6c | 2460 4c8b | 5424 404c | 8954 2428 | 4c8b 5424 
  0x000001dd98cf2ce0: 684c 8954 | 2438 448b | 5424 5c44 | 8954 2440 | 4c8b 5424 | 704c 8954 | 2448 448b | 5c24 5844 
  0x000001dd98cf2d00: 895c 2444 | 448b 5c24 | 7844 895c | 2454 4c8b | 9424 8000 | 0000 4c89 | 5424 6044 | 8b54 247c 
  0x000001dd98cf2d20: 4489 5424 | 7489 4424 | 7844 8b9c | 2488 0000 | 0044 895c 

  0x000001dd98cf2d34: ;   {runtime_call UncommonTrapBlob}
  0x000001dd98cf2d34: 247c 90e8 

  0x000001dd98cf2d38: ; ImmutableOopMap {rbp=Oop [32]=Oop [40]=Oop [56]=Oop [72]=Oop [84]=NarrowOop [96]=Oop [116]=NarrowOop [148]=NarrowOop }
                      ;*aaload {reexecute=0 rethrow=0 return_oop=0}
                      ; - java.util.IdentityHashMap::containsKey@25
                      ; - java.util.Map::getOrDefault@14
                      ; - com.android.tools.r8.internal.Qk0::a@109 (line 16)
                      ; - com.android.tools.r8.internal.Qk0::a@141 (line 40)
  0x000001dd98cf2d38: c418 18ff 

  0x000001dd98cf2d3c: ;   {other}
  0x000001dd98cf2d3c: 0f1f 8400 | 2c5a 00b4 | 498b d749 | ba70 ed68 | 8cf8 7f00 | 0041 ffd2 

  0x000001dd98cf2d54: ;   {other}
  0x000001dd98cf2d54: 0f1f 8400 | 0000 0000 | e923 baff | ff49 8bd7 | 49ba 70ed | 688c f87f | 0000 41ff 

  0x000001dd98cf2d70: ;   {other}
  0x000001dd98cf2d70: d20f 1f84 | 0000 0000 | 00e9 5bbb | ffff 498b | d749 ba70 | ed68 8cf8 | 7f00 0041 

  0x000001dd98cf2d8c: ;   {other}
  0x000001dd98cf2d8c: ffd2 0f1f | 8400 0000 | 0000 e989 | bbff ff49 | 8bd7 49ba | 70ed 688c | f87f 0000 

  0x000001dd98cf2da8: ;   {other}
  0x000001dd98cf2da8: 41ff d20f | 1f84 0000 | 0000 00e9 | dab8 ffff | 498b d749 | ba70 ed68 | 8cf8 7f00 | 0041 ffd2 
  0x000001dd98cf2dc8: ;   {other}
  0x000001dd98cf2dc8: 0f1f 8400 | 0000 0000 | e908 b9ff | ffba c6ff | ffff 4c89 

  0x000001dd98cf2ddc: ;   {runtime_call UncommonTrapBlob}
  0x000001dd98cf2ddc: 5c24 28e8 

  0x000001dd98cf2de0: ; ImmutableOopMap {[40]=Oop [104]=Oop }
                      ;*invokeinterface hasNext {reexecute=0 rethrow=0 return_oop=0}
                      ; - com.android.tools.r8.internal.Qk0::a@289 (line 55)
  0x000001dd98cf2de0: 1c18 18ff 

  0x000001dd98cf2de4: ;   {other}
  0x000001dd98cf2de4: 0f1f 8400 | d45a 00b5 | ba45 ffff | ff4c 8954 | 2420 4489 | 4c24 2c4c | 895c 2430 

  0x000001dd98cf2e00: ;   {runtime_call UncommonTrapBlob}
  0x000001dd98cf2e00: 6666 90e8 

  0x000001dd98cf2e04: ; ImmutableOopMap {[32]=Oop [44]=NarrowOop [48]=Oop }
                      ;*if_icmpgt {reexecute=1 rethrow=0 return_oop=0}
                      ; - (reexecute) java.util.LinkedList::isPositionIndex@9
                      ; - java.util.LinkedList::checkPositionIndex@2
                      ; - java.util.LinkedList::listIterator@2
                      ; - java.util.AbstractList::listIterator@2
                      ; - java.util.AbstractSequentialList::iterator@1
                      ; - com.android.tools.r8.internal.Qk0::a@12 (line 29)
  0x000001dd98cf2e04: f817 18ff 

  0x000001dd98cf2e08: ;   {other}
  0x000001dd98cf2e08: 0f1f 8400 | f85a 00b6 | bade ffff 

  0x000001dd98cf2e14: ;   {runtime_call UncommonTrapBlob}
  0x000001dd98cf2e14: ff66 90e8 

  0x000001dd98cf2e18: ; ImmutableOopMap {rbp=NarrowOop }
                      ;*checkcast {reexecute=0 rethrow=0 return_oop=0}
                      ; - com.android.tools.r8.internal.Qk0::a@114 (line 16)
                      ; - com.android.tools.r8.internal.Qk0::a@141 (line 40)
  0x000001dd98cf2e18: e417 18ff 

  0x000001dd98cf2e1c: ;   {other}
  0x000001dd98cf2e1c: 0f1f 8400 | 0c5b 00b7 | ba45 ffff | ff49 8bea | 4489 5c24 

  0x000001dd98cf2e30: ;   {runtime_call UncommonTrapBlob}
  0x000001dd98cf2e30: 2466 90e8 

  0x000001dd98cf2e34: ; ImmutableOopMap {rbp=Oop }
                      ;*ifge {reexecute=1 rethrow=0 return_oop=0}
                      ; - (reexecute) java.util.BitSet::set@1
                      ; - com.android.tools.r8.internal.Qk0::a@49 (line 32)
  0x000001dd98cf2e34: c817 18ff 

  0x000001dd98cf2e38: ;   {other}
  0x000001dd98cf2e38: 0f1f 8400 | 285b 00b8 | bae4 ffff | ff48 8b6c | 2468 4c8b | 5424 384c | 8954 2428 | 4c8b 5424 
  0x000001dd98cf2e58: 404c 8954 | 2430 4c8b | 5424 704c | 8954 2440 | 448b 5c24 | 6444 895c | 2448 4c8b | 5424 784c 
  0x000001dd98cf2e78: 8954 2450 | 448b 5424 | 6044 8954 | 244c 448b | 9424 8000 | 0000 4489 | 5424 5c89 | 4424 7444 
  0x000001dd98cf2e98: 8b94 2484 | 0000 0044 | 8994 2480 

  0x000001dd98cf2ea4: ;   {runtime_call UncommonTrapBlob}
  0x000001dd98cf2ea4: 0000 00e8 

  0x000001dd98cf2ea8: ; ImmutableOopMap {rbp=Oop [32]=Oop [40]=Oop [48]=Oop [64]=Oop [80]=Oop [92]=NarrowOop [128]=NarrowOop [132]=NarrowOop [136]=Oop }
                      ;*aaload {reexecute=0 rethrow=0 return_oop=0}
                      ; - java.util.IdentityHashMap::containsKey@25
                      ; - java.util.Map::getOrDefault@14
                      ; - com.android.tools.r8.internal.Qk0::a@109 (line 16)
                      ; - com.android.tools.r8.internal.Qk0::a@272 (line 53)
  0x000001dd98cf2ea8: 5417 18ff 

  0x000001dd98cf2eac: ;   {other}
  0x000001dd98cf2eac: 0f1f 8400 | 9c5b 00b9 | 498b d749 | ba70 ed68 | 8cf8 7f00 | 0041 ffd2 

  0x000001dd98cf2ec4: ;   {other}
  0x000001dd98cf2ec4: 0f1f 8400 | 0000 0000 | e9e4 cdff | ff49 8bd7 | 49ba 70ed | 688c f87f | 0000 41ff 

  0x000001dd98cf2ee0: ;   {other}
  0x000001dd98cf2ee0: d20f 1f84 | 0000 0000 | 00e9 bfd1 | ffff 498b | d749 ba70 | ed68 8cf8 | 7f00 0041 

  0x000001dd98cf2efc: ;   {other}
  0x000001dd98cf2efc: ffd2 0f1f | 8400 0000 | 0000 e9fa | ceff ff49 | 8bd7 49ba | 70ed 688c | f87f 0000 

  0x000001dd98cf2f18: ;   {other}
  0x000001dd98cf2f18: 41ff d20f | 1f84 0000 | 0000 00e9 | 28cf ffff | 498b d749 | ba70 ed68 | 8cf8 7f00 | 0041 ffd2 
  0x000001dd98cf2f38: ;   {other}
  0x000001dd98cf2f38: 0f1f 8400 | 0000 0000 | e980 ccff | ff49 8bd7 | 49ba 70ed | 688c f87f | 0000 41ff 

  0x000001dd98cf2f54: ;   {other}
  0x000001dd98cf2f54: d20f 1f84 | 0000 0000 | 00e9 aecc | ffff bade 

  0x000001dd98cf2f64: ;   {runtime_call UncommonTrapBlob}
  0x000001dd98cf2f64: ffff ffe8 

  0x000001dd98cf2f68: ; ImmutableOopMap {rbp=NarrowOop }
                      ;*checkcast {reexecute=0 rethrow=0 return_oop=0}
                      ; - com.android.tools.r8.internal.Qk0::a@114 (line 16)
                      ; - com.android.tools.r8.internal.Qk0::a@272 (line 53)
  0x000001dd98cf2f68: 9416 18ff 

  0x000001dd98cf2f6c: ;   {other}
  0x000001dd98cf2f6c: 0f1f 8400 | 5c5c 00ba | 33ed 453b | ca40 0f9c | c5ba 45ff | ffff 4c8b | 5424 384c | 8954 2428 
  0x000001dd98cf2f8c: 4889 5c24 

  0x000001dd98cf2f90: ;   {runtime_call UncommonTrapBlob}
  0x000001dd98cf2f90: 3866 90e8 

  0x000001dd98cf2f94: ; ImmutableOopMap {[40]=Oop [56]=Oop [104]=Oop }
                      ;*ifeq {reexecute=1 rethrow=0 return_oop=0}
                      ; - (reexecute) com.android.tools.r8.internal.F::next@4 (line 1)
                      ; - com.android.tools.r8.internal.Qk0::a@264 (line 52)
  0x000001dd98cf2f94: 6816 18ff 

  0x000001dd98cf2f98: ;   {other}
  0x000001dd98cf2f98: 0f1f 8400 | 885c 00bb | bae4 ffff | ff4c 8b5c | 2438 4c89 | 5c24 2848 | 895c 2438 | 4489 5424 
  0x000001dd98cf2fb8: ;   {runtime_call UncommonTrapBlob}
  0x000001dd98cf2fb8: 4066 90e8 

  0x000001dd98cf2fbc: ; ImmutableOopMap {rbp=NarrowOop [40]=Oop [56]=Oop [104]=Oop }
                      ;*aaload {reexecute=0 rethrow=0 return_oop=0}
                      ; - com.android.tools.r8.internal.dJ::a@5 (line 1)
                      ; - com.android.tools.r8.internal.F::next@21 (line 4)
                      ; - com.android.tools.r8.internal.Qk0::a@264 (line 52)
  0x000001dd98cf2fbc: 4016 18ff 

  0x000001dd98cf2fc0: ;   {other}
  0x000001dd98cf2fc0: 0f1f 8400 | b05c 00bc | bac6 ffff | ff4c 8b54 | 2438 4c89 | 5424 204c | 8944 2438 

  0x000001dd98cf2fdc: ;   {runtime_call UncommonTrapBlob}
  0x000001dd98cf2fdc: 6666 90e8 

  0x000001dd98cf2fe0: ; ImmutableOopMap {[32]=Oop [56]=Oop [104]=Oop }
                      ;*invokeinterface next {reexecute=0 rethrow=0 return_oop=0}
                      ; - com.android.tools.r8.internal.Qk0::a@264 (line 52)
  0x000001dd98cf2fe0: 1c16 18ff 

  0x000001dd98cf2fe4: ;   {other}
  0x000001dd98cf2fe4: 0f1f 8400 | d45c 00bd | bae4 ffff | ff48 8b6c | 2460 4c8b | 5424 404c | 8954 2438 | 895c 2434 
  0x000001dd98cf3004: ;   {runtime_call UncommonTrapBlob}
  0x000001dd98cf3004: 6666 90e8 

  0x000001dd98cf3008: ; ImmutableOopMap {rbp=Oop [32]=Oop [40]=Oop [56]=Oop [148]=NarrowOop }
                      ;*aaload {reexecute=0 rethrow=0 return_oop=0}
                      ; - java.util.IdentityHashMap::put@47
                      ; - com.android.tools.r8.internal.Qk0::a@224 (line 27)
                      ; - com.android.tools.r8.internal.Qk0::a@141 (line 40)
  0x000001dd98cf3008: f415 18ff 

  0x000001dd98cf300c: ;   {other}
  0x000001dd98cf300c: 0f1f 8400 | fc5c 00be | 8b2e bad6 | ffff ff4c | 8b54 2440 | 4c89 5424 | 3889 5c24 

  0x000001dd98cf3028: ;   {runtime_call UncommonTrapBlob}
  0x000001dd98cf3028: 4066 90e8 

  0x000001dd98cf302c: ; ImmutableOopMap {rbp=NarrowOop [32]=Oop [40]=Oop [56]=Oop [96]=Oop [148]=NarrowOop }
                      ;*aastore {reexecute=1 rethrow=0 return_oop=0}
                      ; - (reexecute) java.util.IdentityHashMap::put@57
                      ; - com.android.tools.r8.internal.Qk0::a@224 (line 27)
                      ; - com.android.tools.r8.internal.Qk0::a@141 (line 40)
  0x000001dd98cf302c: d015 18ff 

  0x000001dd98cf3030: ;   {other}
  0x000001dd98cf3030: 0f1f 8400 | 205d 00bf | bae4 ffff | ff48 8b6c | 2460 4c8b | 5424 404c | 8954 2438 | 4d8b d14c 
  0x000001dd98cf3050: 8954 2450 | 897c 2434 

  0x000001dd98cf3058: ;   {runtime_call UncommonTrapBlob}
  0x000001dd98cf3058: 6666 90e8 

  0x000001dd98cf305c: ; ImmutableOopMap {rbp=Oop [32]=Oop [40]=Oop [56]=Oop [80]=Oop [128]=NarrowOop [148]=NarrowOop }
                      ;*aaload {reexecute=0 rethrow=0 return_oop=0}
                      ; - java.util.IdentityHashMap::put@47
                      ; - java.util.Collections$SetFromMap::add@8
                      ; - com.android.tools.r8.internal.Vu0::b@5 (line 2)
                      ; - com.android.tools.r8.internal.Qk0::a@215 (line 26)
                      ; - com.android.tools.r8.internal.Qk0::a@141 (line 40)
  0x000001dd98cf305c: a015 18ff 

  0x000001dd98cf3060: ;   {other}
  0x000001dd98cf3060: 0f1f 8400 | 505d 00c0 | bad6 ffff | ff4c 8b54 | 2460 4c89 | 5424 304c | 8b54 2440 | 4c89 5424 
  0x000001dd98cf3080: 384d 8bd1 | 4c89 5424 | 5089 7c24 

  0x000001dd98cf308c: ;   {runtime_call UncommonTrapBlob}
  0x000001dd98cf308c: 5866 90e8 

  0x000001dd98cf3090: ; ImmutableOopMap {rbp=NarrowOop [32]=Oop [40]=Oop [48]=Oop [56]=Oop [80]=Oop [128]=NarrowOop [148]=NarrowOop }
                      ;*aastore {reexecute=1 rethrow=0 return_oop=0}
                      ; - (reexecute) java.util.IdentityHashMap::put@57
                      ; - java.util.Collections$SetFromMap::add@8
                      ; - com.android.tools.r8.internal.Vu0::b@5 (line 2)
                      ; - com.android.tools.r8.internal.Qk0::a@215 (line 26)
                      ; - com.android.tools.r8.internal.Qk0::a@141 (line 40)
  0x000001dd98cf3090: 6c15 18ff 

  0x000001dd98cf3094: ;   {other}
  0x000001dd98cf3094: 0f1f 8400 | 845d 00c1 | bae4 ffff | ff4c 8b54 | 2438 4c89 | 5424 304c | 8b54 2440 | 4c89 5424 
  0x000001dd98cf30b4: 3889 7c24 

  0x000001dd98cf30b8: ;   {runtime_call UncommonTrapBlob}
  0x000001dd98cf30b8: 2c66 90e8 

  0x000001dd98cf30bc: ; ImmutableOopMap {[32]=Oop [48]=Oop [56]=Oop [80]=Oop [104]=Oop }
                      ;*aaload {reexecute=0 rethrow=0 return_oop=0}
                      ; - java.util.IdentityHashMap::put@47
                      ; - com.android.tools.r8.internal.Qk0::a@224 (line 27)
                      ; - com.android.tools.r8.internal.Qk0::a@272 (line 53)
  0x000001dd98cf30bc: 4015 18ff 

  0x000001dd98cf30c0: ;   {other}
  0x000001dd98cf30c0: 0f1f 8400 | b05d 00c2 | 8b2e bad6 | ffff ff4c | 8b54 2438 | 4c89 5424 | 304c 8b54 | 2440 4c89 
  0x000001dd98cf30e0: 5424 3889 

  0x000001dd98cf30e4: ;   {runtime_call UncommonTrapBlob}
  0x000001dd98cf30e4: 7c24 40e8 

  0x000001dd98cf30e8: ; ImmutableOopMap {rbp=NarrowOop [32]=Oop [48]=Oop [56]=Oop [80]=Oop [104]=Oop }
                      ;*aastore {reexecute=1 rethrow=0 return_oop=0}
                      ; - (reexecute) java.util.IdentityHashMap::put@57
                      ; - com.android.tools.r8.internal.Qk0::a@224 (line 27)
                      ; - com.android.tools.r8.internal.Qk0::a@272 (line 53)
  0x000001dd98cf30e8: 1415 18ff 

  0x000001dd98cf30ec: ;   {other}
  0x000001dd98cf30ec: 0f1f 8400 | dc5d 00c3 | bae4 ffff | ff48 8b6c | 2458 4c8b | 5424 384c | 8954 2430 | 4c8b 5424 
  0x000001dd98cf310c: 404c 8954 | 2438 4c8b | 5424 504c | 8954 2448 | 4c89 4c24 | 5889 7c24 

  0x000001dd98cf3124: ;   {runtime_call UncommonTrapBlob}
  0x000001dd98cf3124: 2c66 90e8 

  0x000001dd98cf3128: ; ImmutableOopMap {rbp=Oop [32]=Oop [48]=Oop [56]=Oop [72]=Oop [88]=Oop [120]=NarrowOop }
                      ;*aaload {reexecute=0 rethrow=0 return_oop=0}
                      ; - java.util.IdentityHashMap::put@47
                      ; - java.util.Collections$SetFromMap::add@8
                      ; - com.android.tools.r8.internal.Vu0::b@5 (line 2)
                      ; - com.android.tools.r8.internal.Qk0::a@215 (line 26)
                      ; - com.android.tools.r8.internal.Qk0::a@272 (line 53)
  0x000001dd98cf3128: d414 18ff 

  0x000001dd98cf312c: ;   {other}
  0x000001dd98cf312c: 0f1f 8400 | 1c5e 00c4 | bad6 ffff | ff4c 8b54 | 2458 4c89 | 5424 284c | 8b54 2438 | 4c89 5424 
  0x000001dd98cf314c: 304c 8b54 | 2440 4c89 | 5424 384c | 8b54 2450 | 4c89 5424 | 484c 894c | 2458 897c 

  0x000001dd98cf3168: ;   {runtime_call UncommonTrapBlob}
  0x000001dd98cf3168: 2460 90e8 

  0x000001dd98cf316c: ; ImmutableOopMap {rbp=NarrowOop [32]=Oop [40]=Oop [48]=Oop [56]=Oop [72]=Oop [88]=Oop [120]=NarrowOop }
                      ;*aastore {reexecute=1 rethrow=0 return_oop=0}
                      ; - (reexecute) java.util.IdentityHashMap::put@57
                      ; - java.util.Collections$SetFromMap::add@8
                      ; - com.android.tools.r8.internal.Vu0::b@5 (line 2)
                      ; - com.android.tools.r8.internal.Qk0::a@215 (line 26)
                      ; - com.android.tools.r8.internal.Qk0::a@272 (line 53)
  0x000001dd98cf316c: 9014 18ff 

  0x000001dd98cf3170: ;   {other}
  0x000001dd98cf3170: 0f1f 8400 | 605e 00c5 | 498b d749 | ba70 ed68 | 8cf8 7f00 | 0041 ffd2 

  0x000001dd98cf3188: ;   {other}
  0x000001dd98cf3188: 0f1f 8400 | 0000 0000 | e9cc d0ff | ff49 8bd7 | 49ba 70ed | 688c f87f | 0000 41ff 

  0x000001dd98cf31a4: ;   {other}
  0x000001dd98cf31a4: d20f 1f84 | 0000 0000 | 00e9 5bd1 | ffff 498b | d749 ba70 | ed68 8cf8 | 7f00 0041 

  0x000001dd98cf31c0: ;   {other}
  0x000001dd98cf31c0: ffd2 0f1f | 8400 0000 | 0000 e9f1 | d1ff ff49 | 8bd7 49ba | 70ed 688c | f87f 0000 

  0x000001dd98cf31dc: ;   {other}
  0x000001dd98cf31dc: 41ff d20f | 1f84 0000 | 0000 00e9 | 80d2 ffff | ba45 ffff | ff4c 8b54 | 2460 4c89 | 5424 3889 
  0x000001dd98cf31fc: ;   {runtime_call UncommonTrapBlob}
  0x000001dd98cf31fc: 4424 60e8 

  0x000001dd98cf3200: ; ImmutableOopMap {[32]=Oop [40]=Oop [56]=Oop [64]=Oop [104]=Oop [112]=NarrowOop [148]=NarrowOop }
                      ;*ifeq {reexecute=1 rethrow=0 return_oop=0}
                      ; - (reexecute) java.util.IdentityHashMap::put@99
                      ; - com.android.tools.r8.internal.Qk0::a@224 (line 27)
                      ; - com.android.tools.r8.internal.Qk0::a@141 (line 40)
  0x000001dd98cf3200: fc13 18ff 

  0x000001dd98cf3204: ;   {other}
  0x000001dd98cf3204: 0f1f 8400 | f45e 00c6 | ba45 ffff | ff4c 8b54 | 2460 4c89 | 5424 384c | 8b54 2458 | 4c89 5424 
  0x000001dd98cf3224: 4844 8b9c | 2480 0000 | 0044 895c | 2474 8984 | 2480 0000 

  0x000001dd98cf3238: ;   {runtime_call UncommonTrapBlob}
  0x000001dd98cf3238: 0066 90e8 

  0x000001dd98cf323c: ; ImmutableOopMap {[32]=Oop [40]=Oop [56]=Oop [64]=Oop [72]=Oop [116]=NarrowOop [148]=NarrowOop [152]=Oop }
                      ;*ifeq {reexecute=1 rethrow=0 return_oop=0}
                      ; - (reexecute) java.util.IdentityHashMap::put@99
                      ; - java.util.Collections$SetFromMap::add@8
                      ; - com.android.tools.r8.internal.Vu0::b@5 (line 2)
                      ; - com.android.tools.r8.internal.Qk0::a@215 (line 26)
                      ; - com.android.tools.r8.internal.Qk0::a@141 (line 40)
  0x000001dd98cf323c: c013 18ff 

  0x000001dd98cf3240: ;   {other}
  0x000001dd98cf3240: 0f1f 8400 | 305f 00c7 | ba45 ffff | ff4c 8b5c | 2450 4c89 | 5c24 4889 

  0x000001dd98cf3258: ;   {runtime_call UncommonTrapBlob}
  0x000001dd98cf3258: 4424 58e8 

  0x000001dd98cf325c: ; ImmutableOopMap {[32]=Oop [56]=Oop [64]=Oop [72]=Oop [96]=Oop [104]=Oop [112]=NarrowOop }
                      ;*ifeq {reexecute=1 rethrow=0 return_oop=0}
                      ; - (reexecute) java.util.IdentityHashMap::put@99
                      ; - com.android.tools.r8.internal.Qk0::a@224 (line 27)
                      ; - com.android.tools.r8.internal.Qk0::a@272 (line 53)
  0x000001dd98cf325c: a013 18ff 

  0x000001dd98cf3260: ;   {other}
  0x000001dd98cf3260: 0f1f 8400 | 505f 00c8 | ba45 ffff | ff44 8b54 | 2478 4489 | 5424 2c89 

  0x000001dd98cf3278: ;   {runtime_call UncommonTrapBlob}
  0x000001dd98cf3278: 4424 78e8 

  0x000001dd98cf327c: ; ImmutableOopMap {[32]=Oop [44]=NarrowOop [56]=Oop [64]=Oop [80]=Oop [88]=Oop [96]=Oop [128]=Oop }
                      ;*ifeq {reexecute=1 rethrow=0 return_oop=0}
                      ; - (reexecute) java.util.IdentityHashMap::put@99
                      ; - java.util.Collections$SetFromMap::add@8
                      ; - com.android.tools.r8.internal.Vu0::b@5 (line 2)
                      ; - com.android.tools.r8.internal.Qk0::a@215 (line 26)
                      ; - com.android.tools.r8.internal.Qk0::a@272 (line 53)
  0x000001dd98cf327c: 8013 18ff 

  0x000001dd98cf3280: ;   {other}
  0x000001dd98cf3280: 0f1f 8400 | 705f 00c9 | 458b d144 | 8b44 2434 | 4589 420c | 4588 6210 | e90a adff | ff49 8bd7 
  0x000001dd98cf32a0: 49ba 70ed | 688c f87f | 0000 41ff 

  0x000001dd98cf32ac: ;   {other}
  0x000001dd98cf32ac: d20f 1f84 | 0000 0000 | 00e9 4cd6 | ffff 498b | d749 ba70 | ed68 8cf8 | 7f00 0041 

  0x000001dd98cf32c8: ;   {other}
  0x000001dd98cf32c8: ffd2 0f1f | 8400 0000 | 0000 e91f | deff ffba | deff ffff | 4c89 5424 

  0x000001dd98cf32e0: ;   {runtime_call UncommonTrapBlob}
  0x000001dd98cf32e0: 2066 90e8 

  0x000001dd98cf32e4: ; ImmutableOopMap {rbp=NarrowOop [32]=Oop }
                      ;*checkcast {reexecute=0 rethrow=0 return_oop=0}
                      ; - com.android.tools.r8.internal.aA::j@7 (line 1)
                      ; - com.android.tools.r8.internal.Qk0::a@4 (line 28)
  0x000001dd98cf32e4: 1813 18ff 

  0x000001dd98cf32e8: ;   {other}
  0x000001dd98cf32e8: 0f1f 8400 | d85f 00ca | bade ffff | ff48 8b6c 

  0x000001dd98cf32f8: ;   {runtime_call UncommonTrapBlob}
  0x000001dd98cf32f8: 2460 90e8 

  0x000001dd98cf32fc: ; ImmutableOopMap {rbp=Oop [32]=NarrowOop }
                      ;*checkcast {reexecute=0 rethrow=0 return_oop=0}
                      ; - com.android.tools.r8.internal.Qk0::a@108 (line 38)
  0x000001dd98cf32fc: 0013 18ff 

  0x000001dd98cf3300: ;   {other}
  0x000001dd98cf3300: 0f1f 8400 | f05f 00cb | bade ffff | ff48 8b6c | 2460 4c8b | 5424 404c | 8954 2428 | 4c8b 5424 
  0x000001dd98cf3320: 684c 8954 | 2438 448b | 5c24 5c44 | 895c 2440 | 448b 5424 | 5844 8954 | 2444 4489 

  0x000001dd98cf333c: ;   {runtime_call UncommonTrapBlob}
  0x000001dd98cf333c: 4c24 54e8 

  0x000001dd98cf3340: ; ImmutableOopMap {rbp=Oop [32]=Oop [40]=Oop [56]=Oop [84]=NarrowOop [112]=Oop [148]=NarrowOop }
                      ;*checkcast {reexecute=0 rethrow=0 return_oop=0}
                      ; - com.android.tools.r8.internal.Qk0::a@46 (line 7)
                      ; - com.android.tools.r8.internal.Qk0::a@141 (line 40)
  0x000001dd98cf3340: bc12 18ff 

  0x000001dd98cf3344: ;   {other}
  0x000001dd98cf3344: 0f1f 8400 | 3460 00cc | bade ffff | ff4c 8b5c | 2438 4c89 | 5c24 284c | 8b5c 2440 | 4c89 5c24 
  0x000001dd98cf3364: 3044 8b5c | 2464 4489 | 5c24 4844 | 8b44 2460 | 4489 4424 | 4c44 8954 

  0x000001dd98cf337c: ;   {runtime_call UncommonTrapBlob}
  0x000001dd98cf337c: 245c 90e8 

  0x000001dd98cf3380: ; ImmutableOopMap {[32]=Oop [40]=Oop [48]=Oop [92]=NarrowOop [104]=Oop [112]=Oop [120]=Oop }
                      ;*checkcast {reexecute=0 rethrow=0 return_oop=0}
                      ; - com.android.tools.r8.internal.Qk0::a@46 (line 7)
                      ; - com.android.tools.r8.internal.Qk0::a@272 (line 53)
  0x000001dd98cf3380: 7c12 18ff 

  0x000001dd98cf3384: ;   {other}
  0x000001dd98cf3384: 0f1f 8400 | 7460 00cd | baf6 ffff 

  0x000001dd98cf3390: ;   {runtime_call UncommonTrapBlob}
  0x000001dd98cf3390: ff66 90e8 

  0x000001dd98cf3394: ; ImmutableOopMap {}
                      ;*invokevirtual o {reexecute=0 rethrow=0 return_oop=0}
                      ; - com.android.tools.r8.internal.Qk0::a@317 (line 57)
  0x000001dd98cf3394: 6812 18ff 

  0x000001dd98cf3398: ;   {other}
  0x000001dd98cf3398: 0f1f 8400 | 8860 00ce | baf6 ffff | ff41 8beb 

  0x000001dd98cf33a8: ;   {runtime_call UncommonTrapBlob}
  0x000001dd98cf33a8: 6666 90e8 

  0x000001dd98cf33ac: ; ImmutableOopMap {}
                      ;*invokevirtual get {reexecute=0 rethrow=0 return_oop=0}
                      ; - com.android.tools.r8.internal.Qk0::a@320 (line 57)
  0x000001dd98cf33ac: 5012 18ff 

  0x000001dd98cf33b0: ;   {other}
  0x000001dd98cf33b0: 0f1f 8400 | a060 00cf | baf6 ffff 

  0x000001dd98cf33bc: ;   {runtime_call UncommonTrapBlob}
  0x000001dd98cf33bc: ff66 90e8 

  0x000001dd98cf33c0: ; ImmutableOopMap {}
                      ;*invokevirtual d {reexecute=0 rethrow=0 return_oop=0}
                      ; - com.android.tools.r8.internal.Qk0::a@224 (line 49)
  0x000001dd98cf33c0: 3c12 18ff 

  0x000001dd98cf33c4: ;   {other}
  0x000001dd98cf33c4: 0f1f 8400 | b460 00d0 | baf6 ffff 

  0x000001dd98cf33d0: ;   {runtime_call UncommonTrapBlob}
  0x000001dd98cf33d0: ff66 90e8 

  0x000001dd98cf33d4: ; ImmutableOopMap {}
                      ;*invokevirtual removeFirst {reexecute=0 rethrow=0 return_oop=0}
                      ; - com.android.tools.r8.internal.Vu0::d@4 (line 2)
                      ; - com.android.tools.r8.internal.Qk0::a@224 (line 49)
  0x000001dd98cf33d4: 2812 18ff 

  0x000001dd98cf33d8: ;   {other}
  0x000001dd98cf33d8: 0f1f 8400 | c860 00d1 | baf6 ffff 

  0x000001dd98cf33e4: ;   {runtime_call UncommonTrapBlob}
  0x000001dd98cf33e4: ff8b ebe8 

  0x000001dd98cf33e8: ; ImmutableOopMap {}
                      ;*aaload {reexecute=0 rethrow=0 return_oop=0}
                      ; - java.util.ArrayDeque::elementAt@2
                      ; - java.util.ArrayDeque::pollFirst@12
                      ; - java.util.ArrayDeque::removeFirst@1
                      ; - com.android.tools.r8.internal.Vu0::d@4 (line 2)
                      ; - com.android.tools.r8.internal.Qk0::a@224 (line 49)
  0x000001dd98cf33e8: 1412 18ff 

  0x000001dd98cf33ec: ;   {other}
  0x000001dd98cf33ec: 0f1f 8400 | dc60 00d2 | ba45 ffff | ff4c 8b54 | 2468 498b | ea89 7424 

  0x000001dd98cf3404: ;   {runtime_call UncommonTrapBlob}
  0x000001dd98cf3404: 2066 90e8 

  0x000001dd98cf3408: ; ImmutableOopMap {rbp=Oop [32]=NarrowOop }
                      ;*ifnonnull {reexecute=1 rethrow=0 return_oop=0}
                      ; - (reexecute) java.util.ArrayDeque::removeFirst@6
                      ; - com.android.tools.r8.internal.Vu0::d@4 (line 2)
                      ; - com.android.tools.r8.internal.Qk0::a@224 (line 49)
  0x000001dd98cf3408: f411 18ff 

  0x000001dd98cf340c: ;   {other}
  0x000001dd98cf340c: 0f1f 8400 | fc60 00d3 | baf6 ffff | ff41 8beb 

  0x000001dd98cf341c: ;   {runtime_call UncommonTrapBlob}
  0x000001dd98cf341c: 6666 90e8 

  0x000001dd98cf3420: ; ImmutableOopMap {rbp=NarrowOop }
                      ;*invokeinterface remove {reexecute=0 rethrow=0 return_oop=0}
                      ; - com.android.tools.r8.internal.Qk0::a@233 (line 50)
  0x000001dd98cf3420: dc11 18ff 

  0x000001dd98cf3424: ;   {other}
  0x000001dd98cf3424: 0f1f 8400 | 1461 00d4 | baf6 ffff 

  0x000001dd98cf3430: ;   {runtime_call UncommonTrapBlob}
  0x000001dd98cf3430: ff66 90e8 

  0x000001dd98cf3434: ; ImmutableOopMap {}
                      ;*invokeinterface iterator {reexecute=0 rethrow=0 return_oop=0}
                      ; - com.android.tools.r8.internal.Qk0::a@247 (line 52)
  0x000001dd98cf3434: c811 18ff 

  0x000001dd98cf3438: ;   {other}
  0x000001dd98cf3438: 0f1f 8400 | 2861 00d5 | baf6 ffff 

  0x000001dd98cf3444: ;   {runtime_call UncommonTrapBlob}
  0x000001dd98cf3444: ff66 90e8 

  0x000001dd98cf3448: ; ImmutableOopMap {}
                      ;*invokeinterface iterator {reexecute=0 rethrow=0 return_oop=0}
                      ; - com.android.tools.r8.internal.Qk0::a@282 (line 55)
  0x000001dd98cf3448: b411 18ff 

  0x000001dd98cf344c: ;   {other}
  0x000001dd98cf344c: 0f1f 8400 | 3c61 00d6 | baf6 ffff 

  0x000001dd98cf3458: ;   {runtime_call UncommonTrapBlob}
  0x000001dd98cf3458: ff66 90e8 

  0x000001dd98cf345c: ; ImmutableOopMap {}
                      ;*invokevirtual b {reexecute=0 rethrow=0 return_oop=0}
                      ; - com.android.tools.r8.internal.Qk0::a@212 (line 47)
  0x000001dd98cf345c: a011 18ff 

  0x000001dd98cf3460: ;   {other}
  0x000001dd98cf3460: 0f1f 8400 | 5061 00d7 | baf6 ffff 

  0x000001dd98cf346c: ;   {runtime_call UncommonTrapBlob}
  0x000001dd98cf346c: ff66 90e8 

  0x000001dd98cf3470: ; ImmutableOopMap {}
                      ;*invokevirtual isEmpty {reexecute=0 rethrow=0 return_oop=0}
                      ; - com.android.tools.r8.internal.Vu0::b@4 (line 4)
                      ; - com.android.tools.r8.internal.Qk0::a@212 (line 47)
  0x000001dd98cf3470: 8c11 18ff 

  0x000001dd98cf3474: ;   {other}
  0x000001dd98cf3474: 0f1f 8400 | 6461 00d8 | baf6 ffff 

  0x000001dd98cf3480: ;   {runtime_call UncommonTrapBlob}
  0x000001dd98cf3480: ff66 90e8 

  0x000001dd98cf3484: ; ImmutableOopMap {}
                      ;*arraylength {reexecute=0 rethrow=0 return_oop=0}
                      ; - com.android.tools.r8.internal.Bc0::iterator@6 (line 2)
                      ; - com.android.tools.r8.internal.SA::iterator@1 (line 1)
                      ; - com.android.tools.r8.internal.Qk0::a@247 (line 52)
  0x000001dd98cf3484: 7811 18ff 

  0x000001dd98cf3488: ;   {other}
  0x000001dd98cf3488: 0f1f 8400 | 7861 00d9 | baf6 ffff 

  0x000001dd98cf3494: ;   {runtime_call UncommonTrapBlob}
  0x000001dd98cf3494: ff66 90e8 

  0x000001dd98cf3498: ; ImmutableOopMap {}
                      ;*aaload {reexecute=0 rethrow=0 return_oop=0}
                      ; - java.util.ArrayList::elementData@5
                      ; - java.util.ArrayList::get@11
                      ; - com.android.tools.r8.internal.Qk0::a@41 (line 7)
                      ; - com.android.tools.r8.internal.Qk0::a@141 (line 40)
  0x000001dd98cf3498: 6411 18ff 

  0x000001dd98cf349c: ;   {other}
  0x000001dd98cf349c: 0f1f 8400 | 8c61 00da | baf4 ffff | ff48 8b6c | 2460 4c8b | 5424 404c | 8954 2428 | 4c8b 5424 
  0x000001dd98cf34bc: 684c 8954 | 2438 448b | 5424 5c44 | 8954 2440 | 448b 5424 | 5844 8954 

  0x000001dd98cf34d4: ;   {runtime_call UncommonTrapBlob}
  0x000001dd98cf34d4: 2444 90e8 

  0x000001dd98cf34d8: ; ImmutableOopMap {rbp=Oop [32]=Oop [40]=Oop [56]=Oop [112]=Oop [148]=NarrowOop }
                      ;*checkcast {reexecute=0 rethrow=0 return_oop=0}
                      ; - com.android.tools.r8.internal.Qk0::a@46 (line 7)
                      ; - com.android.tools.r8.internal.Qk0::a@141 (line 40)
  0x000001dd98cf34d8: 2411 18ff 

  0x000001dd98cf34dc: ;   {other}
  0x000001dd98cf34dc: 0f1f 8400 | cc61 00db | baf6 ffff | ff8b 6c24 

  0x000001dd98cf34ec: ;   {runtime_call UncommonTrapBlob}
  0x000001dd98cf34ec: 5c66 90e8 

  0x000001dd98cf34f0: ; ImmutableOopMap {}
                      ;*aaload {reexecute=0 rethrow=0 return_oop=0}
                      ; - com.android.tools.r8.internal.Qk0::a@58 (line 9)
                      ; - com.android.tools.r8.internal.Qk0::a@141 (line 40)
  0x000001dd98cf34f0: 0c11 18ff 

  0x000001dd98cf34f4: ;   {other}
  0x000001dd98cf34f4: 0f1f 8400 | e461 00dc | baf6 ffff 

  0x000001dd98cf3500: ;   {runtime_call UncommonTrapBlob}
  0x000001dd98cf3500: ff66 90e8 

  0x000001dd98cf3504: ; ImmutableOopMap {}
                      ;*aaload {reexecute=0 rethrow=0 return_oop=0}
                      ; - java.util.ArrayList::elementData@5
                      ; - java.util.ArrayList::get@11
                      ; - com.android.tools.r8.internal.Qk0::a@41 (line 7)
                      ; - com.android.tools.r8.internal.Qk0::a@272 (line 53)
  0x000001dd98cf3504: f810 18ff 

  0x000001dd98cf3508: ;   {other}
  0x000001dd98cf3508: 0f1f 8400 | f861 00dd | baf4 ffff | ff4c 8b54 | 2438 4c89 | 5424 284c | 8b54 2440 | 4c89 5424 
  0x000001dd98cf3528: 3044 8b5c | 2464 4489 | 5c24 4844 | 8b5c 2460 | 4489 5c24 

  0x000001dd98cf353c: ;   {runtime_call UncommonTrapBlob}
  0x000001dd98cf353c: 4c66 90e8 

  0x000001dd98cf3540: ; ImmutableOopMap {[32]=Oop [40]=Oop [48]=Oop [104]=Oop [112]=Oop [120]=Oop }
                      ;*checkcast {reexecute=0 rethrow=0 return_oop=0}
                      ; - com.android.tools.r8.internal.Qk0::a@46 (line 7)
                      ; - com.android.tools.r8.internal.Qk0::a@272 (line 53)
  0x000001dd98cf3540: bc10 18ff 

  0x000001dd98cf3544: ;   {other}
  0x000001dd98cf3544: 0f1f 8400 | 3462 00de | baf6 ffff | ff8b 6c24 

  0x000001dd98cf3554: ;   {runtime_call UncommonTrapBlob}
  0x000001dd98cf3554: 6466 90e8 

  0x000001dd98cf3558: ; ImmutableOopMap {}
                      ;*aaload {reexecute=0 rethrow=0 return_oop=0}
                      ; - com.android.tools.r8.internal.Qk0::a@58 (line 9)
                      ; - com.android.tools.r8.internal.Qk0::a@272 (line 53)
  0x000001dd98cf3558: a410 18ff 

  0x000001dd98cf355c: ;   {other}
  0x000001dd98cf355c: 0f1f 8400 | 4c62 00df | baf6 ffff | ff41 8bea 

  0x000001dd98cf356c: ;   {runtime_call UncommonTrapBlob}
  0x000001dd98cf356c: 6666 90e8 

  0x000001dd98cf3570: ; ImmutableOopMap {}
                      ;*aaload {reexecute=0 rethrow=0 return_oop=0}
                      ; - com.android.tools.r8.internal.dJ::a@5 (line 1)
                      ; - com.android.tools.r8.internal.F::next@21 (line 4)
                      ; - com.android.tools.r8.internal.Qk0::a@299 (line 55)
  0x000001dd98cf3570: 8c10 18ff 

  0x000001dd98cf3574: ;   {other}
  0x000001dd98cf3574: 0f1f 8400 | 6462 00e0 | 4c8b 5c24 | 30ba f4ff | ffff 4c89 

  0x000001dd98cf3588: ;   {runtime_call UncommonTrapBlob}
  0x000001dd98cf3588: 5c24 20e8 

  0x000001dd98cf358c: ; ImmutableOopMap {[32]=Oop [104]=Oop }
                      ;*checkcast {reexecute=0 rethrow=0 return_oop=0}
                      ; - com.android.tools.r8.internal.Qk0::a@304 (line 55)
  0x000001dd98cf358c: 7010 18ff 

  0x000001dd98cf3590: ;   {other}
  0x000001dd98cf3590: 0f1f 8400 | 8062 00e1 | baf6 ffff 

  0x000001dd98cf359c: ;   {runtime_call UncommonTrapBlob}
  0x000001dd98cf359c: ff66 90e8 

  0x000001dd98cf35a0: ; ImmutableOopMap {}
                      ;*invokevirtual d {reexecute=0 rethrow=0 return_oop=0}
                      ; - com.android.tools.r8.internal.Qk0::a@93 (line 36)
  0x000001dd98cf35a0: 5c10 18ff 

  0x000001dd98cf35a4: ;   {other}
  0x000001dd98cf35a4: 0f1f 8400 | 9462 00e2 | baf6 ffff 

  0x000001dd98cf35b0: ;   {runtime_call UncommonTrapBlob}
  0x000001dd98cf35b0: ff66 90e8 

  0x000001dd98cf35b4: ; ImmutableOopMap {}
                      ;*invokevirtual removeFirst {reexecute=0 rethrow=0 return_oop=0}
                      ; - com.android.tools.r8.internal.Vu0::d@4 (line 2)
                      ; - com.android.tools.r8.internal.Qk0::a@93 (line 36)
  0x000001dd98cf35b4: 4810 18ff 

  0x000001dd98cf35b8: ;   {other}
  0x000001dd98cf35b8: 0f1f 8400 | a862 00e3 | baf6 ffff 

  0x000001dd98cf35c4: ;   {runtime_call UncommonTrapBlob}
  0x000001dd98cf35c4: ff8b ebe8 

  0x000001dd98cf35c8: ; ImmutableOopMap {}
                      ;*aaload {reexecute=0 rethrow=0 return_oop=0}
                      ; - java.util.ArrayDeque::elementAt@2
                      ; - java.util.ArrayDeque::pollFirst@12
                      ; - java.util.ArrayDeque::removeFirst@1
                      ; - com.android.tools.r8.internal.Vu0::d@4 (line 2)
                      ; - com.android.tools.r8.internal.Qk0::a@93 (line 36)
  0x000001dd98cf35c8: 3410 18ff 

  0x000001dd98cf35cc: ;   {other}
  0x000001dd98cf35cc: 0f1f 8400 | bc62 00e4 | ba45 ffff | ff48 8b6c | 2460 8974 

  0x000001dd98cf35e0: ;   {runtime_call UncommonTrapBlob}
  0x000001dd98cf35e0: 2420 90e8 

  0x000001dd98cf35e4: ; ImmutableOopMap {rbp=Oop [32]=NarrowOop }
                      ;*ifnonnull {reexecute=1 rethrow=0 return_oop=0}
                      ; - (reexecute) java.util.ArrayDeque::removeFirst@6
                      ; - com.android.tools.r8.internal.Vu0::d@4 (line 2)
                      ; - com.android.tools.r8.internal.Qk0::a@93 (line 36)
  0x000001dd98cf35e4: 1810 18ff 

  0x000001dd98cf35e8: ;   {other}
  0x000001dd98cf35e8: 0f1f 8400 | d862 00e5 | baf6 ffff | ff41 8be8 

  0x000001dd98cf35f8: ;   {runtime_call UncommonTrapBlob}
  0x000001dd98cf35f8: 6666 90e8 

  0x000001dd98cf35fc: ; ImmutableOopMap {rbp=NarrowOop }
                      ;*invokeinterface remove {reexecute=0 rethrow=0 return_oop=0}
                      ; - com.android.tools.r8.internal.Qk0::a@102 (line 37)
  0x000001dd98cf35fc: 0010 18ff 

  0x000001dd98cf3600: ;   {other}
  0x000001dd98cf3600: 0f1f 8400 | f062 00e6 | baf6 ffff 

  0x000001dd98cf360c: ;   {runtime_call UncommonTrapBlob}
  0x000001dd98cf360c: ff66 90e8 

  0x000001dd98cf3610: ; ImmutableOopMap {}
                      ;*invokeinterface iterator {reexecute=0 rethrow=0 return_oop=0}
                      ; - com.android.tools.r8.internal.Qk0::a@116 (line 39)
  0x000001dd98cf3610: ec0f 18ff 

  0x000001dd98cf3614: ;   {other}
  0x000001dd98cf3614: 0f1f 8400 | 0463 00e7 | baf6 ffff 

  0x000001dd98cf3620: ;   {runtime_call UncommonTrapBlob}
  0x000001dd98cf3620: ff66 90e8 

  0x000001dd98cf3624: ; ImmutableOopMap {}
                      ;*getfield next {reexecute=1 rethrow=0 return_oop=0}
                      ; - (reexecute) java.util.LinkedList$ListItr::next@32
                      ; - com.android.tools.r8.internal.Qk0::a@180 (line 43)
  0x000001dd98cf3624: d80f 18ff 

  0x000001dd98cf3628: ;   {other}
  0x000001dd98cf3628: 0f1f 8400 | 1863 00e8 | baf4 ffff | ff48 8b6c | 2430 4c8b | 5424 284c | 8954 2420 | 448b 5424 
  0x000001dd98cf3648: 3844 8954 | 2430 448b | 5c24 3c44 | 895c 2434 | 4489 4424 

  0x000001dd98cf365c: ;   {runtime_call UncommonTrapBlob}
  0x000001dd98cf365c: 4066 90e8 

  0x000001dd98cf3660: ; ImmutableOopMap {rbp=Oop [32]=Oop [64]=NarrowOop [72]=Oop [80]=NarrowOop }
                      ;*checkcast {reexecute=0 rethrow=0 return_oop=0}
                      ; - com.android.tools.r8.internal.Qk0::a@185 (line 43)
  0x000001dd98cf3660: 9c0f 18ff 

  0x000001dd98cf3664: ;   {other}
  0x000001dd98cf3664: 0f1f 8400 | 5463 00e9 | baf6 ffff | ff41 8be9 

  0x000001dd98cf3674: ;   {runtime_call UncommonTrapBlob}
  0x000001dd98cf3674: 6666 90e8 

  0x000001dd98cf3678: ; ImmutableOopMap {}
                      ;*invokevirtual get {reexecute=0 rethrow=0 return_oop=0}
                      ; - com.android.tools.r8.internal.Qk0::a@155 (line 42)
  0x000001dd98cf3678: 840f 18ff 

  0x000001dd98cf367c: ;   {other}
  0x000001dd98cf367c: 0f1f 8400 | 6c63 00ea | baf6 ffff 

  0x000001dd98cf3688: ;   {runtime_call UncommonTrapBlob}
  0x000001dd98cf3688: ff66 90e8 

  0x000001dd98cf368c: ; ImmutableOopMap {}
                      ;*invokevirtual b {reexecute=0 rethrow=0 return_oop=0}
                      ; - com.android.tools.r8.internal.Qk0::a@81 (line 34)
  0x000001dd98cf368c: 700f 18ff 

  0x000001dd98cf3690: ;   {other}
  0x000001dd98cf3690: 0f1f 8400 | 8063 00eb | baf6 ffff 

  0x000001dd98cf369c: ;   {runtime_call UncommonTrapBlob}
  0x000001dd98cf369c: ff66 90e8 

  0x000001dd98cf36a0: ; ImmutableOopMap {}
                      ;*invokevirtual isEmpty {reexecute=0 rethrow=0 return_oop=0}
                      ; - com.android.tools.r8.internal.Vu0::b@4 (line 4)
                      ; - com.android.tools.r8.internal.Qk0::a@81 (line 34)
  0x000001dd98cf36a0: 5c0f 18ff 

  0x000001dd98cf36a4: ;   {other}
  0x000001dd98cf36a4: 0f1f 8400 | 9463 00ec | baf6 ffff | ff41 8be9 

  0x000001dd98cf36b4: ;   {runtime_call UncommonTrapBlob}
  0x000001dd98cf36b4: 6666 90e8 

  0x000001dd98cf36b8: ; ImmutableOopMap {}
                      ;*laload {reexecute=0 rethrow=0 return_oop=0}
                      ; - java.util.BitSet::get@53
                      ; - com.android.tools.r8.internal.Qk0::a@320 (line 57)
  0x000001dd98cf36b8: 440f 18ff 

  0x000001dd98cf36bc: ;   {other}
  0x000001dd98cf36bc: 0f1f 8400 | ac63 00ed | baf6 ffff 

  0x000001dd98cf36c8: ;   {runtime_call UncommonTrapBlob}
  0x000001dd98cf36c8: ff66 90e8 

  0x000001dd98cf36cc: ; ImmutableOopMap {}
                      ;*arraylength {reexecute=0 rethrow=0 return_oop=0}
                      ; - com.android.tools.r8.internal.Bc0::iterator@6 (line 2)
                      ; - com.android.tools.r8.internal.SA::iterator@1 (line 1)
                      ; - com.android.tools.r8.internal.Qk0::a@282 (line 55)
  0x000001dd98cf36cc: 300f 18ff 

  0x000001dd98cf36d0: ;   {other}
  0x000001dd98cf36d0: 0f1f 8400 | c063 00ee | baf6 ffff 

  0x000001dd98cf36dc: ;   {runtime_call UncommonTrapBlob}
  0x000001dd98cf36dc: ff66 90e8 

  0x000001dd98cf36e0: ; ImmutableOopMap {}
                      ;*invokevirtual iterator {reexecute=0 rethrow=0 return_oop=0}
                      ; - com.android.tools.r8.internal.Qk0::a@165 (line 43)
  0x000001dd98cf36e0: 1c0f 18ff 

  0x000001dd98cf36e4: ;   {other}
  0x000001dd98cf36e4: 0f1f 8400 | d463 00ef | baf6 ffff 

  0x000001dd98cf36f0: ;   {runtime_call UncommonTrapBlob}
  0x000001dd98cf36f0: ff8b e9e8 

  0x000001dd98cf36f4: ; ImmutableOopMap {}
                      ;*invokevirtual set {reexecute=0 rethrow=0 return_oop=0}
                      ; - com.android.tools.r8.internal.Qk0::a@202 (line 46)
  0x000001dd98cf36f4: 080f 18ff 

  0x000001dd98cf36f8: ;   {other}
  0x000001dd98cf36f8: 0f1f 8400 | e863 00f0 | baf6 ffff | ff41 8be8 

  0x000001dd98cf3708: ;   {runtime_call UncommonTrapBlob}
  0x000001dd98cf3708: 6666 90e8 

  0x000001dd98cf370c: ; ImmutableOopMap {}
                      ;*laload {reexecute=0 rethrow=0 return_oop=0}
                      ; - java.util.BitSet::get@53
                      ; - com.android.tools.r8.internal.Qk0::a@73 (line 13)
                      ; - com.android.tools.r8.internal.Qk0::a@141 (line 40)
  0x000001dd98cf370c: f00e 18ff 

  0x000001dd98cf3710: ;   {other}
  0x000001dd98cf3710: 0f1f 8400 | 0064 00f1 | baf6 ffff | ff41 8be8 

  0x000001dd98cf3720: ;   {runtime_call UncommonTrapBlob}
  0x000001dd98cf3720: 6666 90e8 

  0x000001dd98cf3724: ; ImmutableOopMap {}
                      ;*laload {reexecute=0 rethrow=0 return_oop=0}
                      ; - java.util.BitSet::get@53
                      ; - com.android.tools.r8.internal.Qk0::a@73 (line 13)
                      ; - com.android.tools.r8.internal.Qk0::a@272 (line 53)
  0x000001dd98cf3724: d80e 18ff 

  0x000001dd98cf3728: ;   {other}
  0x000001dd98cf3728: 0f1f 8400 | 1864 00f2 | baf6 ffff 

  0x000001dd98cf3734: ;   {runtime_call UncommonTrapBlob}
  0x000001dd98cf3734: ff66 90e8 

  0x000001dd98cf3738: ; ImmutableOopMap {}
                      ;*arraylength {reexecute=0 rethrow=0 return_oop=0}
                      ; - java.util.ArrayList$Itr::next@38
                      ; - com.android.tools.r8.internal.Qk0::a@133 (line 39)
  0x000001dd98cf3738: c40e 18ff 

  0x000001dd98cf373c: ;   {other}
  0x000001dd98cf373c: 0f1f 8400 | 2c64 00f3 | baf4 ffff | ff48 8b6c 

  0x000001dd98cf374c: ;   {runtime_call UncommonTrapBlob}
  0x000001dd98cf374c: 2460 90e8 

  0x000001dd98cf3750: ; ImmutableOopMap {rbp=Oop [64]=Oop [148]=NarrowOop }
                      ;*checkcast {reexecute=0 rethrow=0 return_oop=0}
                      ; - com.android.tools.r8.internal.Qk0::a@138 (line 39)
  0x000001dd98cf3750: ac0e 18ff 

  0x000001dd98cf3754: ;   {other}
  0x000001dd98cf3754: 0f1f 8400 | 4464 00f4 | baf6 ffff 

  0x000001dd98cf3760: ;   {runtime_call UncommonTrapBlob}
  0x000001dd98cf3760: ff66 90e8 

  0x000001dd98cf3764: ; ImmutableOopMap {}
                      ;*invokevirtual o {reexecute=0 rethrow=0 return_oop=0}
                      ; - com.android.tools.r8.internal.Qk0::a@5 (line 2)
                      ; - com.android.tools.r8.internal.Qk0::a@141 (line 40)
  0x000001dd98cf3764: 980e 18ff 

  0x000001dd98cf3768: ;   {other}
  0x000001dd98cf3768: 0f1f 8400 | 5864 00f5 | baf6 ffff 

  0x000001dd98cf3774: ;   {runtime_call UncommonTrapBlob}
  0x000001dd98cf3774: ff66 90e8 

  0x000001dd98cf3778: ; ImmutableOopMap {}
                      ;*invokeinterface size {reexecute=0 rethrow=0 return_oop=0}
                      ; - com.android.tools.r8.internal.Qk0::a@19 (line 5)
                      ; - com.android.tools.r8.internal.Qk0::a@141 (line 40)
  0x000001dd98cf3778: 840e 18ff 

  0x000001dd98cf377c: ;   {other}
  0x000001dd98cf377c: 0f1f 8400 | 6c64 00f6 | baf6 ffff | ff48 8b6c 

  0x000001dd98cf378c: ;   {runtime_call UncommonTrapBlob}
  0x000001dd98cf378c: 2468 90e8 

  0x000001dd98cf3790: ; ImmutableOopMap {rbp=Oop }
                      ;*invokeinterface getOrDefault {reexecute=0 rethrow=0 return_oop=0}
                      ; - com.android.tools.r8.internal.Qk0::a@151 (line 20)
                      ; - com.android.tools.r8.internal.Qk0::a@141 (line 40)
  0x000001dd98cf3790: 6c0e 18ff 

  0x000001dd98cf3794: ;   {other}
  0x000001dd98cf3794: 0f1f 8400 | 8464 00f7 | baf6 ffff 

  0x000001dd98cf37a0: ;   {runtime_call UncommonTrapBlob}
  0x000001dd98cf37a0: ff66 90e8 

  0x000001dd98cf37a4: ; ImmutableOopMap {}
                      ;*arraylength {reexecute=0 rethrow=0 return_oop=0}
                      ; - java.util.IdentityHashMap::get@11
                      ; - java.util.Map::getOrDefault@2
                      ; - com.android.tools.r8.internal.Qk0::a@151 (line 20)
                      ; - com.android.tools.r8.internal.Qk0::a@141 (line 40)
  0x000001dd98cf37a4: 580e 18ff 

  0x000001dd98cf37a8: ;   {other}
  0x000001dd98cf37a8: 0f1f 8400 | 9864 00f8 | baf4 ffff | ff4c 8944 

  0x000001dd98cf37b8: ;   {runtime_call UncommonTrapBlob}
  0x000001dd98cf37b8: 2428 90e8 

  0x000001dd98cf37bc: ; ImmutableOopMap {[40]=Oop [56]=Oop [104]=Oop }
                      ;*checkcast {reexecute=0 rethrow=0 return_oop=0}
                      ; - com.android.tools.r8.internal.Qk0::a@269 (line 52)
  0x000001dd98cf37bc: 400e 18ff 

  0x000001dd98cf37c0: ;   {other}
  0x000001dd98cf37c0: 0f1f 8400 | b064 00f9 | baf6 ffff 

  0x000001dd98cf37cc: ;   {runtime_call UncommonTrapBlob}
  0x000001dd98cf37cc: ff66 90e8 

  0x000001dd98cf37d0: ; ImmutableOopMap {}
                      ;*invokevirtual o {reexecute=0 rethrow=0 return_oop=0}
                      ; - com.android.tools.r8.internal.Qk0::a@5 (line 2)
                      ; - com.android.tools.r8.internal.Qk0::a@272 (line 53)
  0x000001dd98cf37d0: 2c0e 18ff 

  0x000001dd98cf37d4: ;   {other}
  0x000001dd98cf37d4: 0f1f 8400 | c464 00fa | baf6 ffff 

  0x000001dd98cf37e0: ;   {runtime_call UncommonTrapBlob}
  0x000001dd98cf37e0: ff66 90e8 

  0x000001dd98cf37e4: ; ImmutableOopMap {}
                      ;*invokeinterface size {reexecute=0 rethrow=0 return_oop=0}
                      ; - com.android.tools.r8.internal.Qk0::a@19 (line 5)
                      ; - com.android.tools.r8.internal.Qk0::a@272 (line 53)
  0x000001dd98cf37e4: 180e 18ff 

  0x000001dd98cf37e8: ;   {other}
  0x000001dd98cf37e8: 0f1f 8400 | d864 00fb | baf6 ffff | ff49 8be9 

  0x000001dd98cf37f8: ;   {runtime_call UncommonTrapBlob}
  0x000001dd98cf37f8: 6666 90e8 

  0x000001dd98cf37fc: ; ImmutableOopMap {rbp=Oop }
                      ;*invokeinterface getOrDefault {reexecute=0 rethrow=0 return_oop=0}
                      ; - com.android.tools.r8.internal.Qk0::a@151 (line 20)
                      ; - com.android.tools.r8.internal.Qk0::a@272 (line 53)
  0x000001dd98cf37fc: 000e 18ff 

  0x000001dd98cf3800: ;   {other}
  0x000001dd98cf3800: 0f1f 8400 | f064 00fc | baf6 ffff 

  0x000001dd98cf380c: ;   {runtime_call UncommonTrapBlob}
  0x000001dd98cf380c: ff66 90e8 

  0x000001dd98cf3810: ; ImmutableOopMap {}
                      ;*arraylength {reexecute=0 rethrow=0 return_oop=0}
                      ; - java.util.IdentityHashMap::get@11
                      ; - java.util.Map::getOrDefault@2
                      ; - com.android.tools.r8.internal.Qk0::a@151 (line 20)
                      ; - com.android.tools.r8.internal.Qk0::a@272 (line 53)
  0x000001dd98cf3810: ec0d 18ff 

  0x000001dd98cf3814: ;   {other}
  0x000001dd98cf3814: 0f1f 8400 | 0465 00fd | baf6 ffff 

  0x000001dd98cf3820: ;   {runtime_call UncommonTrapBlob}
  0x000001dd98cf3820: ff66 90e8 

  0x000001dd98cf3824: ; ImmutableOopMap {}
                      ;*invokevirtual b {reexecute=0 rethrow=0 return_oop=0}
                      ; - com.android.tools.r8.internal.Qk0::a@212 (line 47)
  0x000001dd98cf3824: d80d 18ff 

  0x000001dd98cf3828: ;   {other}
  0x000001dd98cf3828: 0f1f 8400 | 1865 00fe | baf6 ffff 

  0x000001dd98cf3834: ;   {runtime_call UncommonTrapBlob}
  0x000001dd98cf3834: ff66 90e8 

  0x000001dd98cf3838: ; ImmutableOopMap {}
                      ;*invokevirtual isEmpty {reexecute=0 rethrow=0 return_oop=0}
                      ; - com.android.tools.r8.internal.Vu0::b@4 (line 4)
                      ; - com.android.tools.r8.internal.Qk0::a@212 (line 47)
  0x000001dd98cf3838: c40d 18ff 

  0x000001dd98cf383c: ;   {other}
  0x000001dd98cf383c: 0f1f 8400 | 2c65 00ff | baf6 ffff 

  0x000001dd98cf3848: ;   {runtime_call UncommonTrapBlob}
  0x000001dd98cf3848: ff66 90e8 

  0x000001dd98cf384c: ; ImmutableOopMap {}
                      ;*invokevirtual b {reexecute=0 rethrow=0 return_oop=0}
                      ; - com.android.tools.r8.internal.Qk0::a@56 (line 33)
  0x000001dd98cf384c: b00d 18ff 

  0x000001dd98cf3850: ;   {other}
  0x000001dd98cf3850: 0f1f 8400 | 0000 0000 | baf6 ffff 

  0x000001dd98cf385c: ;   {runtime_call UncommonTrapBlob}
  0x000001dd98cf385c: ff66 90e8 

  0x000001dd98cf3860: ; ImmutableOopMap {}
                      ;*invokevirtual isEmpty {reexecute=0 rethrow=0 return_oop=0}
                      ; - com.android.tools.r8.internal.Vu0::b@4 (line 4)
                      ; - com.android.tools.r8.internal.Qk0::a@56 (line 33)
  0x000001dd98cf3860: 9c0d 18ff 

  0x000001dd98cf3864: ;   {other}
  0x000001dd98cf3864: 0f1f 8400 | 0000 0000 | baf6 ffff | ff41 8be8 

  0x000001dd98cf3874: ;   {runtime_call UncommonTrapBlob}
  0x000001dd98cf3874: 6666 90e8 

  0x000001dd98cf3878: ; ImmutableOopMap {}
                      ;*laload {reexecute=0 rethrow=0 return_oop=0}
                      ; - java.util.BitSet::get@53
                      ; - com.android.tools.r8.internal.Qk0::a@155 (line 42)
  0x000001dd98cf3878: 840d 18ff 

  0x000001dd98cf387c: ;   {other}
  0x000001dd98cf387c: 0f1f 8400 | 0000 0000 | baf6 ffff 

  0x000001dd98cf3888: ;   {runtime_call UncommonTrapBlob}
  0x000001dd98cf3888: ff66 90e8 

  0x000001dd98cf388c: ; ImmutableOopMap {}
                      ;*arraylength {reexecute=0 rethrow=0 return_oop=0}
                      ; - java.util.IdentityHashMap::containsKey@11
                      ; - java.util.Map::getOrDefault@14
                      ; - com.android.tools.r8.internal.Qk0::a@151 (line 20)
                      ; - com.android.tools.r8.internal.Qk0::a@141 (line 40)
  0x000001dd98cf388c: 700d 18ff 

  0x000001dd98cf3890: ;   {other}
  0x000001dd98cf3890: 0f1f 8400 | 0000 0000 | baf6 ffff 

  0x000001dd98cf389c: ;   {runtime_call UncommonTrapBlob}
  0x000001dd98cf389c: ff66 90e8 

  0x000001dd98cf38a0: ; ImmutableOopMap {}
                      ;*arraylength {reexecute=0 rethrow=0 return_oop=0}
                      ; - java.util.BitSet::ensureCapacity@4
                      ; - java.util.BitSet::expandTo@14
                      ; - java.util.BitSet::set@38
                      ; - com.android.tools.r8.internal.Qk0::a@202 (line 46)
  0x000001dd98cf38a0: 5c0d 18ff 

  0x000001dd98cf38a4: ;   {other}
  0x000001dd98cf38a4: 0f1f 8400 | 0000 0000 | baf6 ffff 

  0x000001dd98cf38b0: ;   {runtime_call UncommonTrapBlob}
  0x000001dd98cf38b0: ff66 90e8 

  0x000001dd98cf38b4: ; ImmutableOopMap {}
                      ;*arraylength {reexecute=0 rethrow=0 return_oop=0}
                      ; - java.util.IdentityHashMap::containsKey@11
                      ; - java.util.Map::getOrDefault@14
                      ; - com.android.tools.r8.internal.Qk0::a@151 (line 20)
                      ; - com.android.tools.r8.internal.Qk0::a@272 (line 53)
  0x000001dd98cf38b4: 480d 18ff 

  0x000001dd98cf38b8: ;   {other}
  0x000001dd98cf38b8: 0f1f 8400 | 0000 0000 | baf6 ffff 

  0x000001dd98cf38c4: ;   {runtime_call UncommonTrapBlob}
  0x000001dd98cf38c4: ff66 90e8 

  0x000001dd98cf38c8: ; ImmutableOopMap {}
                      ;*getfield e {reexecute=1 rethrow=0 return_oop=0}
                      ; - (reexecute) com.android.tools.r8.internal.Qk0::a@83 (line 14)
                      ; - com.android.tools.r8.internal.Qk0::a@141 (line 40)
  0x000001dd98cf38c8: 340d 18ff 

  0x000001dd98cf38cc: ;   {other}
  0x000001dd98cf38cc: 0f1f 8400 | 0000 0000 | baf6 ffff 

  0x000001dd98cf38d8: ;   {runtime_call UncommonTrapBlob}
  0x000001dd98cf38d8: ff66 90e8 

  0x000001dd98cf38dc: ; ImmutableOopMap {}
                      ;*invokevirtual get {reexecute=0 rethrow=0 return_oop=0}
                      ; - com.android.tools.r8.internal.Qk0::a@95 (line 15)
                      ; - com.android.tools.r8.internal.Qk0::a@141 (line 40)
  0x000001dd98cf38dc: 200d 18ff 

  0x000001dd98cf38e0: ;   {other}
  0x000001dd98cf38e0: 0f1f 8400 | 0000 0000 | baf6 ffff 

  0x000001dd98cf38ec: ;   {runtime_call UncommonTrapBlob}
  0x000001dd98cf38ec: ff66 90e8 

  0x000001dd98cf38f0: ; ImmutableOopMap {}
                      ;*aaload {reexecute=0 rethrow=0 return_oop=0}
                      ; - java.util.ArrayList::elementData@5
                      ; - java.util.ArrayList::get@11
                      ; - com.android.tools.r8.internal.Qk0::a@95 (line 15)
                      ; - com.android.tools.r8.internal.Qk0::a@141 (line 40)
  0x000001dd98cf38f0: 0c0d 18ff 

  0x000001dd98cf38f4: ;   {other}
  0x000001dd98cf38f4: 0f1f 8400 | 0000 0000 | baf4 ffff | ff48 8b6c | 2460 4c8b | 5424 404c | 8954 2428 | 4c8b 5424 
  0x000001dd98cf3914: 684c 8954 | 2438 448b | 5424 5c44 | 8954 2440 | 4c8b 5424 | 704c 8954 | 2448 448b | 5c24 5844 
  0x000001dd98cf3934: 895c 2444 

  0x000001dd98cf3938: ;   {runtime_call UncommonTrapBlob}
  0x000001dd98cf3938: 6666 90e8 

  0x000001dd98cf393c: ; ImmutableOopMap {rbp=Oop [32]=Oop [40]=Oop [56]=Oop [72]=Oop [120]=NarrowOop [148]=NarrowOop }
                      ;*checkcast {reexecute=0 rethrow=0 return_oop=0}
                      ; - com.android.tools.r8.internal.Qk0::a@98 (line 15)
                      ; - com.android.tools.r8.internal.Qk0::a@141 (line 40)
  0x000001dd98cf393c: c00c 18ff 

  0x000001dd98cf3940: ;   {other}
  0x000001dd98cf3940: 0f1f 8400 | 0000 0000 | baf6 ffff | ff48 8bac | 2480 0000 

  0x000001dd98cf3954: ;   {runtime_call UncommonTrapBlob}
  0x000001dd98cf3954: 0066 90e8 

  0x000001dd98cf3958: ; ImmutableOopMap {rbp=Oop }
                      ;*invokeinterface getOrDefault {reexecute=0 rethrow=0 return_oop=0}
                      ; - com.android.tools.r8.internal.Qk0::a@109 (line 16)
                      ; - com.android.tools.r8.internal.Qk0::a@141 (line 40)
  0x000001dd98cf3958: a40c 18ff 

  0x000001dd98cf395c: ;   {other}
  0x000001dd98cf395c: 0f1f 8400 | 0000 0000 | baf6 ffff 

  0x000001dd98cf3968: ;   {runtime_call UncommonTrapBlob}
  0x000001dd98cf3968: ff66 90e8 

  0x000001dd98cf396c: ; ImmutableOopMap {}
                      ;*arraylength {reexecute=0 rethrow=0 return_oop=0}
                      ; - java.util.IdentityHashMap::get@11
                      ; - java.util.Map::getOrDefault@2
                      ; - com.android.tools.r8.internal.Qk0::a@109 (line 16)
                      ; - com.android.tools.r8.internal.Qk0::a@141 (line 40)
  0x000001dd98cf396c: 900c 18ff 

  0x000001dd98cf3970: ;   {other}
  0x000001dd98cf3970: 0f1f 8400 | 0000 0000 | baf6 ffff 

  0x000001dd98cf397c: ;   {runtime_call UncommonTrapBlob}
  0x000001dd98cf397c: ff66 90e8 

  0x000001dd98cf3980: ; ImmutableOopMap {}
                      ;*getfield e {reexecute=1 rethrow=0 return_oop=0}
                      ; - (reexecute) com.android.tools.r8.internal.Qk0::a@83 (line 14)
                      ; - com.android.tools.r8.internal.Qk0::a@272 (line 53)
  0x000001dd98cf3980: 7c0c 18ff 

  0x000001dd98cf3984: ;   {other}
  0x000001dd98cf3984: 0f1f 8400 | 0000 0000 | baf6 ffff 

  0x000001dd98cf3990: ;   {runtime_call UncommonTrapBlob}
  0x000001dd98cf3990: ff66 90e8 

  0x000001dd98cf3994: ; ImmutableOopMap {}
                      ;*invokevirtual get {reexecute=0 rethrow=0 return_oop=0}
                      ; - com.android.tools.r8.internal.Qk0::a@95 (line 15)
                      ; - com.android.tools.r8.internal.Qk0::a@272 (line 53)
  0x000001dd98cf3994: 680c 18ff 

  0x000001dd98cf3998: ;   {other}
  0x000001dd98cf3998: 0f1f 8400 | 0000 0000 | baf6 ffff 

  0x000001dd98cf39a4: ;   {runtime_call UncommonTrapBlob}
  0x000001dd98cf39a4: ff66 90e8 

  0x000001dd98cf39a8: ; ImmutableOopMap {}
                      ;*aaload {reexecute=0 rethrow=0 return_oop=0}
                      ; - java.util.ArrayList::elementData@5
                      ; - java.util.ArrayList::get@11
                      ; - com.android.tools.r8.internal.Qk0::a@95 (line 15)
                      ; - com.android.tools.r8.internal.Qk0::a@272 (line 53)
  0x000001dd98cf39a8: 540c 18ff 

  0x000001dd98cf39ac: ;   {other}
  0x000001dd98cf39ac: 0f1f 8400 | 0000 0000 | baf4 ffff | ff4c 8b54 | 2438 4c89 | 5424 284c | 8b54 2440 | 4c89 5424 
  0x000001dd98cf39cc: 304c 8b54 | 2470 4c89 | 5424 4044 | 8b54 2464 | 4489 5424 | 4844 8b5c | 2460 4489 

  0x000001dd98cf39e8: ;   {runtime_call UncommonTrapBlob}
  0x000001dd98cf39e8: 5c24 4ce8 

  0x000001dd98cf39ec: ; ImmutableOopMap {[32]=Oop [40]=Oop [48]=Oop [64]=Oop [104]=Oop [120]=Oop [128]=NarrowOop }
                      ;*checkcast {reexecute=0 rethrow=0 return_oop=0}
                      ; - com.android.tools.r8.internal.Qk0::a@98 (line 15)
                      ; - com.android.tools.r8.internal.Qk0::a@272 (line 53)
  0x000001dd98cf39ec: 100c 18ff 

  0x000001dd98cf39f0: ;   {other}
  0x000001dd98cf39f0: 0f1f 8400 | 0000 0000 | baf6 ffff | ff48 8bac | 2488 0000 

  0x000001dd98cf3a04: ;   {runtime_call UncommonTrapBlob}
  0x000001dd98cf3a04: 0066 90e8 

  0x000001dd98cf3a08: ; ImmutableOopMap {rbp=Oop }
                      ;*invokeinterface getOrDefault {reexecute=0 rethrow=0 return_oop=0}
                      ; - com.android.tools.r8.internal.Qk0::a@109 (line 16)
                      ; - com.android.tools.r8.internal.Qk0::a@272 (line 53)
  0x000001dd98cf3a08: f40b 18ff 

  0x000001dd98cf3a0c: ;   {other}
  0x000001dd98cf3a0c: 0f1f 8400 | 0000 0000 | baf6 ffff 

  0x000001dd98cf3a18: ;   {runtime_call UncommonTrapBlob}
  0x000001dd98cf3a18: ff66 90e8 

  0x000001dd98cf3a1c: ; ImmutableOopMap {}
                      ;*arraylength {reexecute=0 rethrow=0 return_oop=0}
                      ; - java.util.IdentityHashMap::get@11
                      ; - java.util.Map::getOrDefault@2
                      ; - com.android.tools.r8.internal.Qk0::a@109 (line 16)
                      ; - com.android.tools.r8.internal.Qk0::a@272 (line 53)
  0x000001dd98cf3a1c: e00b 18ff 

  0x000001dd98cf3a20: ;   {other}
  0x000001dd98cf3a20: 0f1f 8400 | 0000 0000 | baf6 ffff 

  0x000001dd98cf3a2c: ;   {runtime_call UncommonTrapBlob}
  0x000001dd98cf3a2c: ff66 90e8 

  0x000001dd98cf3a30: ; ImmutableOopMap {}
                      ;*arraylength {reexecute=0 rethrow=0 return_oop=0}
                      ; - java.util.IdentityHashMap::containsKey@11
                      ; - java.util.Map::getOrDefault@14
                      ; - com.android.tools.r8.internal.Qk0::a@109 (line 16)
                      ; - com.android.tools.r8.internal.Qk0::a@141 (line 40)
  0x000001dd98cf3a30: cc0b 18ff 

  0x000001dd98cf3a34: ;   {other}
  0x000001dd98cf3a34: 0f1f 8400 | 0000 0000 | baf6 ffff 

  0x000001dd98cf3a40: ;   {runtime_call UncommonTrapBlob}
  0x000001dd98cf3a40: ff66 90e8 

  0x000001dd98cf3a44: ; ImmutableOopMap {}
                      ;*getfield next {reexecute=1 rethrow=0 return_oop=0}
                      ; - (reexecute) java.util.LinkedList$ListItr::next@32
                      ; - com.android.tools.r8.internal.Qk0::a@27 (line 29)
  0x000001dd98cf3a44: b80b 18ff 

  0x000001dd98cf3a48: ;   {other}
  0x000001dd98cf3a48: 0f1f 8400 | 0000 0000 | baf4 ffff | ff48 8b6c | 2420 4489 | 4c24 2844 | 8b54 2434 | 4489 5424 
  0x000001dd98cf3a68: 2c48 8944 | 2430 4489 | 5c24 3889 

  0x000001dd98cf3a74: ;   {runtime_call UncommonTrapBlob}
  0x000001dd98cf3a74: 4c24 3ce8 

  0x000001dd98cf3a78: ; ImmutableOopMap {rbp=Oop [48]=Oop [56]=NarrowOop [60]=NarrowOop [80]=Oop }
                      ;*checkcast {reexecute=0 rethrow=0 return_oop=0}
                      ; - com.android.tools.r8.internal.Qk0::a@32 (line 29)
  0x000001dd98cf3a78: 840b 18ff 

  0x000001dd98cf3a7c: ;   {other}
  0x000001dd98cf3a7c: 0f1f 8400 | 0000 0000 | baf6 ffff 

  0x000001dd98cf3a88: ;   {runtime_call UncommonTrapBlob}
  0x000001dd98cf3a88: ff66 90e8 

  0x000001dd98cf3a8c: ; ImmutableOopMap {}
                      ;*arraylength {reexecute=0 rethrow=0 return_oop=0}
                      ; - java.util.IdentityHashMap::containsKey@11
                      ; - java.util.Map::getOrDefault@14
                      ; - com.android.tools.r8.internal.Qk0::a@109 (line 16)
                      ; - com.android.tools.r8.internal.Qk0::a@272 (line 53)
  0x000001dd98cf3a8c: 700b 18ff 

  0x000001dd98cf3a90: ;   {other}
  0x000001dd98cf3a90: 0f1f 8400 | 0000 0000 | baf6 ffff | ff48 8b6c 

  0x000001dd98cf3aa0: ;   {runtime_call UncommonTrapBlob}
  0x000001dd98cf3aa0: 2468 90e8 

  0x000001dd98cf3aa4: ; ImmutableOopMap {rbp=Oop }
                      ;*invokevirtual b {reexecute=0 rethrow=0 return_oop=0}
                      ; - com.android.tools.r8.internal.Qk0::a@215 (line 26)
                      ; - com.android.tools.r8.internal.Qk0::a@141 (line 40)
  0x000001dd98cf3aa4: 580b 18ff 

  0x000001dd98cf3aa8: ;   {other}
  0x000001dd98cf3aa8: 0f1f 8400 | 0000 0000 | baf6 ffff | ff48 8b6c 

  0x000001dd98cf3ab8: ;   {runtime_call UncommonTrapBlob}
  0x000001dd98cf3ab8: 2468 90e8 

  0x000001dd98cf3abc: ; ImmutableOopMap {rbp=Oop }
                      ;*invokeinterface add {reexecute=0 rethrow=0 return_oop=0}
                      ; - com.android.tools.r8.internal.Vu0::b@5 (line 2)
                      ; - com.android.tools.r8.internal.Qk0::a@215 (line 26)
                      ; - com.android.tools.r8.internal.Qk0::a@141 (line 40)
  0x000001dd98cf3abc: 400b 18ff 

  0x000001dd98cf3ac0: ;   {other}
  0x000001dd98cf3ac0: 0f1f 8400 | 0000 0000 | baf6 ffff | ff48 8b6c 

  0x000001dd98cf3ad0: ;   {runtime_call UncommonTrapBlob}
  0x000001dd98cf3ad0: 2468 90e8 

  0x000001dd98cf3ad4: ; ImmutableOopMap {rbp=Oop }
                      ;*invokeinterface put {reexecute=0 rethrow=0 return_oop=0}
                      ; - java.util.Collections$SetFromMap::add@8
                      ; - com.android.tools.r8.internal.Vu0::b@5 (line 2)
                      ; - com.android.tools.r8.internal.Qk0::a@215 (line 26)
                      ; - com.android.tools.r8.internal.Qk0::a@141 (line 40)
  0x000001dd98cf3ad4: 280b 18ff 

  0x000001dd98cf3ad8: ;   {other}
  0x000001dd98cf3ad8: 0f1f 8400 | 0000 0000 | baf6 ffff | ff48 8b6c 

  0x000001dd98cf3ae8: ;   {runtime_call UncommonTrapBlob}
  0x000001dd98cf3ae8: 2468 90e8 

  0x000001dd98cf3aec: ; ImmutableOopMap {rbp=Oop [32]=Oop }
                      ;*invokevirtual put {reexecute=0 rethrow=0 return_oop=0}
                      ; - com.android.tools.r8.internal.Qk0::a@224 (line 27)
                      ; - com.android.tools.r8.internal.Qk0::a@141 (line 40)
  0x000001dd98cf3aec: 100b 18ff 

  0x000001dd98cf3af0: ;   {other}
  0x000001dd98cf3af0: 0f1f 8400 | 0000 0000 | baf6 ffff 

  0x000001dd98cf3afc: ;   {runtime_call UncommonTrapBlob}
  0x000001dd98cf3afc: ff66 90e8 

  0x000001dd98cf3b00: ; ImmutableOopMap {}
                      ;*arraylength {reexecute=0 rethrow=0 return_oop=0}
                      ; - java.util.IdentityHashMap::put@13
                      ; - com.android.tools.r8.internal.Qk0::a@224 (line 27)
                      ; - com.android.tools.r8.internal.Qk0::a@141 (line 40)
  0x000001dd98cf3b00: fc0a 18ff 

  0x000001dd98cf3b04: ;   {other}
  0x000001dd98cf3b04: 0f1f 8400 | 0000 0000 | baf6 ffff 

  0x000001dd98cf3b10: ;   {runtime_call UncommonTrapBlob}
  0x000001dd98cf3b10: ff66 90e8 

  0x000001dd98cf3b14: ; ImmutableOopMap {}
                      ;*arraylength {reexecute=0 rethrow=0 return_oop=0}
                      ; - java.util.IdentityHashMap::put@13
                      ; - java.util.Collections$SetFromMap::add@8
                      ; - com.android.tools.r8.internal.Vu0::b@5 (line 2)
                      ; - com.android.tools.r8.internal.Qk0::a@215 (line 26)
                      ; - com.android.tools.r8.internal.Qk0::a@141 (line 40)
  0x000001dd98cf3b14: e80a 18ff 

  0x000001dd98cf3b18: ;   {other}
  0x000001dd98cf3b18: 0f1f 8400 | 0000 0000 | baf6 ffff | ff48 8b6c 

  0x000001dd98cf3b28: ;   {runtime_call UncommonTrapBlob}
  0x000001dd98cf3b28: 2468 90e8 

  0x000001dd98cf3b2c: ; ImmutableOopMap {rbp=Oop }
                      ;*invokevirtual addLast {reexecute=0 rethrow=0 return_oop=0}
                      ; - com.android.tools.r8.internal.Vu0::b@18 (line 3)
                      ; - com.android.tools.r8.internal.Qk0::a@215 (line 26)
                      ; - com.android.tools.r8.internal.Qk0::a@141 (line 40)
  0x000001dd98cf3b2c: d00a 18ff 

  0x000001dd98cf3b30: ;   {other}
  0x000001dd98cf3b30: 0f1f 8400 | 0000 0000 | baf6 ffff 

  0x000001dd98cf3b3c: ;   {runtime_call UncommonTrapBlob}
  0x000001dd98cf3b3c: ff66 90e8 

  0x000001dd98cf3b40: ; ImmutableOopMap {[104]=Oop }
                      ;*aastore {reexecute=1 rethrow=0 return_oop=0}
                      ; - (reexecute) java.util.ArrayDeque::addLast@23
                      ; - com.android.tools.r8.internal.Vu0::b@18 (line 3)
                      ; - com.android.tools.r8.internal.Qk0::a@215 (line 26)
                      ; - com.android.tools.r8.internal.Qk0::a@141 (line 40)
  0x000001dd98cf3b40: bc0a 18ff 

  0x000001dd98cf3b44: ;   {other}
  0x000001dd98cf3b44: 0f1f 8400 | 0000 0000 | baf6 ffff 

  0x000001dd98cf3b50: ;   {runtime_call UncommonTrapBlob}
  0x000001dd98cf3b50: ff66 90e8 

  0x000001dd98cf3b54: ; ImmutableOopMap {}
                      ;*invokevirtual j {reexecute=0 rethrow=0 return_oop=0}
                      ; - com.android.tools.r8.internal.Qk0::a@4 (line 28)
  0x000001dd98cf3b54: a80a 18ff 

  0x000001dd98cf3b58: ;   {other}
  0x000001dd98cf3b58: 0f1f 8400 | 0000 0000 | baf6 ffff 

  0x000001dd98cf3b64: ;   {runtime_call UncommonTrapBlob}
  0x000001dd98cf3b64: ff66 90e8 

  0x000001dd98cf3b68: ; ImmutableOopMap {}
                      ;*invokevirtual getFirst {reexecute=0 rethrow=0 return_oop=0}
                      ; - com.android.tools.r8.internal.aA::j@4 (line 1)
                      ; - com.android.tools.r8.internal.Qk0::a@4 (line 28)
  0x000001dd98cf3b68: 940a 18ff 

  0x000001dd98cf3b6c: ;   {other}
  0x000001dd98cf3b6c: 0f1f 8400 | 0000 0000 | baf4 ffff | ff49 8bea 

  0x000001dd98cf3b7c: ;   {runtime_call UncommonTrapBlob}
  0x000001dd98cf3b7c: 6666 90e8 

  0x000001dd98cf3b80: ; ImmutableOopMap {rbp=Oop }
                      ;*checkcast {reexecute=0 rethrow=0 return_oop=0}
                      ; - com.android.tools.r8.internal.aA::j@7 (line 1)
                      ; - com.android.tools.r8.internal.Qk0::a@4 (line 28)
  0x000001dd98cf3b80: 7c0a 18ff 

  0x000001dd98cf3b84: ;   {other}
  0x000001dd98cf3b84: 0f1f 8400 | 0000 0000 | baf6 ffff 

  0x000001dd98cf3b90: ;   {runtime_call UncommonTrapBlob}
  0x000001dd98cf3b90: ff66 90e8 

  0x000001dd98cf3b94: ; ImmutableOopMap {}
                      ;*invokevirtual iterator {reexecute=0 rethrow=0 return_oop=0}
                      ; - com.android.tools.r8.internal.Qk0::a@12 (line 29)
  0x000001dd98cf3b94: 680a 18ff 

  0x000001dd98cf3b98: ;   {other}
  0x000001dd98cf3b98: 0f1f 8400 | 0000 0000 | baf6 ffff | ff41 8beb 

  0x000001dd98cf3ba8: ;   {runtime_call UncommonTrapBlob}
  0x000001dd98cf3ba8: 6666 90e8 

  0x000001dd98cf3bac: ; ImmutableOopMap {}
                      ;*invokevirtual set {reexecute=0 rethrow=0 return_oop=0}
                      ; - com.android.tools.r8.internal.Qk0::a@49 (line 32)
  0x000001dd98cf3bac: 500a 18ff 

  0x000001dd98cf3bb0: ;   {other}
  0x000001dd98cf3bb0: 0f1f 8400 | 0000 0000 | baf6 ffff | ff48 8b6c 

  0x000001dd98cf3bc0: ;   {runtime_call UncommonTrapBlob}
  0x000001dd98cf3bc0: 2460 90e8 

  0x000001dd98cf3bc4: ; ImmutableOopMap {rbp=Oop }
                      ;*invokevirtual b {reexecute=0 rethrow=0 return_oop=0}
                      ; - com.android.tools.r8.internal.Qk0::a@215 (line 26)
                      ; - com.android.tools.r8.internal.Qk0::a@272 (line 53)
  0x000001dd98cf3bc4: 380a 18ff 

  0x000001dd98cf3bc8: ;   {other}
  0x000001dd98cf3bc8: 0f1f 8400 | 0000 0000 | baf6 ffff | ff48 8b6c 

  0x000001dd98cf3bd8: ;   {runtime_call UncommonTrapBlob}
  0x000001dd98cf3bd8: 2460 90e8 

  0x000001dd98cf3bdc: ; ImmutableOopMap {rbp=Oop }
                      ;*invokeinterface add {reexecute=0 rethrow=0 return_oop=0}
                      ; - com.android.tools.r8.internal.Vu0::b@5 (line 2)
                      ; - com.android.tools.r8.internal.Qk0::a@215 (line 26)
                      ; - com.android.tools.r8.internal.Qk0::a@272 (line 53)
  0x000001dd98cf3bdc: 200a 18ff 

  0x000001dd98cf3be0: ;   {other}
  0x000001dd98cf3be0: 0f1f 8400 | 0000 0000 | baf6 ffff | ff48 8b6c 

  0x000001dd98cf3bf0: ;   {runtime_call UncommonTrapBlob}
  0x000001dd98cf3bf0: 2460 90e8 

  0x000001dd98cf3bf4: ; ImmutableOopMap {rbp=Oop }
                      ;*invokeinterface put {reexecute=0 rethrow=0 return_oop=0}
                      ; - java.util.Collections$SetFromMap::add@8
                      ; - com.android.tools.r8.internal.Vu0::b@5 (line 2)
                      ; - com.android.tools.r8.internal.Qk0::a@215 (line 26)
                      ; - com.android.tools.r8.internal.Qk0::a@272 (line 53)
  0x000001dd98cf3bf4: 080a 18ff 

  0x000001dd98cf3bf8: ;   {other}
  0x000001dd98cf3bf8: 0f1f 8400 | 0000 0000 | baf6 ffff | ff48 8b6c 

  0x000001dd98cf3c08: ;   {runtime_call UncommonTrapBlob}
  0x000001dd98cf3c08: 2460 90e8 

  0x000001dd98cf3c0c: ; ImmutableOopMap {rbp=Oop [80]=Oop }
                      ;*invokevirtual put {reexecute=0 rethrow=0 return_oop=0}
                      ; - com.android.tools.r8.internal.Qk0::a@224 (line 27)
                      ; - com.android.tools.r8.internal.Qk0::a@272 (line 53)
  0x000001dd98cf3c0c: f009 18ff 

  0x000001dd98cf3c10: ;   {other}
  0x000001dd98cf3c10: 0f1f 8400 | 0000 0000 | baf6 ffff 

  0x000001dd98cf3c1c: ;   {runtime_call UncommonTrapBlob}
  0x000001dd98cf3c1c: ff66 90e8 

  0x000001dd98cf3c20: ; ImmutableOopMap {}
                      ;*arraylength {reexecute=0 rethrow=0 return_oop=0}
                      ; - java.util.IdentityHashMap::put@13
                      ; - com.android.tools.r8.internal.Qk0::a@224 (line 27)
                      ; - com.android.tools.r8.internal.Qk0::a@272 (line 53)
  0x000001dd98cf3c20: dc09 18ff 

  0x000001dd98cf3c24: ;   {other}
  0x000001dd98cf3c24: 0f1f 8400 | 0000 0000 | baf6 ffff 

  0x000001dd98cf3c30: ;   {runtime_call UncommonTrapBlob}
  0x000001dd98cf3c30: ff66 90e8 

  0x000001dd98cf3c34: ; ImmutableOopMap {}
                      ;*arraylength {reexecute=0 rethrow=0 return_oop=0}
                      ; - java.util.IdentityHashMap::put@13
                      ; - java.util.Collections$SetFromMap::add@8
                      ; - com.android.tools.r8.internal.Vu0::b@5 (line 2)
                      ; - com.android.tools.r8.internal.Qk0::a@215 (line 26)
                      ; - com.android.tools.r8.internal.Qk0::a@272 (line 53)
  0x000001dd98cf3c34: c809 18ff 

  0x000001dd98cf3c38: ;   {other}
  0x000001dd98cf3c38: 0f1f 8400 | 0000 0000 | baf6 ffff | ff48 8b6c 

  0x000001dd98cf3c48: ;   {runtime_call UncommonTrapBlob}
  0x000001dd98cf3c48: 2460 90e8 

  0x000001dd98cf3c4c: ; ImmutableOopMap {rbp=Oop }
                      ;*invokevirtual addLast {reexecute=0 rethrow=0 return_oop=0}
                      ; - com.android.tools.r8.internal.Vu0::b@18 (line 3)
                      ; - com.android.tools.r8.internal.Qk0::a@215 (line 26)
                      ; - com.android.tools.r8.internal.Qk0::a@272 (line 53)
  0x000001dd98cf3c4c: b009 18ff 

  0x000001dd98cf3c50: ;   {other}
  0x000001dd98cf3c50: 0f1f 8400 | 0000 0000 | baf6 ffff 

  0x000001dd98cf3c5c: ;   {runtime_call UncommonTrapBlob}
  0x000001dd98cf3c5c: ff66 90e8 

  0x000001dd98cf3c60: ; ImmutableOopMap {[96]=Oop }
                      ;*aastore {reexecute=1 rethrow=0 return_oop=0}
                      ; - (reexecute) java.util.ArrayDeque::addLast@23
                      ; - com.android.tools.r8.internal.Vu0::b@18 (line 3)
                      ; - com.android.tools.r8.internal.Qk0::a@215 (line 26)
                      ; - com.android.tools.r8.internal.Qk0::a@272 (line 53)
  0x000001dd98cf3c60: 9c09 18ff 

  0x000001dd98cf3c64: ;   {other}
  0x000001dd98cf3c64: 0f1f 8400 | 0000 0000 | baf6 ffff 

  0x000001dd98cf3c70: ;   {runtime_call UncommonTrapBlob}
  0x000001dd98cf3c70: ff66 90e8 

  0x000001dd98cf3c74: ; ImmutableOopMap {}
                      ;*invokevirtual b {reexecute=0 rethrow=0 return_oop=0}
                      ; - com.android.tools.r8.internal.Qk0::a@66 (line 33)
  0x000001dd98cf3c74: 8809 18ff 

  0x000001dd98cf3c78: ;   {other}
  0x000001dd98cf3c78: 0f1f 8400 | 0000 0000 | baf6 ffff 

  0x000001dd98cf3c84: ;   {runtime_call UncommonTrapBlob}
  0x000001dd98cf3c84: ff66 90e8 

  0x000001dd98cf3c88: ; ImmutableOopMap {}
                      ;*invokevirtual isEmpty {reexecute=0 rethrow=0 return_oop=0}
                      ; - com.android.tools.r8.internal.Vu0::b@4 (line 4)
                      ; - com.android.tools.r8.internal.Qk0::a@66 (line 33)
  0x000001dd98cf3c88: 7409 18ff 

  0x000001dd98cf3c8c: ;   {other}
  0x000001dd98cf3c8c: 0f1f 8400 | 0000 0000 | ba45 ffff | ff49 8bea | 4489 5c24 

  0x000001dd98cf3ca0: ;   {runtime_call UncommonTrapBlob}
  0x000001dd98cf3ca0: 2466 90e8 

  0x000001dd98cf3ca4: ; ImmutableOopMap {rbp=Oop [36]=NarrowOop }
                      ;*ifnonnull {reexecute=1 rethrow=0 return_oop=0}
                      ; - (reexecute) java.util.LinkedList::getFirst@6
                      ; - com.android.tools.r8.internal.aA::j@4 (line 1)
                      ; - com.android.tools.r8.internal.Qk0::a@4 (line 28)
  0x000001dd98cf3ca4: 5809 18ff 

  0x000001dd98cf3ca8: ;   {other}
  0x000001dd98cf3ca8: 0f1f 8400 | 0000 0000 | baf6 ffff | ff41 8bea 

  0x000001dd98cf3cb8: ;   {runtime_call UncommonTrapBlob}
  0x000001dd98cf3cb8: 6666 90e8 

  0x000001dd98cf3cbc: ; ImmutableOopMap {}
                      ;*aaload {reexecute=0 rethrow=0 return_oop=0}
                      ; - com.android.tools.r8.internal.dJ::a@5 (line 1)
                      ; - com.android.tools.r8.internal.F::next@21 (line 4)
                      ; - com.android.tools.r8.internal.Qk0::a@264 (line 52)
  0x000001dd98cf3cbc: 4009 18ff 

  0x000001dd98cf3cc0: ;   {other}
  0x000001dd98cf3cc0: 0f1f 8400 | 0000 0000 | baf6 ffff 

  0x000001dd98cf3ccc: ;   {runtime_call UncommonTrapBlob}
  0x000001dd98cf3ccc: ff66 90e8 

  0x000001dd98cf3cd0: ; ImmutableOopMap {}
                      ;*arraylength {reexecute=0 rethrow=0 return_oop=0}
                      ; - java.util.BitSet::ensureCapacity@4
                      ; - java.util.BitSet::expandTo@14
                      ; - java.util.BitSet::set@38
                      ; - com.android.tools.r8.internal.Qk0::a@49 (line 32)
  0x000001dd98cf3cd0: 2c09 18ff 

  0x000001dd98cf3cd4: ;   {other}
  0x000001dd98cf3cd4: 0f1f 8400 | 0000 0000 | baf6 ffff 

  0x000001dd98cf3ce0: ;   {runtime_call UncommonTrapBlob}
  0x000001dd98cf3ce0: ff66 90e8 

  0x000001dd98cf3ce4: ; ImmutableOopMap {}
                      ;*arraylength {reexecute=0 rethrow=0 return_oop=0}
                      ; - java.util.IdentityHashMap::put@13
                      ; - com.android.tools.r8.internal.Qk0::a@224 (line 27)
                      ; - com.android.tools.r8.internal.Qk0::a@141 (line 40)
  0x000001dd98cf3ce4: 1809 18ff 

  0x000001dd98cf3ce8: ;   {other}
  0x000001dd98cf3ce8: 0f1f 8400 | 0000 0000 | baf6 ffff 

  0x000001dd98cf3cf4: ;   {runtime_call UncommonTrapBlob}
  0x000001dd98cf3cf4: ff66 90e8 

  0x000001dd98cf3cf8: ; ImmutableOopMap {}
                      ;*arraylength {reexecute=0 rethrow=0 return_oop=0}
                      ; - java.util.IdentityHashMap::put@13
                      ; - java.util.Collections$SetFromMap::add@8
                      ; - com.android.tools.r8.internal.Vu0::b@5 (line 2)
                      ; - com.android.tools.r8.internal.Qk0::a@215 (line 26)
                      ; - com.android.tools.r8.internal.Qk0::a@141 (line 40)
  0x000001dd98cf3cf8: 0409 18ff 

  0x000001dd98cf3cfc: ;   {other}
  0x000001dd98cf3cfc: 0f1f 8400 | 0000 0000 | baf6 ffff 

  0x000001dd98cf3d08: ;   {runtime_call UncommonTrapBlob}
  0x000001dd98cf3d08: ff66 90e8 

  0x000001dd98cf3d0c: ; ImmutableOopMap {}
                      ;*arraylength {reexecute=0 rethrow=0 return_oop=0}
                      ; - java.util.IdentityHashMap::put@13
                      ; - com.android.tools.r8.internal.Qk0::a@224 (line 27)
                      ; - com.android.tools.r8.internal.Qk0::a@272 (line 53)
  0x000001dd98cf3d0c: f008 18ff 

  0x000001dd98cf3d10: ;   {other}
  0x000001dd98cf3d10: 0f1f 8400 | 0000 0000 | baf6 ffff 

  0x000001dd98cf3d1c: ;   {runtime_call UncommonTrapBlob}
  0x000001dd98cf3d1c: ff66 90e8 

  0x000001dd98cf3d20: ; ImmutableOopMap {}
                      ;*arraylength {reexecute=0 rethrow=0 return_oop=0}
                      ; - java.util.IdentityHashMap::put@13
                      ; - java.util.Collections$SetFromMap::add@8
                      ; - com.android.tools.r8.internal.Vu0::b@5 (line 2)
                      ; - com.android.tools.r8.internal.Qk0::a@215 (line 26)
                      ; - com.android.tools.r8.internal.Qk0::a@272 (line 53)
  0x000001dd98cf3d20: dc08 18ff 

  0x000001dd98cf3d24: ;   {other}
  0x000001dd98cf3d24: 0f1f 8400 | 0000 0000 | eb58 eb56 | eb54 eb52 | eb50 eb4e | eb4c eb4a | eb48 eb46 | eb44 eb42 
  0x000001dd98cf3d44: eb40 eb3e | eb3c eb3a | eb38 eb36 | eb34 eb32 | eb30 eb2e | eb2c eb2a | eb28 eb26 | eb24 eb22 
  0x000001dd98cf3d64: eb20 eb1e | eb1c eb1a | eb18 eb16 | eb14 eb12 | eb10 eb0e | eb0c eb0a | eb08 eb06 | eb04 eb02 
  0x000001dd98cf3d84: eb00 488b | d0e9 37c3 

  0x000001dd98cf3d8c: ;   {internal_word}
  0x000001dd98cf3d8c: ffff 49ba | 1cdd ce98 | dd01 0000 | 4d89 9760 

  0x000001dd98cf3d9c: ;   {runtime_call SafepointBlob}
  0x000001dd98cf3d9c: 0400 00e9 | 5c19 18ff 

  0x000001dd98cf3da4: ;   {runtime_call StubRoutines (final stubs)}
  0x000001dd98cf3da4: e877 5d16 | ffe9 509e | ffff f4f4 
[Stub Code]
  0x000001dd98cf3db0: ;   {no_reloc}
  0x000001dd98cf3db0: 48bb 0000 | 0000 0000 

  0x000001dd98cf3db8: ;   {runtime_call nmethod}
  0x000001dd98cf3db8: 0000 e9fb 

  0x000001dd98cf3dbc: ;   {static_stub}
  0x000001dd98cf3dbc: ffff ff48 | bb00 0000 | 0000 0000 

  0x000001dd98cf3dc8: ;   {runtime_call nmethod}
  0x000001dd98cf3dc8: 00e9 fbff 

  0x000001dd98cf3dcc: ;   {static_stub}
  0x000001dd98cf3dcc: ffff 48bb | 0000 0000 | 0000 0000 

  0x000001dd98cf3dd8: ;   {runtime_call nmethod}
  0x000001dd98cf3dd8: e9fb ffff 

  0x000001dd98cf3ddc: ;   {static_stub}
  0x000001dd98cf3ddc: ff48 bb00 | 0000 0000 

  0x000001dd98cf3de4: ;   {runtime_call nmethod}
  0x000001dd98cf3de4: 0000 00e9 | fbff ffff 

  0x000001dd98cf3dec: ;   {static_stub}
  0x000001dd98cf3dec: 48bb 0000 | 0000 0000 

  0x000001dd98cf3df4: ;   {runtime_call nmethod}
  0x000001dd98cf3df4: 0000 e9fb 

  0x000001dd98cf3df8: ;   {static_stub}
  0x000001dd98cf3df8: ffff ff48 | bb00 0000 | 0000 0000 

  0x000001dd98cf3e04: ;   {runtime_call nmethod}
  0x000001dd98cf3e04: 00e9 fbff 

  0x000001dd98cf3e08: ;   {static_stub}
  0x000001dd98cf3e08: ffff 48bb | 0000 0000 | 0000 0000 

  0x000001dd98cf3e14: ;   {runtime_call nmethod}
  0x000001dd98cf3e14: e9fb ffff 

  0x000001dd98cf3e18: ;   {static_stub}
  0x000001dd98cf3e18: ff48 bb00 | 0000 0000 

  0x000001dd98cf3e20: ;   {runtime_call nmethod}
  0x000001dd98cf3e20: 0000 00e9 | fbff ffff 

  0x000001dd98cf3e28: ;   {static_stub}
  0x000001dd98cf3e28: 48bb 0000 | 0000 0000 

  0x000001dd98cf3e30: ;   {runtime_call nmethod}
  0x000001dd98cf3e30: 0000 e9fb 

  0x000001dd98cf3e34: ;   {static_stub}
  0x000001dd98cf3e34: ffff ff48 | bb00 0000 | 0000 0000 

  0x000001dd98cf3e40: ;   {runtime_call nmethod}
  0x000001dd98cf3e40: 00e9 fbff 

  0x000001dd98cf3e44: ;   {runtime_call ExceptionBlob}
  0x000001dd98cf3e44: ffff e9b5 | dc23 ffe8 | 0000 0000 | 4883 2c24 

  0x000001dd98cf3e54: ;   {runtime_call DeoptimizationBlob}
  0x000001dd98cf3e54: 05e9 460b | 18ff f4f4 | f4f4 f4f4 
[/MachCode]


---------------  P R O C E S S  ---------------

Threads class SMR info:
_java_thread_list=0x000001ddc4922c60, length=242, elements={
0x000001dd8d89aa40, 0x000001dda63a8580, 0x000001dda63ad0f0, 0x000001dda6391160,
0x000001dda6392f00, 0x000001dda6393950, 0x000001dda63943a0, 0x000001dda63b9ed0,
0x000001dda63bed70, 0x000001dda64afe40, 0x000001ddab172790, 0x000001ddacd4b480,
0x000001ddace67e20, 0x000001ddad07deb0, 0x000001ddad08e490, 0x000001ddacf1ab60,
0x000001ddabd74a60, 0x000001ddabd73020, 0x000001ddabd73d40, 0x000001ddae4065d0,
0x000001ddae405220, 0x000001ddae406c60, 0x000001ddae407980, 0x000001ddae4058b0,
0x000001ddae4072f0, 0x000001ddae405f40, 0x000001ddae404500, 0x000001ddae4093c0,
0x000001ddae40b490, 0x000001ddae408d30, 0x000001ddae409a50, 0x000001ddae40a0e0,
0x000001ddae40a770, 0x000001ddae40ae00, 0x000001ddae408010, 0x000001ddae40bb20,
0x000001ddae4086a0, 0x000001ddadbec4c0, 0x000001ddaf971860, 0x000001ddc559d800,
0x000001ddc559b730, 0x000001ddc559f240, 0x000001ddc55a26c0, 0x000001ddc55a0c80,
0x000001ddc55a4790, 0x000001ddc55a2d50, 0x000001ddc55a3a70, 0x000001ddc55a33e0,
0x000001ddc55a19a0, 0x000001ddc55a1310, 0x000001ddc55a4e20, 0x000001ddc55a2030,
0x000001ddc55a8930, 0x000001ddc55a8fc0, 0x000001ddc55a9650, 0x000001ddc55a61d0,
0x000001ddc55abdb0, 0x000001ddc55aaa00, 0x000001ddc55ab090, 0x000001ddc55ac440,
0x000001ddc55ab720, 0x000001ddc55acad0, 0x000001ddc55ad160, 0x000001ddc55a9ce0,
0x000001ddc55aa370, 0x000001ddc55b05e0, 0x000001ddc55aeba0, 0x000001ddc55aff50,
0x000001ddc55b0c70, 0x000001ddc55ad7f0, 0x000001ddc55b1300, 0x000001ddc55ade80,
0x000001ddc55b33d0, 0x000001ddc55b2d40, 0x000001ddc55b4e10, 0x000001ddc55b26b0,
0x000001ddc55b3a60, 0x000001ddc55b2020, 0x000001ddc55b40f0, 0x000001ddc55b4780,
0x000001ddc55b1990, 0x000001ddc55b54a0, 0x000001ddb6264b60, 0x000001ddb6266c30,
0x000001ddb62651f0, 0x000001ddb6268670, 0x000001ddb6265880, 0x000001ddb626add0,
0x000001ddb626b460, 0x000001ddb6269a20, 0x000001ddb6269390, 0x000001ddb626baf0,
0x000001ddb626c180, 0x000001ddb626c810, 0x000001ddb626cea0, 0x000001ddb626d530,
0x000001ddb626a0b0, 0x000001ddb626dbc0, 0x000001ddb28d6e40, 0x000001ddb28d5a90,
0x000001ddb28d6120, 0x000001ddb28d67b0, 0x000001ddb28d74d0, 0x000001ddb28d7b60,
0x000001ddb28d8880, 0x000001ddb28d5400, 0x000001ddb28dbd00, 0x000001ddb28d8f10,
0x000001ddb28d95a0, 0x000001ddb28da950, 0x000001ddb28dca20, 0x000001ddb28dd740,
0x000001ddb28da2c0, 0x000001ddb28deaf0, 0x000001ddb28de460, 0x000001ddb28df810,
0x000001ddb28dfea0, 0x000001ddb28e0530, 0x000001ddb28dd0b0, 0x000001ddb28e1250,
0x000001ddb28dddd0, 0x000001ddb28e18e0, 0x000001ddb28e1f70, 0x000001ddb28e2600,
0x000001ddb28e2c90, 0x000001ddb28e39b0, 0x000001ddb28e3320, 0x000001ddb28e4040,
0x000001ddb28e46d0, 0x000001ddaf4d4730, 0x000001ddaf4d3380, 0x000001ddaf4d6e90,
0x000001ddaf4d7520, 0x000001ddaf4d40a0, 0x000001ddaf4d88d0, 0x000001ddaf4d8f60,
0x000001ddaf4d95f0, 0x000001ddaf4d9c80, 0x000001ddadbedf00, 0x000001ddadbed1e0,
0x000001ddadbef2b0, 0x000001ddadbef940, 0x000001ddadbeffd0, 0x000001ddadbecb50,
0x000001ddadbf0660, 0x000001ddadbf0cf0, 0x000001ddadbf2730, 0x000001ddadbf1a10,
0x000001ddadbf1380, 0x000001ddadbf2dc0, 0x000001ddadbf3450, 0x000001ddac4868f0,
0x000001ddac484eb0, 0x000001ddac485540, 0x000001ddac486f80, 0x000001ddac483b00,
0x000001ddac48aa90, 0x000001ddac48a400, 0x000001ddac487610, 0x000001ddac488330,
0x000001ddb0d29e50, 0x000001ddb0d2ab70, 0x000001ddb0d2b200, 0x000001ddb0d27d80,
0x000001ddb0d28410, 0x000001ddb0d2e680, 0x000001ddb0d2d960, 0x000001ddb0d2ed10,
0x000001ddb0d2cc40, 0x000001ddb0d2bf20, 0x000001ddb0d2d2d0, 0x000001ddb0d2b890,
0x000001ddb0d2f3a0, 0x000001ddb0d2dff0, 0x000001ddb0d33bd0, 0x000001ddb0d32eb0,
0x000001ddb0d31b00, 0x000001ddb0d30750, 0x000001ddb0d32190, 0x000001ddb0d32820,
0x000001ddb0d34260, 0x000001ddb0d30de0, 0x000001ddb0d348f0, 0x000001ddb0d369c0,
0x000001ddb0d35610, 0x000001ddb0d35ca0, 0x000001ddb0d36330, 0x000001ddc55b8fb0,
0x000001ddc55ba360, 0x000001ddc55b7c00, 0x000001ddc55b9cd0, 0x000001ddc55ba9f0,
0x000001ddc55b6ee0, 0x000001ddc559e520, 0x000001ddc559bdc0, 0x000001ddc559cae0,
0x000001ddc55a4100, 0x000001ddc55af8c0, 0x000001ddb6260330, 0x000001ddb6261d70,
0x000001ddb6261050, 0x000001ddb625e8f0, 0x000001ddb6263120, 0x000001ddb625fca0,
0x000001ddb62609c0, 0x000001ddb62616e0, 0x000001ddb6267fe0, 0x000001ddb6265f10,
0x000001ddb6267950, 0x000001ddb62665a0, 0x000001ddaf96e3e0, 0x000001ddaf96f790,
0x000001ddaf975370, 0x000001ddaf975a00, 0x000001ddaf976090, 0x000001ddaf973930,
0x000001ddaf97a230, 0x000001ddad74a1e0, 0x000001ddad7494c0, 0x000001ddad747a80,
0x000001ddad7487a0, 0x000001ddad74cfd0, 0x000001ddad749b50, 0x000001ddb4e5bfa0,
0x000001ddb4e5e700, 0x000001ddb4e5b910, 0x000001ddb4e61b80, 0x000001ddb0d300c0,
0x000001ddb0d34f80, 0x000001ddb0d33540, 0x000001ddc55b6850, 0x000001ddc55af230,
0x000001ddc55ae510, 0x000001ddabd72300, 0x000001ddabd743d0, 0x000001ddb09b6e00,
0x000001ddb09b74d0, 0x000001ddb440af50, 0x000001ddc70b1d80, 0x000001ddc552de30,
0x000001ddc552b550, 0x000001ddc70b2b20
}

Java Threads: ( => current thread )
  0x000001dd8d89aa40 JavaThread "main"                              [_thread_blocked, id=9748, stack(0x00000038f8a00000,0x00000038f8b00000) (1024K)]
  0x000001dda63a8580 JavaThread "Reference Handler"          daemon [_thread_blocked, id=24400, stack(0x00000038f9200000,0x00000038f9300000) (1024K)]
  0x000001dda63ad0f0 JavaThread "Finalizer"                  daemon [_thread_blocked, id=1256, stack(0x00000038f9300000,0x00000038f9400000) (1024K)]
  0x000001dda6391160 JavaThread "Signal Dispatcher"          daemon [_thread_blocked, id=4656, stack(0x00000038f9400000,0x00000038f9500000) (1024K)]
  0x000001dda6392f00 JavaThread "Attach Listener"            daemon [_thread_blocked, id=10612, stack(0x00000038f9500000,0x00000038f9600000) (1024K)]
  0x000001dda6393950 JavaThread "Service Thread"             daemon [_thread_blocked, id=15280, stack(0x00000038f9600000,0x00000038f9700000) (1024K)]
  0x000001dda63943a0 JavaThread "Monitor Deflation Thread"   daemon [_thread_blocked, id=21776, stack(0x00000038f9700000,0x00000038f9800000) (1024K)]
  0x000001dda63b9ed0 JavaThread "C2 CompilerThread0"         daemon [_thread_blocked, id=20888, stack(0x00000038f9800000,0x00000038f9900000) (1024K)]
  0x000001dda63bed70 JavaThread "C1 CompilerThread0"         daemon [_thread_blocked, id=21316, stack(0x00000038f9900000,0x00000038f9a00000) (1024K)]
  0x000001dda64afe40 JavaThread "Common-Cleaner"             daemon [_thread_blocked, id=13344, stack(0x00000038f9a00000,0x00000038f9b00000) (1024K)]
  0x000001ddab172790 JavaThread "Notification Thread"        daemon [_thread_blocked, id=8776, stack(0x00000038f9c00000,0x00000038f9d00000) (1024K)]
  0x000001ddacd4b480 JavaThread "Daemon health stats"               [_thread_blocked, id=22280, stack(0x00000038f9e00000,0x00000038f9f00000) (1024K)]
  0x000001ddace67e20 JavaThread "Incoming local TCP Connector on port 50082"        [_thread_in_native, id=26200, stack(0x00000038f9f00000,0x00000038fa000000) (1024K)]
  0x000001ddad07deb0 JavaThread "Daemon periodic checks"            [_thread_blocked, id=22092, stack(0x00000038fa600000,0x00000038fa700000) (1024K)]
  0x000001ddad08e490 JavaThread "Daemon"                            [_thread_blocked, id=14028, stack(0x00000038fa700000,0x00000038fa800000) (1024K)]
  0x000001ddacf1ab60 JavaThread "Daemon worker"                     [_thread_blocked, id=18048, stack(0x00000038faa00000,0x00000038fab00000) (1024K)]
  0x000001ddabd74a60 JavaThread "Cache worker for journal cache (C:\Users\herna\.gradle\caches\journal-1)"        [_thread_blocked, id=9588, stack(0x00000038fb800000,0x00000038fb900000) (1024K)]
  0x000001ddabd73020 JavaThread "File lock request listener"        [_thread_in_native, id=13124, stack(0x00000038fb900000,0x00000038fba00000) (1024K)]
  0x000001ddabd73d40 JavaThread "Cache worker for file hash cache (C:\Users\herna\.gradle\caches\8.9\fileHashes)"        [_thread_blocked, id=11644, stack(0x00000038fba00000,0x00000038fbb00000) (1024K)]
  0x000001ddae4065d0 JavaThread "File watcher server"        daemon [_thread_blocked, id=19768, stack(0x00000038fc000000,0x00000038fc100000) (1024K)]
  0x000001ddae405220 JavaThread "File watcher consumer"      daemon [_thread_blocked, id=18552, stack(0x00000038fc100000,0x00000038fc200000) (1024K)]
  0x000001ddae406c60 JavaThread "jar transforms"                    [_thread_blocked, id=2552, stack(0x00000038fbd00000,0x00000038fbe00000) (1024K)]
  0x000001ddae407980 JavaThread "jar transforms Thread 2"           [_thread_blocked, id=15988, stack(0x00000038fc200000,0x00000038fc300000) (1024K)]
  0x000001ddae4058b0 JavaThread "jar transforms Thread 3"           [_thread_blocked, id=3724, stack(0x00000038fc300000,0x00000038fc400000) (1024K)]
  0x000001ddae4072f0 JavaThread "jar transforms Thread 4"           [_thread_blocked, id=11008, stack(0x00000038fc400000,0x00000038fc500000) (1024K)]
  0x000001ddae405f40 JavaThread "jar transforms Thread 5"           [_thread_blocked, id=18420, stack(0x00000038fc500000,0x00000038fc600000) (1024K)]
  0x000001ddae404500 JavaThread "jar transforms Thread 6"           [_thread_blocked, id=23340, stack(0x00000038fc600000,0x00000038fc700000) (1024K)]
  0x000001ddae4093c0 JavaThread "jar transforms Thread 7"           [_thread_blocked, id=19488, stack(0x00000038fc700000,0x00000038fc800000) (1024K)]
  0x000001ddae40b490 JavaThread "jar transforms Thread 8"           [_thread_blocked, id=26344, stack(0x00000038fc800000,0x00000038fc900000) (1024K)]
  0x000001ddae408d30 JavaThread "jar transforms Thread 9"           [_thread_blocked, id=11420, stack(0x00000038fc900000,0x00000038fca00000) (1024K)]
  0x000001ddae409a50 JavaThread "jar transforms Thread 10"          [_thread_blocked, id=9756, stack(0x00000038fca00000,0x00000038fcb00000) (1024K)]
  0x000001ddae40a0e0 JavaThread "jar transforms Thread 11"          [_thread_blocked, id=20688, stack(0x00000038fcb00000,0x00000038fcc00000) (1024K)]
  0x000001ddae40a770 JavaThread "jar transforms Thread 12"          [_thread_blocked, id=23216, stack(0x00000038fcc00000,0x00000038fcd00000) (1024K)]
  0x000001ddae40ae00 JavaThread "jar transforms Thread 13"          [_thread_blocked, id=4964, stack(0x00000038fcd00000,0x00000038fce00000) (1024K)]
  0x000001ddae408010 JavaThread "jar transforms Thread 14"          [_thread_blocked, id=19500, stack(0x00000038fce00000,0x00000038fcf00000) (1024K)]
  0x000001ddae40bb20 JavaThread "jar transforms Thread 15"          [_thread_blocked, id=26456, stack(0x00000038fcf00000,0x00000038fd000000) (1024K)]
  0x000001ddae4086a0 JavaThread "jar transforms Thread 16"          [_thread_blocked, id=22348, stack(0x00000038fd000000,0x00000038fd100000) (1024K)]
  0x000001ddadbec4c0 JavaThread "Cache worker for file content cache (C:\Users\herna\.gradle\caches\8.9\fileContent)"        [_thread_blocked, id=9308, stack(0x00000038fd200000,0x00000038fd300000) (1024K)]
  0x000001ddaf971860 JavaThread "Memory manager"                    [_thread_blocked, id=22864, stack(0x0000003883f00000,0x0000003884000000) (1024K)]
  0x000001ddc559d800 JavaThread "VFS cleanup"                       [_thread_blocked, id=16124, stack(0x0000003880000000,0x0000003880100000) (1024K)]
  0x000001ddc559b730 JavaThread "Handler for socket connection from /127.0.0.1:50082 to /127.0.0.1:50370"        [_thread_in_native, id=15728, stack(0x0000003880100000,0x0000003880200000) (1024K)]
  0x000001ddc559f240 JavaThread "Cancel handler"                    [_thread_blocked, id=8408, stack(0x0000003880200000,0x0000003880300000) (1024K)]
  0x000001ddc55a26c0 JavaThread "Asynchronous log dispatcher for DefaultDaemonConnection: socket connection from /127.0.0.1:50082 to /127.0.0.1:50370"        [_thread_blocked, id=18700, stack(0x0000003880300000,0x0000003880400000) (1024K)]
  0x000001ddc55a0c80 JavaThread "Stdin handler"                     [_thread_blocked, id=19056, stack(0x0000003880400000,0x0000003880500000) (1024K)]
  0x000001ddc55a4790 JavaThread "Daemon client event forwarder"        [_thread_blocked, id=13596, stack(0x0000003880500000,0x0000003880600000) (1024K)]
  0x000001ddc55a2d50 JavaThread "Cache worker for file hash cache (C:\Users\herna\Documents\Escuela\Nativas\Tareas\Calculadora\.gradle\8.9\fileHashes)"        [_thread_blocked, id=6412, stack(0x0000003880600000,0x0000003880700000) (1024K)]
  0x000001ddc55a3a70 JavaThread "Cache worker for Build Output Cleanup Cache (C:\Users\herna\Documents\Escuela\Nativas\Tareas\Calculadora\.gradle\buildOutputCleanup)"        [_thread_blocked, id=13740, stack(0x0000003880700000,0x0000003880800000) (1024K)]
  0x000001ddc55a33e0 JavaThread "Cache worker for checksums cache (C:\Users\herna\Documents\Escuela\Nativas\Tareas\Calculadora\.gradle\8.9\checksums)"        [_thread_blocked, id=8648, stack(0x0000003880900000,0x0000003880a00000) (1024K)]
  0x000001ddc55a19a0 JavaThread "Cache worker for cache directory md-rule (C:\Users\herna\.gradle\caches\8.9\md-rule)"        [_thread_blocked, id=26596, stack(0x0000003880a00000,0x0000003880b00000) (1024K)]
  0x000001ddc55a1310 JavaThread "Cache worker for cache directory md-supplier (C:\Users\herna\.gradle\caches\8.9\md-supplier)"        [_thread_blocked, id=15924, stack(0x0000003880b00000,0x0000003880c00000) (1024K)]
  0x000001ddc55a4e20 JavaThread "Unconstrained build operations"        [_thread_blocked, id=8692, stack(0x0000003881100000,0x0000003881200000) (1024K)]
  0x000001ddc55a2030 JavaThread "Unconstrained build operations Thread 2"        [_thread_blocked, id=8796, stack(0x0000003881200000,0x0000003881300000) (1024K)]
  0x000001ddc55a8930 JavaThread "Unconstrained build operations Thread 3"        [_thread_blocked, id=10992, stack(0x0000003881300000,0x0000003881400000) (1024K)]
  0x000001ddc55a8fc0 JavaThread "Unconstrained build operations Thread 4"        [_thread_blocked, id=23764, stack(0x0000003881400000,0x0000003881500000) (1024K)]
  0x000001ddc55a9650 JavaThread "Unconstrained build operations Thread 5"        [_thread_blocked, id=17572, stack(0x0000003881500000,0x0000003881600000) (1024K)]
  0x000001ddc55a61d0 JavaThread "Unconstrained build operations Thread 6"        [_thread_blocked, id=15968, stack(0x0000003881600000,0x0000003881700000) (1024K)]
  0x000001ddc55abdb0 JavaThread "Unconstrained build operations Thread 7"        [_thread_blocked, id=6840, stack(0x0000003881700000,0x0000003881800000) (1024K)]
  0x000001ddc55aaa00 JavaThread "Unconstrained build operations Thread 8"        [_thread_blocked, id=19276, stack(0x0000003881800000,0x0000003881900000) (1024K)]
  0x000001ddc55ab090 JavaThread "Unconstrained build operations Thread 9"        [_thread_blocked, id=9288, stack(0x0000003881900000,0x0000003881a00000) (1024K)]
  0x000001ddc55ac440 JavaThread "Unconstrained build operations Thread 10"        [_thread_blocked, id=25328, stack(0x0000003881a00000,0x0000003881b00000) (1024K)]
  0x000001ddc55ab720 JavaThread "Unconstrained build operations Thread 11"        [_thread_blocked, id=19432, stack(0x0000003881b00000,0x0000003881c00000) (1024K)]
  0x000001ddc55acad0 JavaThread "Unconstrained build operations Thread 12"        [_thread_blocked, id=17676, stack(0x0000003881c00000,0x0000003881d00000) (1024K)]
  0x000001ddc55ad160 JavaThread "Unconstrained build operations Thread 13"        [_thread_blocked, id=22208, stack(0x0000003881d00000,0x0000003881e00000) (1024K)]
  0x000001ddc55a9ce0 JavaThread "Unconstrained build operations Thread 14"        [_thread_blocked, id=14408, stack(0x0000003881e00000,0x0000003881f00000) (1024K)]
  0x000001ddc55aa370 JavaThread "Unconstrained build operations Thread 15"        [_thread_blocked, id=16140, stack(0x0000003881f00000,0x0000003882000000) (1024K)]
  0x000001ddc55b05e0 JavaThread "Unconstrained build operations Thread 16"        [_thread_blocked, id=9404, stack(0x0000003882100000,0x0000003882200000) (1024K)]
  0x000001ddc55aeba0 JavaThread "Unconstrained build operations Thread 17"        [_thread_blocked, id=8344, stack(0x0000003882200000,0x0000003882300000) (1024K)]
  0x000001ddc55aff50 JavaThread "Unconstrained build operations Thread 18"        [_thread_blocked, id=1080, stack(0x0000003882300000,0x0000003882400000) (1024K)]
  0x000001ddc55b0c70 JavaThread "Unconstrained build operations Thread 19"        [_thread_blocked, id=18864, stack(0x0000003882400000,0x0000003882500000) (1024K)]
  0x000001ddc55ad7f0 JavaThread "Unconstrained build operations Thread 20"        [_thread_blocked, id=17796, stack(0x0000003882500000,0x0000003882600000) (1024K)]
  0x000001ddc55b1300 JavaThread "Unconstrained build operations Thread 21"        [_thread_blocked, id=2080, stack(0x0000003882600000,0x0000003882700000) (1024K)]
  0x000001ddc55ade80 JavaThread "Unconstrained build operations Thread 22"        [_thread_blocked, id=10164, stack(0x0000003882700000,0x0000003882800000) (1024K)]
  0x000001ddc55b33d0 JavaThread "Unconstrained build operations Thread 23"        [_thread_blocked, id=12744, stack(0x0000003882800000,0x0000003882900000) (1024K)]
  0x000001ddc55b2d40 JavaThread "Unconstrained build operations Thread 24"        [_thread_blocked, id=3864, stack(0x0000003882900000,0x0000003882a00000) (1024K)]
  0x000001ddc55b4e10 JavaThread "Unconstrained build operations Thread 25"        [_thread_blocked, id=16828, stack(0x0000003882a00000,0x0000003882b00000) (1024K)]
  0x000001ddc55b26b0 JavaThread "Unconstrained build operations Thread 26"        [_thread_blocked, id=7620, stack(0x0000003882b00000,0x0000003882c00000) (1024K)]
  0x000001ddc55b3a60 JavaThread "Unconstrained build operations Thread 27"        [_thread_blocked, id=9520, stack(0x0000003882c00000,0x0000003882d00000) (1024K)]
  0x000001ddc55b2020 JavaThread "Unconstrained build operations Thread 28"        [_thread_blocked, id=4116, stack(0x0000003882d00000,0x0000003882e00000) (1024K)]
  0x000001ddc55b40f0 JavaThread "Unconstrained build operations Thread 29"        [_thread_blocked, id=15752, stack(0x0000003882e00000,0x0000003882f00000) (1024K)]
  0x000001ddc55b4780 JavaThread "Unconstrained build operations Thread 30"        [_thread_blocked, id=18240, stack(0x0000003882f00000,0x0000003883000000) (1024K)]
  0x000001ddc55b1990 JavaThread "build event listener"              [_thread_blocked, id=23980, stack(0x0000003883000000,0x0000003883100000) (1024K)]
  0x000001ddc55b54a0 JavaThread "build event listener"              [_thread_blocked, id=11280, stack(0x0000003883100000,0x0000003883200000) (1024K)]
  0x000001ddb6264b60 JavaThread "included builds"                   [_thread_blocked, id=10912, stack(0x0000003882000000,0x0000003882100000) (1024K)]
  0x000001ddb6266c30 JavaThread "Execution worker"                  [_thread_blocked, id=25856, stack(0x0000003883200000,0x0000003883300000) (1024K)]
  0x000001ddb62651f0 JavaThread "Execution worker Thread 2"         [_thread_blocked, id=25092, stack(0x0000003883300000,0x0000003883400000) (1024K)]
  0x000001ddb6268670 JavaThread "Execution worker Thread 3"         [_thread_blocked, id=12140, stack(0x0000003883400000,0x0000003883500000) (1024K)]
  0x000001ddb6265880 JavaThread "Execution worker Thread 4"         [_thread_blocked, id=26088, stack(0x0000003883500000,0x0000003883600000) (1024K)]
  0x000001ddb626add0 JavaThread "Execution worker Thread 5"         [_thread_blocked, id=20260, stack(0x0000003883600000,0x0000003883700000) (1024K)]
  0x000001ddb626b460 JavaThread "Execution worker Thread 6"         [_thread_blocked, id=19576, stack(0x0000003883700000,0x0000003883800000) (1024K)]
  0x000001ddb6269a20 JavaThread "Execution worker Thread 7"         [_thread_blocked, id=26608, stack(0x0000003883800000,0x0000003883900000) (1024K)]
  0x000001ddb6269390 JavaThread "Execution worker Thread 8"         [_thread_blocked, id=20024, stack(0x0000003883900000,0x0000003883a00000) (1024K)]
  0x000001ddb626baf0 JavaThread "Execution worker Thread 9"         [_thread_blocked, id=8328, stack(0x0000003883a00000,0x0000003883b00000) (1024K)]
  0x000001ddb626c180 JavaThread "Execution worker Thread 10"        [_thread_blocked, id=20556, stack(0x0000003883b00000,0x0000003883c00000) (1024K)]
  0x000001ddb626c810 JavaThread "Execution worker Thread 11"        [_thread_blocked, id=10780, stack(0x0000003883c00000,0x0000003883d00000) (1024K)]
  0x000001ddb626cea0 JavaThread "Execution worker Thread 12"        [_thread_blocked, id=928, stack(0x0000003883d00000,0x0000003883e00000) (1024K)]
  0x000001ddb626d530 JavaThread "Execution worker Thread 13"        [_thread_blocked, id=14148, stack(0x0000003883e00000,0x0000003883f00000) (1024K)]
  0x000001ddb626a0b0 JavaThread "Execution worker Thread 14"        [_thread_blocked, id=1396, stack(0x0000003884000000,0x0000003884100000) (1024K)]
  0x000001ddb626dbc0 JavaThread "Execution worker Thread 15"        [_thread_blocked, id=13884, stack(0x0000003884100000,0x0000003884200000) (1024K)]
  0x000001ddb28d6e40 JavaThread "Cache worker for execution history cache (C:\Users\herna\Documents\Escuela\Nativas\Tareas\Calculadora\.gradle\8.9\executionHistory)"        [_thread_blocked, id=22148, stack(0x0000003884200000,0x0000003884300000) (1024K)]
  0x000001ddb28d5a90 JavaThread "Unconstrained build operations Thread 31"        [_thread_blocked, id=4764, stack(0x0000003884300000,0x0000003884400000) (1024K)]
  0x000001ddb28d6120 JavaThread "Unconstrained build operations Thread 32"        [_thread_blocked, id=8564, stack(0x0000003884400000,0x0000003884500000) (1024K)]
  0x000001ddb28d67b0 JavaThread "Unconstrained build operations Thread 33"        [_thread_blocked, id=13404, stack(0x0000003884500000,0x0000003884600000) (1024K)]
  0x000001ddb28d74d0 JavaThread "Unconstrained build operations Thread 34"        [_thread_blocked, id=24656, stack(0x0000003884600000,0x0000003884700000) (1024K)]
  0x000001ddb28d7b60 JavaThread "Unconstrained build operations Thread 35"        [_thread_blocked, id=21916, stack(0x0000003884700000,0x0000003884800000) (1024K)]
  0x000001ddb28d8880 JavaThread "Unconstrained build operations Thread 36"        [_thread_blocked, id=21244, stack(0x0000003884800000,0x0000003884900000) (1024K)]
  0x000001ddb28d5400 JavaThread "Unconstrained build operations Thread 37"        [_thread_blocked, id=10216, stack(0x0000003884900000,0x0000003884a00000) (1024K)]
  0x000001ddb28dbd00 JavaThread "Unconstrained build operations Thread 38"        [_thread_blocked, id=22512, stack(0x0000003884a00000,0x0000003884b00000) (1024K)]
  0x000001ddb28d8f10 JavaThread "Unconstrained build operations Thread 39"        [_thread_blocked, id=17892, stack(0x0000003884b00000,0x0000003884c00000) (1024K)]
  0x000001ddb28d95a0 JavaThread "Unconstrained build operations Thread 40"        [_thread_blocked, id=11684, stack(0x0000003884c00000,0x0000003884d00000) (1024K)]
  0x000001ddb28da950 JavaThread "Unconstrained build operations Thread 41"        [_thread_blocked, id=2596, stack(0x0000003884d00000,0x0000003884e00000) (1024K)]
  0x000001ddb28dca20 JavaThread "Unconstrained build operations Thread 42"        [_thread_blocked, id=14044, stack(0x0000003884e00000,0x0000003884f00000) (1024K)]
  0x000001ddb28dd740 JavaThread "Unconstrained build operations Thread 43"        [_thread_blocked, id=7160, stack(0x0000003884f00000,0x0000003885000000) (1024K)]
  0x000001ddb28da2c0 JavaThread "Unconstrained build operations Thread 44"        [_thread_blocked, id=10472, stack(0x0000003885000000,0x0000003885100000) (1024K)]
  0x000001ddb28deaf0 JavaThread "Unconstrained build operations Thread 45"        [_thread_blocked, id=18280, stack(0x0000003885100000,0x0000003885200000) (1024K)]
  0x000001ddb28de460 JavaThread "WorkerExecutor Queue"              [_thread_blocked, id=18076, stack(0x0000003885400000,0x0000003885500000) (1024K)]
  0x000001ddb28df810 JavaThread "Unconstrained build operations Thread 46"        [_thread_blocked, id=4384, stack(0x0000003885500000,0x0000003885600000) (1024K)]
  0x000001ddb28dfea0 JavaThread "Unconstrained build operations Thread 47"        [_thread_blocked, id=6908, stack(0x0000003885600000,0x0000003885700000) (1024K)]
  0x000001ddb28e0530 JavaThread "Unconstrained build operations Thread 48"        [_thread_blocked, id=16468, stack(0x0000003885700000,0x0000003885800000) (1024K)]
  0x000001ddb28dd0b0 JavaThread "Unconstrained build operations Thread 49"        [_thread_blocked, id=20584, stack(0x0000003885800000,0x0000003885900000) (1024K)]
  0x000001ddb28e1250 JavaThread "Unconstrained build operations Thread 50"        [_thread_blocked, id=3056, stack(0x0000003885900000,0x0000003885a00000) (1024K)]
  0x000001ddb28dddd0 JavaThread "Unconstrained build operations Thread 51"        [_thread_blocked, id=20152, stack(0x0000003885a00000,0x0000003885b00000) (1024K)]
  0x000001ddb28e18e0 JavaThread "Unconstrained build operations Thread 52"        [_thread_blocked, id=24076, stack(0x0000003885b00000,0x0000003885c00000) (1024K)]
  0x000001ddb28e1f70 JavaThread "Unconstrained build operations Thread 53"        [_thread_blocked, id=25572, stack(0x0000003885c00000,0x0000003885d00000) (1024K)]
  0x000001ddb28e2600 JavaThread "Unconstrained build operations Thread 54"        [_thread_blocked, id=9556, stack(0x0000003885d00000,0x0000003885e00000) (1024K)]
  0x000001ddb28e2c90 JavaThread "Unconstrained build operations Thread 55"        [_thread_blocked, id=12164, stack(0x0000003885e00000,0x0000003885f00000) (1024K)]
  0x000001ddb28e39b0 JavaThread "Unconstrained build operations Thread 56"        [_thread_blocked, id=14040, stack(0x0000003885f00000,0x0000003886000000) (1024K)]
  0x000001ddb28e3320 JavaThread "Unconstrained build operations Thread 57"        [_thread_blocked, id=26400, stack(0x0000003886000000,0x0000003886100000) (1024K)]
  0x000001ddb28e4040 JavaThread "Unconstrained build operations Thread 58"        [_thread_blocked, id=25804, stack(0x0000003886100000,0x0000003886200000) (1024K)]
  0x000001ddb28e46d0 JavaThread "Unconstrained build operations Thread 59"        [_thread_blocked, id=13924, stack(0x0000003886200000,0x0000003886300000) (1024K)]
  0x000001ddaf4d4730 JavaThread "Unconstrained build operations Thread 60"        [_thread_blocked, id=19108, stack(0x0000003886300000,0x0000003886400000) (1024K)]
  0x000001ddaf4d3380 JavaThread "WorkerExecutor Queue Thread 3"        [_thread_blocked, id=23944, stack(0x0000003886600000,0x0000003886700000) (1024K)]
  0x000001ddaf4d6e90 JavaThread "WorkerExecutor Queue Thread 4"        [_thread_blocked, id=25100, stack(0x0000003886700000,0x0000003886800000) (1024K)]
  0x000001ddaf4d7520 JavaThread "WorkerExecutor Queue Thread 6"        [_thread_blocked, id=18496, stack(0x0000003886900000,0x0000003886a00000) (1024K)]
  0x000001ddaf4d40a0 JavaThread "WorkerExecutor Queue Thread 7"        [_thread_blocked, id=18392, stack(0x0000003886b00000,0x0000003886c00000) (1024K)]
  0x000001ddaf4d88d0 JavaThread "WorkerExecutor Queue Thread 8"        [_thread_blocked, id=20580, stack(0x0000003886c00000,0x0000003886d00000) (1024K)]
  0x000001ddaf4d8f60 JavaThread "WorkerExecutor Queue Thread 9"        [_thread_blocked, id=20588, stack(0x0000003886d00000,0x0000003886e00000) (1024K)]
  0x000001ddaf4d95f0 JavaThread "WorkerExecutor Queue Thread 10"        [_thread_blocked, id=14752, stack(0x0000003886e00000,0x0000003886f00000) (1024K)]
  0x000001ddaf4d9c80 JavaThread "WorkerExecutor Queue Thread 11"        [_thread_blocked, id=16416, stack(0x0000003886f00000,0x0000003887000000) (1024K)]
  0x000001ddadbedf00 JavaThread "WorkerExecutor Queue Thread 12"        [_thread_blocked, id=26616, stack(0x0000003887000000,0x0000003887100000) (1024K)]
  0x000001ddadbed1e0 JavaThread "WorkerExecutor Queue Thread 13"        [_thread_blocked, id=11852, stack(0x0000003887100000,0x0000003887200000) (1024K)]
  0x000001ddadbef2b0 JavaThread "WorkerExecutor Queue Thread 14"        [_thread_blocked, id=11328, stack(0x0000003887200000,0x0000003887300000) (1024K)]
  0x000001ddadbef940 JavaThread "WorkerExecutor Queue Thread 15"        [_thread_blocked, id=7740, stack(0x0000003887300000,0x0000003887400000) (1024K)]
  0x000001ddadbeffd0 JavaThread "WorkerExecutor Queue Thread 16"        [_thread_blocked, id=24308, stack(0x0000003887400000,0x0000003887500000) (1024K)]
  0x000001ddadbecb50 JavaThread "Unconstrained build operations Thread 61"        [_thread_blocked, id=3024, stack(0x0000003887600000,0x0000003887700000) (1024K)]
  0x000001ddadbf0660 JavaThread "Unconstrained build operations Thread 62"        [_thread_blocked, id=13724, stack(0x0000003886a00000,0x0000003886b00000) (1024K)]
  0x000001ddadbf0cf0 JavaThread "Unconstrained build operations Thread 63"        [_thread_blocked, id=2292, stack(0x0000003887700000,0x0000003887800000) (1024K)]
  0x000001ddadbf2730 JavaThread "Unconstrained build operations Thread 64"        [_thread_blocked, id=8696, stack(0x0000003887800000,0x0000003887900000) (1024K)]
  0x000001ddadbf1a10 JavaThread "Unconstrained build operations Thread 65"        [_thread_blocked, id=25512, stack(0x0000003887900000,0x0000003887a00000) (1024K)]
  0x000001ddadbf1380 JavaThread "Unconstrained build operations Thread 66"        [_thread_blocked, id=17564, stack(0x0000003887a00000,0x0000003887b00000) (1024K)]
  0x000001ddadbf2dc0 JavaThread "Unconstrained build operations Thread 67"        [_thread_blocked, id=17668, stack(0x0000003887b00000,0x0000003887c00000) (1024K)]
  0x000001ddadbf3450 JavaThread "Unconstrained build operations Thread 68"        [_thread_blocked, id=21968, stack(0x0000003887c00000,0x0000003887d00000) (1024K)]
  0x000001ddac4868f0 JavaThread "Unconstrained build operations Thread 69"        [_thread_blocked, id=7148, stack(0x0000003887d00000,0x0000003887e00000) (1024K)]
  0x000001ddac484eb0 JavaThread "Unconstrained build operations Thread 70"        [_thread_blocked, id=1912, stack(0x0000003887e00000,0x0000003887f00000) (1024K)]
  0x000001ddac485540 JavaThread "Unconstrained build operations Thread 71"        [_thread_blocked, id=22852, stack(0x0000003888000000,0x0000003888100000) (1024K)]
  0x000001ddac486f80 JavaThread "Unconstrained build operations Thread 72"        [_thread_blocked, id=17092, stack(0x0000003888100000,0x0000003888200000) (1024K)]
  0x000001ddac483b00 JavaThread "Unconstrained build operations Thread 73"        [_thread_blocked, id=23276, stack(0x0000003888300000,0x0000003888400000) (1024K)]
  0x000001ddac48aa90 JavaThread "Unconstrained build operations Thread 74"        [_thread_blocked, id=25072, stack(0x0000003888400000,0x0000003888500000) (1024K)]
  0x000001ddac48a400 JavaThread "Unconstrained build operations Thread 75"        [_thread_blocked, id=8040, stack(0x0000003888500000,0x0000003888600000) (1024K)]
  0x000001ddac487610 JavaThread "Unconstrained build operations Thread 76"        [_thread_blocked, id=20772, stack(0x0000003888600000,0x0000003888700000) (1024K)]
  0x000001ddac488330 JavaThread "Unconstrained build operations Thread 77"        [_thread_blocked, id=13284, stack(0x0000003888700000,0x0000003888800000) (1024K)]
  0x000001ddb0d29e50 JavaThread "Unconstrained build operations Thread 78"        [_thread_blocked, id=20744, stack(0x0000003888800000,0x0000003888900000) (1024K)]
  0x000001ddb0d2ab70 JavaThread "Unconstrained build operations Thread 79"        [_thread_blocked, id=9956, stack(0x0000003888900000,0x0000003888a00000) (1024K)]
  0x000001ddb0d2b200 JavaThread "Unconstrained build operations Thread 80"        [_thread_blocked, id=22936, stack(0x0000003888a00000,0x0000003888b00000) (1024K)]
  0x000001ddb0d27d80 JavaThread "Unconstrained build operations Thread 81"        [_thread_blocked, id=9540, stack(0x0000003888b00000,0x0000003888c00000) (1024K)]
  0x000001ddb0d28410 JavaThread "Unconstrained build operations Thread 82"        [_thread_blocked, id=23848, stack(0x0000003888e00000,0x0000003888f00000) (1024K)]
  0x000001ddb0d2e680 JavaThread "Unconstrained build operations Thread 83"        [_thread_blocked, id=5668, stack(0x0000003888f00000,0x0000003889000000) (1024K)]
  0x000001ddb0d2d960 JavaThread "Unconstrained build operations Thread 84"        [_thread_blocked, id=11856, stack(0x0000003889000000,0x0000003889100000) (1024K)]
  0x000001ddb0d2ed10 JavaThread "Unconstrained build operations Thread 85"        [_thread_blocked, id=24492, stack(0x0000003889100000,0x0000003889200000) (1024K)]
  0x000001ddb0d2cc40 JavaThread "Unconstrained build operations Thread 86"        [_thread_blocked, id=1556, stack(0x0000003889200000,0x0000003889300000) (1024K)]
  0x000001ddb0d2bf20 JavaThread "Unconstrained build operations Thread 87"        [_thread_blocked, id=8848, stack(0x0000003889300000,0x0000003889400000) (1024K)]
  0x000001ddb0d2d2d0 JavaThread "Unconstrained build operations Thread 88"        [_thread_blocked, id=15264, stack(0x0000003889400000,0x0000003889500000) (1024K)]
  0x000001ddb0d2b890 JavaThread "Unconstrained build operations Thread 89"        [_thread_blocked, id=21272, stack(0x0000003889500000,0x0000003889600000) (1024K)]
  0x000001ddb0d2f3a0 JavaThread "Unconstrained build operations Thread 90"        [_thread_blocked, id=17904, stack(0x0000003889600000,0x0000003889700000) (1024K)]
  0x000001ddb0d2dff0 JavaThread "Unconstrained build operations Thread 91"        [_thread_blocked, id=18172, stack(0x0000003889700000,0x0000003889800000) (1024K)]
  0x000001ddb0d33bd0 JavaThread "Unconstrained build operations Thread 92"        [_thread_blocked, id=22732, stack(0x0000003886400000,0x0000003886500000) (1024K)]
  0x000001ddb0d32eb0 JavaThread "Unconstrained build operations Thread 93"        [_thread_blocked, id=20968, stack(0x0000003889800000,0x0000003889900000) (1024K)]
  0x000001ddb0d31b00 JavaThread "Unconstrained build operations Thread 94"        [_thread_blocked, id=21844, stack(0x0000003889900000,0x0000003889a00000) (1024K)]
  0x000001ddb0d30750 JavaThread "Unconstrained build operations Thread 95"        [_thread_blocked, id=10920, stack(0x0000003889a00000,0x0000003889b00000) (1024K)]
  0x000001ddb0d32190 JavaThread "Unconstrained build operations Thread 96"        [_thread_blocked, id=24428, stack(0x0000003889b00000,0x0000003889c00000) (1024K)]
  0x000001ddb0d32820 JavaThread "Unconstrained build operations Thread 97"        [_thread_blocked, id=21148, stack(0x0000003889c00000,0x0000003889d00000) (1024K)]
  0x000001ddb0d34260 JavaThread "Unconstrained build operations Thread 98"        [_thread_blocked, id=25984, stack(0x0000003889d00000,0x0000003889e00000) (1024K)]
  0x000001ddb0d30de0 JavaThread "Unconstrained build operations Thread 99"        [_thread_blocked, id=7252, stack(0x0000003889e00000,0x0000003889f00000) (1024K)]
  0x000001ddb0d348f0 JavaThread "Unconstrained build operations Thread 100"        [_thread_blocked, id=8836, stack(0x0000003889f00000,0x000000388a000000) (1024K)]
  0x000001ddb0d369c0 JavaThread "Unconstrained build operations Thread 101"        [_thread_blocked, id=7824, stack(0x000000388a000000,0x000000388a100000) (1024K)]
  0x000001ddb0d35610 JavaThread "Unconstrained build operations Thread 102"        [_thread_blocked, id=12720, stack(0x000000388a100000,0x000000388a200000) (1024K)]
  0x000001ddb0d35ca0 JavaThread "Unconstrained build operations Thread 103"        [_thread_blocked, id=14892, stack(0x000000388a200000,0x000000388a300000) (1024K)]
  0x000001ddb0d36330 JavaThread "Unconstrained build operations Thread 104"        [_thread_blocked, id=26480, stack(0x000000388a300000,0x000000388a400000) (1024K)]
  0x000001ddc55b8fb0 JavaThread "Unconstrained build operations Thread 105"        [_thread_blocked, id=8000, stack(0x000000388a400000,0x000000388a500000) (1024K)]
  0x000001ddc55ba360 JavaThread "Unconstrained build operations Thread 106"        [_thread_blocked, id=1768, stack(0x000000388a500000,0x000000388a600000) (1024K)]
  0x000001ddc55b7c00 JavaThread "WorkerExecutor Queue Thread 17"        [_thread_blocked, id=2976, stack(0x000000388a600000,0x000000388a700000) (1024K)]
  0x000001ddc55b9cd0 JavaThread "Unconstrained build operations Thread 107"        [_thread_blocked, id=11260, stack(0x000000388a700000,0x000000388a800000) (1024K)]
  0x000001ddc55ba9f0 JavaThread "Unconstrained build operations Thread 108"        [_thread_blocked, id=9928, stack(0x000000388a800000,0x000000388a900000) (1024K)]
  0x000001ddc55b6ee0 JavaThread "Unconstrained build operations Thread 109"        [_thread_blocked, id=22028, stack(0x000000388a900000,0x000000388aa00000) (1024K)]
  0x000001ddc559e520 JavaThread "Unconstrained build operations Thread 110"        [_thread_blocked, id=24588, stack(0x000000388aa00000,0x000000388ab00000) (1024K)]
  0x000001ddc559bdc0 JavaThread "Unconstrained build operations Thread 111"        [_thread_blocked, id=16572, stack(0x000000388ab00000,0x000000388ac00000) (1024K)]
  0x000001ddc559cae0 JavaThread "Unconstrained build operations Thread 112"        [_thread_blocked, id=864, stack(0x000000388ac00000,0x000000388ad00000) (1024K)]
  0x000001ddc55a4100 JavaThread "Unconstrained build operations Thread 113"        [_thread_blocked, id=22796, stack(0x000000388ad00000,0x000000388ae00000) (1024K)]
  0x000001ddc55af8c0 JavaThread "Unconstrained build operations Thread 114"        [_thread_blocked, id=23376, stack(0x000000388ae00000,0x000000388af00000) (1024K)]
  0x000001ddb6260330 JavaThread "Unconstrained build operations Thread 115"        [_thread_blocked, id=9372, stack(0x000000388af00000,0x000000388b000000) (1024K)]
  0x000001ddb6261d70 JavaThread "Unconstrained build operations Thread 116"        [_thread_blocked, id=18768, stack(0x000000388b000000,0x000000388b100000) (1024K)]
  0x000001ddb6261050 JavaThread "Unconstrained build operations Thread 117"        [_thread_blocked, id=20400, stack(0x000000388b100000,0x000000388b200000) (1024K)]
  0x000001ddb625e8f0 JavaThread "Unconstrained build operations Thread 118"        [_thread_blocked, id=10080, stack(0x000000388b200000,0x000000388b300000) (1024K)]
  0x000001ddb6263120 JavaThread "Unconstrained build operations Thread 119"        [_thread_blocked, id=21872, stack(0x000000388b300000,0x000000388b400000) (1024K)]
  0x000001ddb625fca0 JavaThread "Unconstrained build operations Thread 120"        [_thread_blocked, id=19120, stack(0x000000388b400000,0x000000388b500000) (1024K)]
  0x000001ddb62609c0 JavaThread "Unconstrained build operations Thread 121"        [_thread_blocked, id=17368, stack(0x000000388b500000,0x000000388b600000) (1024K)]
  0x000001ddb62616e0 JavaThread "Unconstrained build operations Thread 122"        [_thread_blocked, id=8064, stack(0x0000003880e00000,0x0000003880f00000) (1024K)]
  0x000001ddb6267fe0 JavaThread "Unconstrained build operations Thread 123"        [_thread_blocked, id=5264, stack(0x0000003880f00000,0x0000003881000000) (1024K)]
  0x000001ddb6265f10 JavaThread "Unconstrained build operations Thread 124"        [_thread_blocked, id=20420, stack(0x0000003881000000,0x0000003881100000) (1024K)]
  0x000001ddb6267950 JavaThread "Unconstrained build operations Thread 125"        [_thread_blocked, id=304, stack(0x0000003885300000,0x0000003885400000) (1024K)]
  0x000001ddb62665a0 JavaThread "Unconstrained build operations Thread 126"        [_thread_blocked, id=2544, stack(0x000000388b600000,0x000000388b700000) (1024K)]
  0x000001ddaf96e3e0 JavaThread "Unconstrained build operations Thread 127"        [_thread_blocked, id=25480, stack(0x000000388b700000,0x000000388b800000) (1024K)]
  0x000001ddaf96f790 JavaThread "Unconstrained build operations Thread 128"        [_thread_blocked, id=17104, stack(0x000000388b800000,0x000000388b900000) (1024K)]
  0x000001ddaf975370 JavaThread "Unconstrained build operations Thread 129"        [_thread_blocked, id=14568, stack(0x000000388b900000,0x000000388ba00000) (1024K)]
  0x000001ddaf975a00 JavaThread "Unconstrained build operations Thread 130"        [_thread_blocked, id=15764, stack(0x000000388ba00000,0x000000388bb00000) (1024K)]
  0x000001ddaf976090 JavaThread "Unconstrained build operations Thread 131"        [_thread_blocked, id=2040, stack(0x000000388bb00000,0x000000388bc00000) (1024K)]
  0x000001ddaf973930 JavaThread "Unconstrained build operations Thread 132"        [_thread_blocked, id=13332, stack(0x000000388bc00000,0x000000388bd00000) (1024K)]
  0x000001ddaf97a230 JavaThread "Unconstrained build operations Thread 133"        [_thread_blocked, id=9184, stack(0x000000388bd00000,0x000000388be00000) (1024K)]
  0x000001ddad74a1e0 JavaThread "Unconstrained build operations Thread 134"        [_thread_blocked, id=8068, stack(0x000000388be00000,0x000000388bf00000) (1024K)]
  0x000001ddad7494c0 JavaThread "Unconstrained build operations Thread 135"        [_thread_blocked, id=23744, stack(0x000000388bf00000,0x000000388c000000) (1024K)]
  0x000001ddad747a80 JavaThread "Unconstrained build operations Thread 136"        [_thread_blocked, id=3476, stack(0x000000388c000000,0x000000388c100000) (1024K)]
  0x000001ddad7487a0 JavaThread "Unconstrained build operations Thread 137"        [_thread_blocked, id=25872, stack(0x0000003885200000,0x0000003885300000) (1024K)]
  0x000001ddad74cfd0 JavaThread "Unconstrained build operations Thread 138"        [_thread_blocked, id=476, stack(0x000000388c100000,0x000000388c200000) (1024K)]
  0x000001ddad749b50 JavaThread "Unconstrained build operations Thread 139"        [_thread_blocked, id=6612, stack(0x000000388c200000,0x000000388c300000) (1024K)]
  0x000001ddb4e5bfa0 JavaThread "Unconstrained build operations Thread 140"        [_thread_blocked, id=5448, stack(0x000000388c300000,0x000000388c400000) (1024K)]
  0x000001ddb4e5e700 JavaThread "Unconstrained build operations Thread 141"        [_thread_blocked, id=7816, stack(0x000000388c400000,0x000000388c500000) (1024K)]
  0x000001ddb4e5b910 JavaThread "Unconstrained build operations Thread 142"        [_thread_blocked, id=25232, stack(0x000000388c500000,0x000000388c600000) (1024K)]
  0x000001ddb4e61b80 JavaThread "Unconstrained build operations Thread 143"        [_thread_blocked, id=16220, stack(0x000000388c600000,0x000000388c700000) (1024K)]
  0x000001ddb0d300c0 JavaThread "Unconstrained build operations Thread 144"        [_thread_blocked, id=26292, stack(0x000000388c700000,0x000000388c800000) (1024K)]
  0x000001ddb0d34f80 JavaThread "Unconstrained build operations Thread 145"        [_thread_blocked, id=15244, stack(0x000000388c800000,0x000000388c900000) (1024K)]
  0x000001ddb0d33540 JavaThread "Unconstrained build operations Thread 146"        [_thread_blocked, id=24832, stack(0x000000388c900000,0x000000388ca00000) (1024K)]
  0x000001ddc55b6850 JavaThread "Unconstrained build operations Thread 147"        [_thread_blocked, id=25288, stack(0x000000388ca00000,0x000000388cb00000) (1024K)]
  0x000001ddc55af230 JavaThread "Unconstrained build operations Thread 148"        [_thread_blocked, id=10032, stack(0x000000388cb00000,0x000000388cc00000) (1024K)]
  0x000001ddc55ae510 JavaThread "Unconstrained build operations Thread 149"        [_thread_blocked, id=26072, stack(0x000000388cc00000,0x000000388cd00000) (1024K)]
=>0x000001ddabd72300 JavaThread "Unconstrained build operations Thread 150"        [_thread_in_vm, id=12452, stack(0x000000388cd00000,0x000000388ce00000) (1024K)]
  0x000001ddabd743d0 JavaThread "Unconstrained build operations Thread 151"        [_thread_blocked, id=3100, stack(0x000000388ce00000,0x000000388cf00000) (1024K)]
  0x000001ddb09b6e00 JavaThread "C1 CompilerThread1"         daemon [_thread_blocked, id=14540, stack(0x000000388cf00000,0x000000388d000000) (1024K)]
  0x000001ddb09b74d0 JavaThread "C1 CompilerThread2"         daemon [_thread_blocked, id=9004, stack(0x000000388d000000,0x000000388d100000) (1024K)]
  0x000001ddb440af50 JavaThread "C2 CompilerThread1"         daemon [_thread_blocked, id=18108, stack(0x0000003880800000,0x0000003880900000) (1024K)]
  0x000001ddc70b1d80 JavaThread "C2 CompilerThread2"         daemon [_thread_blocked, id=17276, stack(0x0000003880c00000,0x0000003880d00000) (1024K)]
  0x000001ddc552de30 JavaThread "C2 CompilerThread3"         daemon [_thread_blocked, id=15820, stack(0x0000003880d00000,0x0000003880e00000) (1024K)]
  0x000001ddc552b550 JavaThread "C2 CompilerThread4"         daemon [_thread_blocked, id=25536, stack(0x0000003886500000,0x0000003886600000) (1024K)]
  0x000001ddc70b2b20 JavaThread "C2 CompilerThread5"         daemon [_thread_blocked, id=25576, stack(0x000000388d100000,0x000000388d200000) (1024K)]
Total: 242

Other Threads:
  0x000001dda633abc0 VMThread "VM Thread"                           [id=7368, stack(0x00000038f9100000,0x00000038f9200000) (1024K)] _threads_hazard_ptr=0x000001ddc4922c60
  0x000001dda62d19e0 WatcherThread "VM Periodic Task Thread"        [id=1308, stack(0x00000038f9000000,0x00000038f9100000) (1024K)]
  0x000001dd8d8ed610 WorkerThread "GC Thread#0"                     [id=15296, stack(0x00000038f8b00000,0x00000038f8c00000) (1024K)]
  0x000001ddab621c30 WorkerThread "GC Thread#1"                     [id=26184, stack(0x00000038fa000000,0x00000038fa100000) (1024K)]
  0x000001ddab99f140 WorkerThread "GC Thread#2"                     [id=18828, stack(0x00000038fa100000,0x00000038fa200000) (1024K)]
  0x000001ddab55adc0 WorkerThread "GC Thread#3"                     [id=22004, stack(0x00000038fa200000,0x00000038fa300000) (1024K)]
  0x000001ddaba1ab90 WorkerThread "GC Thread#4"                     [id=1884, stack(0x00000038fa300000,0x00000038fa400000) (1024K)]
  0x000001ddacfb0e90 WorkerThread "GC Thread#5"                     [id=23572, stack(0x00000038fae00000,0x00000038faf00000) (1024K)]
  0x000001ddacfb1230 WorkerThread "GC Thread#6"                     [id=7528, stack(0x00000038faf00000,0x00000038fb000000) (1024K)]
  0x000001ddacfb15d0 WorkerThread "GC Thread#7"                     [id=25452, stack(0x00000038fb000000,0x00000038fb100000) (1024K)]
  0x000001ddacfb2840 WorkerThread "GC Thread#8"                     [id=15712, stack(0x00000038fb100000,0x00000038fb200000) (1024K)]
  0x000001ddacfb2100 WorkerThread "GC Thread#9"                     [id=25140, stack(0x00000038fb200000,0x00000038fb300000) (1024K)]
  0x000001ddacfb24a0 WorkerThread "GC Thread#10"                    [id=508, stack(0x00000038fb300000,0x00000038fb400000) (1024K)]
  0x000001ddacfb1d60 WorkerThread "GC Thread#11"                    [id=22120, stack(0x00000038fb400000,0x00000038fb500000) (1024K)]
  0x000001ddacfb3320 WorkerThread "GC Thread#12"                    [id=14536, stack(0x00000038fb500000,0x00000038fb600000) (1024K)]
  0x000001dd8d8f64e0 ConcurrentGCThread "G1 Main Marker"            [id=21388, stack(0x00000038f8c00000,0x00000038f8d00000) (1024K)]
  0x000001dd8d8f6ef0 WorkerThread "G1 Conc#0"                       [id=18764, stack(0x00000038f8d00000,0x00000038f8e00000) (1024K)]
  0x000001ddacfb2be0 WorkerThread "G1 Conc#1"                       [id=16620, stack(0x00000038fb600000,0x00000038fb700000) (1024K)]
  0x000001ddacfb2f80 WorkerThread "G1 Conc#2"                       [id=23188, stack(0x00000038fb700000,0x00000038fb800000) (1024K)]
  0x000001dda6172670 ConcurrentGCThread "G1 Refine#0"               [id=7080, stack(0x00000038f8e00000,0x00000038f8f00000) (1024K)]
  0x000001dda6172e90 ConcurrentGCThread "G1 Service"                [id=1528, stack(0x00000038f8f00000,0x00000038f9000000) (1024K)]
Total: 21

Threads with active compile tasks:
Total: 0

VM state: synchronizing (normal execution)

VM Mutex/Monitor currently owned by a thread:  ([mutex/lock_event])
[0x00007ff88cf1d360] Threads_lock - owner thread: 0x000001dda633abc0
[0x00007ff88cf1d460] Heap_lock - owner thread: 0x000001dd8d8f64e0

Heap address: 0x0000000080000000, size: 2048 MB, Compressed Oops mode: 32-bit

CDS archive(s) not mapped
Compressed class space mapped at: 0x0000000100000000-0x0000000140000000, reserved size: 1073741824
Narrow klass base: 0x0000000000000000, Narrow klass shift: 3, Narrow klass range: 0x140000000

GC Precious Log:
 CardTable entry size: 512
 Card Set container configuration: InlinePtr #cards 5 size 8 Array Of Cards #cards 12 size 40 Howl #buckets 4 coarsen threshold 1843 Howl Bitmap #cards 512 size 80 coarsen threshold 460 Card regions per heap region 1 cards per card region 2048
 CPUs: 16 total, 16 available
 Memory: 15711M
 Large Page Support: Disabled
 NUMA Support: Disabled
 Compressed Oops: Enabled (32-bit)
 Heap Region Size: 1M
 Heap Min Capacity: 8M
 Heap Initial Capacity: 246M
 Heap Max Capacity: 2G
 Pre-touch: Disabled
 Parallel Workers: 13
 Concurrent Workers: 3
 Concurrent Refinement Workers: 13
 Periodic GC: Disabled

Heap:
 garbage-first heap   total 1269760K, used 951232K [0x0000000080000000, 0x0000000100000000)
  region size 1024K, 392 young (401408K), 36 survivors (36864K)
 Metaspace       used 248131K, committed 251200K, reserved 1310720K
  class space    used 30789K, committed 32384K, reserved 1048576K

Heap Regions: E=young(eden), S=young(survivor), O=old, HS=humongous(starts), HC=humongous(continues), CS=collection set, F=free, TAMS=top-at-mark-start, PB=parsable bottom
|   0|0x0000000080000000, 0x0000000080100000, 0x0000000080100000|100%|HS|  |TAMS 0x0000000080100000| PB 0x0000000080000000| Complete 
|   1|0x0000000080100000, 0x0000000080200000, 0x0000000080200000|100%|HC|  |TAMS 0x0000000080200000| PB 0x0000000080100000| Complete 
|   2|0x0000000080200000, 0x0000000080300000, 0x0000000080300000|100%|HC|  |TAMS 0x0000000080300000| PB 0x0000000080200000| Complete 
|   3|0x0000000080300000, 0x0000000080400000, 0x0000000080400000|100%|HC|  |TAMS 0x0000000080400000| PB 0x0000000080300000| Complete 
|   4|0x0000000080400000, 0x0000000080500000, 0x0000000080500000|100%| O|  |TAMS 0x0000000080500000| PB 0x0000000080400000| Untracked 
|   5|0x0000000080500000, 0x0000000080600000, 0x0000000080600000|100%| O|  |TAMS 0x0000000080600000| PB 0x0000000080500000| Untracked 
|   6|0x0000000080600000, 0x0000000080700000, 0x0000000080700000|100%| O|  |TAMS 0x0000000080700000| PB 0x0000000080600000| Untracked 
|   7|0x0000000080700000, 0x0000000080800000, 0x0000000080800000|100%| O|  |TAMS 0x0000000080800000| PB 0x0000000080700000| Untracked 
|   8|0x0000000080800000, 0x0000000080900000, 0x0000000080900000|100%| O|  |TAMS 0x0000000080900000| PB 0x0000000080800000| Untracked 
|   9|0x0000000080900000, 0x0000000080a00000, 0x0000000080a00000|100%|HS|  |TAMS 0x0000000080a00000| PB 0x0000000080900000| Complete 
|  10|0x0000000080a00000, 0x0000000080b00000, 0x0000000080b00000|100%|HS|  |TAMS 0x0000000080b00000| PB 0x0000000080a00000| Complete 
|  11|0x0000000080b00000, 0x0000000080c00000, 0x0000000080c00000|100%| O|  |TAMS 0x0000000080c00000| PB 0x0000000080b00000| Untracked 
|  12|0x0000000080c00000, 0x0000000080d00000, 0x0000000080d00000|100%| O|  |TAMS 0x0000000080d00000| PB 0x0000000080c00000| Untracked 
|  13|0x0000000080d00000, 0x0000000080e00000, 0x0000000080e00000|100%| O|  |TAMS 0x0000000080e00000| PB 0x0000000080d00000| Untracked 
|  14|0x0000000080e00000, 0x0000000080f00000, 0x0000000080f00000|100%| O|  |TAMS 0x0000000080f00000| PB 0x0000000080e00000| Untracked 
|  15|0x0000000080f00000, 0x0000000081000000, 0x0000000081000000|100%| O|  |TAMS 0x0000000081000000| PB 0x0000000080f00000| Untracked 
|  16|0x0000000081000000, 0x0000000081100000, 0x0000000081100000|100%| O|  |TAMS 0x0000000081100000| PB 0x0000000081000000| Untracked 
|  17|0x0000000081100000, 0x0000000081200000, 0x0000000081200000|100%| O|  |TAMS 0x0000000081200000| PB 0x0000000081100000| Untracked 
|  18|0x0000000081200000, 0x0000000081300000, 0x0000000081300000|100%| O|  |TAMS 0x0000000081300000| PB 0x0000000081200000| Untracked 
|  19|0x0000000081300000, 0x0000000081400000, 0x0000000081400000|100%| O|  |TAMS 0x0000000081400000| PB 0x0000000081300000| Untracked 
|  20|0x0000000081400000, 0x0000000081500000, 0x0000000081500000|100%| O|  |TAMS 0x0000000081500000| PB 0x0000000081400000| Untracked 
|  21|0x0000000081500000, 0x0000000081600000, 0x0000000081600000|100%|HS|  |TAMS 0x0000000081600000| PB 0x0000000081500000| Complete 
|  22|0x0000000081600000, 0x0000000081700000, 0x0000000081700000|100%|HC|  |TAMS 0x0000000081700000| PB 0x0000000081600000| Complete 
|  23|0x0000000081700000, 0x0000000081800000, 0x0000000081800000|100%|HC|  |TAMS 0x0000000081800000| PB 0x0000000081700000| Complete 
|  24|0x0000000081800000, 0x0000000081900000, 0x0000000081900000|100%|HC|  |TAMS 0x0000000081900000| PB 0x0000000081800000| Complete 
|  25|0x0000000081900000, 0x0000000081a00000, 0x0000000081a00000|100%|HC|  |TAMS 0x0000000081a00000| PB 0x0000000081900000| Complete 
|  26|0x0000000081a00000, 0x0000000081b00000, 0x0000000081b00000|100%|HC|  |TAMS 0x0000000081b00000| PB 0x0000000081a00000| Complete 
|  27|0x0000000081b00000, 0x0000000081c00000, 0x0000000081c00000|100%| O|  |TAMS 0x0000000081c00000| PB 0x0000000081b00000| Untracked 
|  28|0x0000000081c00000, 0x0000000081d00000, 0x0000000081d00000|100%| O|  |TAMS 0x0000000081d00000| PB 0x0000000081c00000| Untracked 
|  29|0x0000000081d00000, 0x0000000081e00000, 0x0000000081e00000|100%| O|  |TAMS 0x0000000081e00000| PB 0x0000000081d00000| Untracked 
|  30|0x0000000081e00000, 0x0000000081f00000, 0x0000000081f00000|100%| O|  |TAMS 0x0000000081f00000| PB 0x0000000081e00000| Untracked 
|  31|0x0000000081f00000, 0x0000000082000000, 0x0000000082000000|100%| O|  |TAMS 0x0000000082000000| PB 0x0000000081f00000| Untracked 
|  32|0x0000000082000000, 0x0000000082100000, 0x0000000082100000|100%| O|  |TAMS 0x0000000082100000| PB 0x0000000082000000| Untracked 
|  33|0x0000000082100000, 0x0000000082200000, 0x0000000082200000|100%| O|  |TAMS 0x0000000082200000| PB 0x0000000082100000| Untracked 
|  34|0x0000000082200000, 0x0000000082300000, 0x0000000082300000|100%|HS|  |TAMS 0x0000000082300000| PB 0x0000000082200000| Complete 
|  35|0x0000000082300000, 0x0000000082400000, 0x0000000082400000|100%|HC|  |TAMS 0x0000000082400000| PB 0x0000000082300000| Complete 
|  36|0x0000000082400000, 0x0000000082500000, 0x0000000082500000|100%|HC|  |TAMS 0x0000000082500000| PB 0x0000000082400000| Complete 
|  37|0x0000000082500000, 0x0000000082600000, 0x0000000082600000|100%|HS|  |TAMS 0x0000000082600000| PB 0x0000000082500000| Complete 
|  38|0x0000000082600000, 0x0000000082700000, 0x0000000082700000|100%|HC|  |TAMS 0x0000000082700000| PB 0x0000000082600000| Complete 
|  39|0x0000000082700000, 0x0000000082800000, 0x0000000082800000|100%| O|  |TAMS 0x0000000082800000| PB 0x0000000082700000| Untracked 
|  40|0x0000000082800000, 0x0000000082900000, 0x0000000082900000|100%| O|  |TAMS 0x0000000082900000| PB 0x0000000082800000| Untracked 
|  41|0x0000000082900000, 0x0000000082a00000, 0x0000000082a00000|100%|HS|  |TAMS 0x0000000082a00000| PB 0x0000000082900000| Complete 
|  42|0x0000000082a00000, 0x0000000082b00000, 0x0000000082b00000|100%|HC|  |TAMS 0x0000000082b00000| PB 0x0000000082a00000| Complete 
|  43|0x0000000082b00000, 0x0000000082c00000, 0x0000000082c00000|100%| O|  |TAMS 0x0000000082c00000| PB 0x0000000082b00000| Untracked 
|  44|0x0000000082c00000, 0x0000000082d00000, 0x0000000082d00000|100%| O|  |TAMS 0x0000000082d00000| PB 0x0000000082c00000| Untracked 
|  45|0x0000000082d00000, 0x0000000082e00000, 0x0000000082e00000|100%| O|  |TAMS 0x0000000082e00000| PB 0x0000000082d00000| Untracked 
|  46|0x0000000082e00000, 0x0000000082f00000, 0x0000000082f00000|100%| O|  |TAMS 0x0000000082f00000| PB 0x0000000082e00000| Untracked 
|  47|0x0000000082f00000, 0x0000000083000000, 0x0000000083000000|100%| O|  |TAMS 0x0000000083000000| PB 0x0000000082f00000| Untracked 
|  48|0x0000000083000000, 0x0000000083100000, 0x0000000083100000|100%| O|  |TAMS 0x0000000083100000| PB 0x0000000083000000| Untracked 
|  49|0x0000000083100000, 0x0000000083200000, 0x0000000083200000|100%| O|  |TAMS 0x0000000083200000| PB 0x0000000083100000| Untracked 
|  50|0x0000000083200000, 0x0000000083300000, 0x0000000083300000|100%| O|  |TAMS 0x0000000083300000| PB 0x0000000083200000| Untracked 
|  51|0x0000000083300000, 0x0000000083400000, 0x0000000083400000|100%| O|  |TAMS 0x0000000083400000| PB 0x0000000083300000| Untracked 
|  52|0x0000000083400000, 0x0000000083500000, 0x0000000083500000|100%|HS|  |TAMS 0x0000000083500000| PB 0x0000000083400000| Complete 
|  53|0x0000000083500000, 0x0000000083600000, 0x0000000083600000|100%|HC|  |TAMS 0x0000000083600000| PB 0x0000000083500000| Complete 
|  54|0x0000000083600000, 0x0000000083700000, 0x0000000083700000|100%|HC|  |TAMS 0x0000000083700000| PB 0x0000000083600000| Complete 
|  55|0x0000000083700000, 0x0000000083800000, 0x0000000083800000|100%|HC|  |TAMS 0x0000000083800000| PB 0x0000000083700000| Complete 
|  56|0x0000000083800000, 0x0000000083900000, 0x0000000083900000|100%|HC|  |TAMS 0x0000000083900000| PB 0x0000000083800000| Complete 
|  57|0x0000000083900000, 0x0000000083a00000, 0x0000000083a00000|100%|HC|  |TAMS 0x0000000083a00000| PB 0x0000000083900000| Complete 
|  58|0x0000000083a00000, 0x0000000083b00000, 0x0000000083b00000|100%| O|  |TAMS 0x0000000083b00000| PB 0x0000000083a00000| Untracked 
|  59|0x0000000083b00000, 0x0000000083c00000, 0x0000000083c00000|100%| O|  |TAMS 0x0000000083c00000| PB 0x0000000083b00000| Untracked 
|  60|0x0000000083c00000, 0x0000000083d00000, 0x0000000083d00000|100%| O|  |TAMS 0x0000000083d00000| PB 0x0000000083c00000| Untracked 
|  61|0x0000000083d00000, 0x0000000083e00000, 0x0000000083e00000|100%| O|  |TAMS 0x0000000083e00000| PB 0x0000000083d00000| Untracked 
|  62|0x0000000083e00000, 0x0000000083f00000, 0x0000000083f00000|100%|HS|  |TAMS 0x0000000083f00000| PB 0x0000000083e00000| Complete 
|  63|0x0000000083f00000, 0x0000000084000000, 0x0000000084000000|100%|HC|  |TAMS 0x0000000084000000| PB 0x0000000083f00000| Complete 
|  64|0x0000000084000000, 0x0000000084100000, 0x0000000084100000|100%|HC|  |TAMS 0x0000000084100000| PB 0x0000000084000000| Complete 
|  65|0x0000000084100000, 0x0000000084200000, 0x0000000084200000|100%|HC|  |TAMS 0x0000000084200000| PB 0x0000000084100000| Complete 
|  66|0x0000000084200000, 0x0000000084300000, 0x0000000084300000|100%|HC|  |TAMS 0x0000000084300000| PB 0x0000000084200000| Complete 
|  67|0x0000000084300000, 0x0000000084400000, 0x0000000084400000|100%|HC|  |TAMS 0x0000000084400000| PB 0x0000000084300000| Complete 
|  68|0x0000000084400000, 0x0000000084500000, 0x0000000084500000|100%| O|  |TAMS 0x0000000084500000| PB 0x0000000084400000| Untracked 
|  69|0x0000000084500000, 0x0000000084600000, 0x0000000084600000|100%| O|  |TAMS 0x0000000084600000| PB 0x0000000084500000| Untracked 
|  70|0x0000000084600000, 0x0000000084700000, 0x0000000084700000|100%| O|  |TAMS 0x0000000084700000| PB 0x0000000084600000| Untracked 
|  71|0x0000000084700000, 0x0000000084800000, 0x0000000084800000|100%| O|  |TAMS 0x0000000084800000| PB 0x0000000084700000| Untracked 
|  72|0x0000000084800000, 0x0000000084900000, 0x0000000084900000|100%| O|  |TAMS 0x0000000084900000| PB 0x0000000084800000| Untracked 
|  73|0x0000000084900000, 0x0000000084a00000, 0x0000000084a00000|100%| O|  |TAMS 0x0000000084a00000| PB 0x0000000084900000| Untracked 
|  74|0x0000000084a00000, 0x0000000084b00000, 0x0000000084b00000|100%| O|  |TAMS 0x0000000084b00000| PB 0x0000000084a00000| Untracked 
|  75|0x0000000084b00000, 0x0000000084c00000, 0x0000000084c00000|100%| O|  |TAMS 0x0000000084c00000| PB 0x0000000084b00000| Untracked 
|  76|0x0000000084c00000, 0x0000000084d00000, 0x0000000084d00000|100%| O|  |TAMS 0x0000000084d00000| PB 0x0000000084c00000| Untracked 
|  77|0x0000000084d00000, 0x0000000084e00000, 0x0000000084e00000|100%| O|  |TAMS 0x0000000084e00000| PB 0x0000000084d00000| Untracked 
|  78|0x0000000084e00000, 0x0000000084f00000, 0x0000000084f00000|100%| O|  |TAMS 0x0000000084f00000| PB 0x0000000084e00000| Untracked 
|  79|0x0000000084f00000, 0x0000000085000000, 0x0000000085000000|100%| O|  |TAMS 0x0000000085000000| PB 0x0000000084f00000| Untracked 
|  80|0x0000000085000000, 0x0000000085100000, 0x0000000085100000|100%| O|  |TAMS 0x0000000085100000| PB 0x0000000085000000| Untracked 
|  81|0x0000000085100000, 0x0000000085200000, 0x0000000085200000|100%| O|  |TAMS 0x0000000085200000| PB 0x0000000085100000| Untracked 
|  82|0x0000000085200000, 0x0000000085300000, 0x0000000085300000|100%| O|  |TAMS 0x0000000085300000| PB 0x0000000085200000| Untracked 
|  83|0x0000000085300000, 0x0000000085400000, 0x0000000085400000|100%| O|  |TAMS 0x0000000085400000| PB 0x0000000085300000| Untracked 
|  84|0x0000000085400000, 0x0000000085500000, 0x0000000085500000|100%| O|  |TAMS 0x0000000085500000| PB 0x0000000085400000| Untracked 
|  85|0x0000000085500000, 0x0000000085600000, 0x0000000085600000|100%| O|  |TAMS 0x0000000085600000| PB 0x0000000085500000| Untracked 
|  86|0x0000000085600000, 0x0000000085700000, 0x0000000085700000|100%| O|  |TAMS 0x0000000085700000| PB 0x0000000085600000| Untracked 
|  87|0x0000000085700000, 0x0000000085800000, 0x0000000085800000|100%| O|  |TAMS 0x0000000085800000| PB 0x0000000085700000| Untracked 
|  88|0x0000000085800000, 0x0000000085900000, 0x0000000085900000|100%| O|  |TAMS 0x0000000085900000| PB 0x0000000085800000| Untracked 
|  89|0x0000000085900000, 0x0000000085a00000, 0x0000000085a00000|100%| O|  |TAMS 0x0000000085a00000| PB 0x0000000085900000| Untracked 
|  90|0x0000000085a00000, 0x0000000085b00000, 0x0000000085b00000|100%| O|  |TAMS 0x0000000085b00000| PB 0x0000000085a00000| Untracked 
|  91|0x0000000085b00000, 0x0000000085c00000, 0x0000000085c00000|100%|HS|  |TAMS 0x0000000085c00000| PB 0x0000000085b00000| Complete 
|  92|0x0000000085c00000, 0x0000000085d00000, 0x0000000085d00000|100%| O|  |TAMS 0x0000000085d00000| PB 0x0000000085c00000| Untracked 
|  93|0x0000000085d00000, 0x0000000085e00000, 0x0000000085e00000|100%| O|  |TAMS 0x0000000085e00000| PB 0x0000000085d00000| Untracked 
|  94|0x0000000085e00000, 0x0000000085f00000, 0x0000000085f00000|100%| O|  |TAMS 0x0000000085f00000| PB 0x0000000085e00000| Untracked 
|  95|0x0000000085f00000, 0x0000000086000000, 0x0000000086000000|100%| O|  |TAMS 0x0000000086000000| PB 0x0000000085f00000| Untracked 
|  96|0x0000000086000000, 0x0000000086000000, 0x0000000086100000|  0%| F|  |TAMS 0x0000000086000000| PB 0x0000000086000000| Untracked 
|  97|0x0000000086100000, 0x0000000086200000, 0x0000000086200000|100%| O|  |TAMS 0x0000000086200000| PB 0x0000000086100000| Untracked 
|  98|0x0000000086200000, 0x0000000086300000, 0x0000000086300000|100%| O|  |TAMS 0x0000000086300000| PB 0x0000000086200000| Untracked 
|  99|0x0000000086300000, 0x0000000086400000, 0x0000000086400000|100%| O|  |TAMS 0x0000000086400000| PB 0x0000000086300000| Untracked 
| 100|0x0000000086400000, 0x0000000086500000, 0x0000000086500000|100%| O|  |TAMS 0x0000000086500000| PB 0x0000000086400000| Untracked 
| 101|0x0000000086500000, 0x0000000086600000, 0x0000000086600000|100%| O|  |TAMS 0x0000000086600000| PB 0x0000000086500000| Untracked 
| 102|0x0000000086600000, 0x0000000086700000, 0x0000000086700000|100%| O|  |TAMS 0x0000000086700000| PB 0x0000000086600000| Untracked 
| 103|0x0000000086700000, 0x0000000086800000, 0x0000000086800000|100%| O|  |TAMS 0x0000000086800000| PB 0x0000000086700000| Untracked 
| 104|0x0000000086800000, 0x0000000086900000, 0x0000000086900000|100%| O|  |TAMS 0x0000000086900000| PB 0x0000000086800000| Untracked 
| 105|0x0000000086900000, 0x0000000086a00000, 0x0000000086a00000|100%| O|  |TAMS 0x0000000086a00000| PB 0x0000000086900000| Untracked 
| 106|0x0000000086a00000, 0x0000000086b00000, 0x0000000086b00000|100%| O|  |TAMS 0x0000000086b00000| PB 0x0000000086a00000| Untracked 
| 107|0x0000000086b00000, 0x0000000086c00000, 0x0000000086c00000|100%| O|  |TAMS 0x0000000086c00000| PB 0x0000000086b00000| Untracked 
| 108|0x0000000086c00000, 0x0000000086d00000, 0x0000000086d00000|100%| O|  |TAMS 0x0000000086d00000| PB 0x0000000086c00000| Untracked 
| 109|0x0000000086d00000, 0x0000000086e00000, 0x0000000086e00000|100%| O|  |TAMS 0x0000000086e00000| PB 0x0000000086d00000| Untracked 
| 110|0x0000000086e00000, 0x0000000086f00000, 0x0000000086f00000|100%| O|  |TAMS 0x0000000086f00000| PB 0x0000000086e00000| Untracked 
| 111|0x0000000086f00000, 0x0000000087000000, 0x0000000087000000|100%| O|  |TAMS 0x0000000087000000| PB 0x0000000086f00000| Untracked 
| 112|0x0000000087000000, 0x0000000087100000, 0x0000000087100000|100%| O|  |TAMS 0x0000000087100000| PB 0x0000000087000000| Untracked 
| 113|0x0000000087100000, 0x0000000087200000, 0x0000000087200000|100%| O|  |TAMS 0x0000000087200000| PB 0x0000000087100000| Untracked 
| 114|0x0000000087200000, 0x0000000087300000, 0x0000000087300000|100%| O|  |TAMS 0x0000000087300000| PB 0x0000000087200000| Untracked 
| 115|0x0000000087300000, 0x0000000087400000, 0x0000000087400000|100%| O|  |TAMS 0x0000000087400000| PB 0x0000000087300000| Untracked 
| 116|0x0000000087400000, 0x0000000087500000, 0x0000000087500000|100%| O|  |TAMS 0x0000000087500000| PB 0x0000000087400000| Untracked 
| 117|0x0000000087500000, 0x0000000087600000, 0x0000000087600000|100%| O|  |TAMS 0x0000000087600000| PB 0x0000000087500000| Untracked 
| 118|0x0000000087600000, 0x0000000087600000, 0x0000000087700000|  0%| F|  |TAMS 0x0000000087600000| PB 0x0000000087600000| Untracked 
| 119|0x0000000087700000, 0x0000000087800000, 0x0000000087800000|100%|HS|  |TAMS 0x0000000087800000| PB 0x0000000087700000| Complete 
| 120|0x0000000087800000, 0x0000000087900000, 0x0000000087900000|100%| O|  |TAMS 0x0000000087900000| PB 0x0000000087800000| Untracked 
| 121|0x0000000087900000, 0x0000000087a00000, 0x0000000087a00000|100%|HS|  |TAMS 0x0000000087a00000| PB 0x0000000087900000| Complete 
| 122|0x0000000087a00000, 0x0000000087b00000, 0x0000000087b00000|100%| O|  |TAMS 0x0000000087b00000| PB 0x0000000087a00000| Untracked 
| 123|0x0000000087b00000, 0x0000000087c00000, 0x0000000087c00000|100%| O|  |TAMS 0x0000000087c00000| PB 0x0000000087b00000| Untracked 
| 124|0x0000000087c00000, 0x0000000087d00000, 0x0000000087d00000|100%| O|  |TAMS 0x0000000087d00000| PB 0x0000000087c00000| Untracked 
| 125|0x0000000087d00000, 0x0000000087e00000, 0x0000000087e00000|100%| O|  |TAMS 0x0000000087e00000| PB 0x0000000087d00000| Untracked 
| 126|0x0000000087e00000, 0x0000000087f00000, 0x0000000087f00000|100%| O|  |TAMS 0x0000000087f00000| PB 0x0000000087e00000| Untracked 
| 127|0x0000000087f00000, 0x0000000088000000, 0x0000000088000000|100%| O|  |TAMS 0x0000000088000000| PB 0x0000000087f00000| Untracked 
| 128|0x0000000088000000, 0x0000000088100000, 0x0000000088100000|100%|HS|  |TAMS 0x0000000088100000| PB 0x0000000088000000| Complete 
| 129|0x0000000088100000, 0x0000000088200000, 0x0000000088200000|100%| O|  |TAMS 0x0000000088200000| PB 0x0000000088100000| Untracked 
| 130|0x0000000088200000, 0x0000000088300000, 0x0000000088300000|100%| O|  |TAMS 0x0000000088300000| PB 0x0000000088200000| Untracked 
| 131|0x0000000088300000, 0x0000000088400000, 0x0000000088400000|100%| O|  |TAMS 0x0000000088400000| PB 0x0000000088300000| Untracked 
| 132|0x0000000088400000, 0x0000000088500000, 0x0000000088500000|100%| O|  |TAMS 0x0000000088500000| PB 0x0000000088400000| Untracked 
| 133|0x0000000088500000, 0x0000000088600000, 0x0000000088600000|100%| O|  |TAMS 0x0000000088600000| PB 0x0000000088500000| Untracked 
| 134|0x0000000088600000, 0x0000000088700000, 0x0000000088700000|100%| O|  |TAMS 0x0000000088700000| PB 0x0000000088600000| Untracked 
| 135|0x0000000088700000, 0x0000000088800000, 0x0000000088800000|100%| O|  |TAMS 0x0000000088800000| PB 0x0000000088700000| Untracked 
| 136|0x0000000088800000, 0x0000000088900000, 0x0000000088900000|100%| O|  |TAMS 0x0000000088900000| PB 0x0000000088800000| Untracked 
| 137|0x0000000088900000, 0x0000000088a00000, 0x0000000088a00000|100%| O|  |TAMS 0x0000000088a00000| PB 0x0000000088900000| Untracked 
| 138|0x0000000088a00000, 0x0000000088b00000, 0x0000000088b00000|100%| O|  |TAMS 0x0000000088b00000| PB 0x0000000088a00000| Untracked 
| 139|0x0000000088b00000, 0x0000000088b00000, 0x0000000088c00000|  0%| F|  |TAMS 0x0000000088b00000| PB 0x0000000088b00000| Untracked 
| 140|0x0000000088c00000, 0x0000000088c00000, 0x0000000088d00000|  0%| F|  |TAMS 0x0000000088c00000| PB 0x0000000088c00000| Untracked 
| 141|0x0000000088d00000, 0x0000000088d00000, 0x0000000088e00000|  0%| F|  |TAMS 0x0000000088d00000| PB 0x0000000088d00000| Untracked 
| 142|0x0000000088e00000, 0x0000000088f00000, 0x0000000088f00000|100%| O|  |TAMS 0x0000000088f00000| PB 0x0000000088e00000| Untracked 
| 143|0x0000000088f00000, 0x0000000089000000, 0x0000000089000000|100%| O|  |TAMS 0x0000000089000000| PB 0x0000000088f00000| Untracked 
| 144|0x0000000089000000, 0x0000000089100000, 0x0000000089100000|100%| O|  |TAMS 0x0000000089100000| PB 0x0000000089000000| Untracked 
| 145|0x0000000089100000, 0x0000000089200000, 0x0000000089200000|100%| O|  |TAMS 0x0000000089200000| PB 0x0000000089100000| Untracked 
| 146|0x0000000089200000, 0x0000000089300000, 0x0000000089300000|100%| O|  |TAMS 0x0000000089300000| PB 0x0000000089200000| Untracked 
| 147|0x0000000089300000, 0x0000000089400000, 0x0000000089400000|100%| O|  |TAMS 0x0000000089400000| PB 0x0000000089300000| Untracked 
| 148|0x0000000089400000, 0x0000000089500000, 0x0000000089500000|100%| O|  |TAMS 0x0000000089500000| PB 0x0000000089400000| Untracked 
| 149|0x0000000089500000, 0x0000000089600000, 0x0000000089600000|100%| O|  |TAMS 0x0000000089600000| PB 0x0000000089500000| Untracked 
| 150|0x0000000089600000, 0x0000000089600000, 0x0000000089700000|  0%| F|  |TAMS 0x0000000089600000| PB 0x0000000089600000| Untracked 
| 151|0x0000000089700000, 0x0000000089700000, 0x0000000089800000|  0%| F|  |TAMS 0x0000000089700000| PB 0x0000000089700000| Untracked 
| 152|0x0000000089800000, 0x0000000089900000, 0x0000000089900000|100%| O|  |TAMS 0x0000000089900000| PB 0x0000000089800000| Untracked 
| 153|0x0000000089900000, 0x0000000089900000, 0x0000000089a00000|  0%| F|  |TAMS 0x0000000089900000| PB 0x0000000089900000| Untracked 
| 154|0x0000000089a00000, 0x0000000089b00000, 0x0000000089b00000|100%| O|  |TAMS 0x0000000089b00000| PB 0x0000000089a00000| Untracked 
| 155|0x0000000089b00000, 0x0000000089b00000, 0x0000000089c00000|  0%| F|  |TAMS 0x0000000089b00000| PB 0x0000000089b00000| Untracked 
| 156|0x0000000089c00000, 0x0000000089d00000, 0x0000000089d00000|100%| O|  |TAMS 0x0000000089d00000| PB 0x0000000089c00000| Untracked 
| 157|0x0000000089d00000, 0x0000000089d00000, 0x0000000089e00000|  0%| F|  |TAMS 0x0000000089d00000| PB 0x0000000089d00000| Untracked 
| 158|0x0000000089e00000, 0x0000000089f00000, 0x0000000089f00000|100%|HS|  |TAMS 0x0000000089f00000| PB 0x0000000089e00000| Complete 
| 159|0x0000000089f00000, 0x000000008a000000, 0x000000008a000000|100%| O|  |TAMS 0x000000008a000000| PB 0x0000000089f00000| Untracked 
| 160|0x000000008a000000, 0x000000008a100000, 0x000000008a100000|100%| O|  |TAMS 0x000000008a100000| PB 0x000000008a000000| Untracked 
| 161|0x000000008a100000, 0x000000008a200000, 0x000000008a200000|100%| O|  |TAMS 0x000000008a200000| PB 0x000000008a100000| Untracked 
| 162|0x000000008a200000, 0x000000008a200000, 0x000000008a300000|  0%| F|  |TAMS 0x000000008a200000| PB 0x000000008a200000| Untracked 
| 163|0x000000008a300000, 0x000000008a400000, 0x000000008a400000|100%| O|  |TAMS 0x000000008a400000| PB 0x000000008a300000| Untracked 
| 164|0x000000008a400000, 0x000000008a500000, 0x000000008a500000|100%| O|  |TAMS 0x000000008a500000| PB 0x000000008a400000| Untracked 
| 165|0x000000008a500000, 0x000000008a600000, 0x000000008a600000|100%| O|  |TAMS 0x000000008a600000| PB 0x000000008a500000| Untracked 
| 166|0x000000008a600000, 0x000000008a700000, 0x000000008a700000|100%| O|  |TAMS 0x000000008a700000| PB 0x000000008a600000| Untracked 
| 167|0x000000008a700000, 0x000000008a800000, 0x000000008a800000|100%| O|  |TAMS 0x000000008a800000| PB 0x000000008a700000| Untracked 
| 168|0x000000008a800000, 0x000000008a900000, 0x000000008a900000|100%| O|  |TAMS 0x000000008a900000| PB 0x000000008a800000| Untracked 
| 169|0x000000008a900000, 0x000000008aa00000, 0x000000008aa00000|100%| O|  |TAMS 0x000000008aa00000| PB 0x000000008a900000| Untracked 
| 170|0x000000008aa00000, 0x000000008ab00000, 0x000000008ab00000|100%| O|  |TAMS 0x000000008ab00000| PB 0x000000008aa00000| Untracked 
| 171|0x000000008ab00000, 0x000000008ab00000, 0x000000008ac00000|  0%| F|  |TAMS 0x000000008ab00000| PB 0x000000008ab00000| Untracked 
| 172|0x000000008ac00000, 0x000000008ac00000, 0x000000008ad00000|  0%| F|  |TAMS 0x000000008ac00000| PB 0x000000008ac00000| Untracked 
| 173|0x000000008ad00000, 0x000000008ae00000, 0x000000008ae00000|100%| O|  |TAMS 0x000000008ae00000| PB 0x000000008ad00000| Untracked 
| 174|0x000000008ae00000, 0x000000008af00000, 0x000000008af00000|100%| O|  |TAMS 0x000000008af00000| PB 0x000000008ae00000| Untracked 
| 175|0x000000008af00000, 0x000000008b000000, 0x000000008b000000|100%| O|  |TAMS 0x000000008b000000| PB 0x000000008af00000| Untracked 
| 176|0x000000008b000000, 0x000000008b100000, 0x000000008b100000|100%| O|  |TAMS 0x000000008b100000| PB 0x000000008b000000| Untracked 
| 177|0x000000008b100000, 0x000000008b200000, 0x000000008b200000|100%| O|  |TAMS 0x000000008b200000| PB 0x000000008b100000| Untracked 
| 178|0x000000008b200000, 0x000000008b300000, 0x000000008b300000|100%|HS|  |TAMS 0x000000008b300000| PB 0x000000008b200000| Complete 
| 179|0x000000008b300000, 0x000000008b400000, 0x000000008b400000|100%| O|  |TAMS 0x000000008b400000| PB 0x000000008b300000| Untracked 
| 180|0x000000008b400000, 0x000000008b500000, 0x000000008b500000|100%| O|  |TAMS 0x000000008b500000| PB 0x000000008b400000| Untracked 
| 181|0x000000008b500000, 0x000000008b600000, 0x000000008b600000|100%|HS|  |TAMS 0x000000008b600000| PB 0x000000008b500000| Complete 
| 182|0x000000008b600000, 0x000000008b700000, 0x000000008b700000|100%|HC|  |TAMS 0x000000008b700000| PB 0x000000008b600000| Complete 
| 183|0x000000008b700000, 0x000000008b800000, 0x000000008b800000|100%|HS|  |TAMS 0x000000008b800000| PB 0x000000008b700000| Complete 
| 184|0x000000008b800000, 0x000000008b900000, 0x000000008b900000|100%| O|  |TAMS 0x000000008b900000| PB 0x000000008b800000| Untracked 
| 185|0x000000008b900000, 0x000000008ba00000, 0x000000008ba00000|100%|HS|  |TAMS 0x000000008ba00000| PB 0x000000008b900000| Complete 
| 186|0x000000008ba00000, 0x000000008bb00000, 0x000000008bb00000|100%| O|  |TAMS 0x000000008bb00000| PB 0x000000008ba00000| Untracked 
| 187|0x000000008bb00000, 0x000000008bc00000, 0x000000008bc00000|100%| O|  |TAMS 0x000000008bc00000| PB 0x000000008bb00000| Untracked 
| 188|0x000000008bc00000, 0x000000008bd00000, 0x000000008bd00000|100%|HS|  |TAMS 0x000000008bd00000| PB 0x000000008bc00000| Complete 
| 189|0x000000008bd00000, 0x000000008be00000, 0x000000008be00000|100%|HS|  |TAMS 0x000000008be00000| PB 0x000000008bd00000| Complete 
| 190|0x000000008be00000, 0x000000008be00000, 0x000000008bf00000|  0%| F|  |TAMS 0x000000008be00000| PB 0x000000008be00000| Untracked 
| 191|0x000000008bf00000, 0x000000008c000000, 0x000000008c000000|100%| O|  |TAMS 0x000000008c000000| PB 0x000000008bf00000| Untracked 
| 192|0x000000008c000000, 0x000000008c000000, 0x000000008c100000|  0%| F|  |TAMS 0x000000008c000000| PB 0x000000008c000000| Untracked 
| 193|0x000000008c100000, 0x000000008c200000, 0x000000008c200000|100%| O|  |TAMS 0x000000008c200000| PB 0x000000008c100000| Untracked 
| 194|0x000000008c200000, 0x000000008c300000, 0x000000008c300000|100%| O|  |TAMS 0x000000008c300000| PB 0x000000008c200000| Untracked 
| 195|0x000000008c300000, 0x000000008c400000, 0x000000008c400000|100%| O|  |TAMS 0x000000008c400000| PB 0x000000008c300000| Untracked 
| 196|0x000000008c400000, 0x000000008c500000, 0x000000008c500000|100%| O|  |TAMS 0x000000008c500000| PB 0x000000008c400000| Untracked 
| 197|0x000000008c500000, 0x000000008c600000, 0x000000008c600000|100%| O|  |TAMS 0x000000008c600000| PB 0x000000008c500000| Untracked 
| 198|0x000000008c600000, 0x000000008c600000, 0x000000008c700000|  0%| F|  |TAMS 0x000000008c600000| PB 0x000000008c600000| Untracked 
| 199|0x000000008c700000, 0x000000008c800000, 0x000000008c800000|100%| O|  |TAMS 0x000000008c800000| PB 0x000000008c700000| Untracked 
| 200|0x000000008c800000, 0x000000008c900000, 0x000000008c900000|100%| O|  |TAMS 0x000000008c900000| PB 0x000000008c800000| Untracked 
| 201|0x000000008c900000, 0x000000008ca00000, 0x000000008ca00000|100%| O|  |TAMS 0x000000008ca00000| PB 0x000000008c900000| Untracked 
| 202|0x000000008ca00000, 0x000000008cb00000, 0x000000008cb00000|100%| O|  |TAMS 0x000000008cb00000| PB 0x000000008ca00000| Untracked 
| 203|0x000000008cb00000, 0x000000008cb00000, 0x000000008cc00000|  0%| F|  |TAMS 0x000000008cb00000| PB 0x000000008cb00000| Untracked 
| 204|0x000000008cc00000, 0x000000008cd00000, 0x000000008cd00000|100%| O|  |TAMS 0x000000008cd00000| PB 0x000000008cc00000| Untracked 
| 205|0x000000008cd00000, 0x000000008ce00000, 0x000000008ce00000|100%| O|  |TAMS 0x000000008ce00000| PB 0x000000008cd00000| Untracked 
| 206|0x000000008ce00000, 0x000000008ce00000, 0x000000008cf00000|  0%| F|  |TAMS 0x000000008ce00000| PB 0x000000008ce00000| Untracked 
| 207|0x000000008cf00000, 0x000000008d000000, 0x000000008d000000|100%| O|  |TAMS 0x000000008d000000| PB 0x000000008cf00000| Untracked 
| 208|0x000000008d000000, 0x000000008d100000, 0x000000008d100000|100%|HS|  |TAMS 0x000000008d100000| PB 0x000000008d000000| Complete 
| 209|0x000000008d100000, 0x000000008d200000, 0x000000008d200000|100%|HS|  |TAMS 0x000000008d200000| PB 0x000000008d100000| Complete 
| 210|0x000000008d200000, 0x000000008d300000, 0x000000008d300000|100%|HC|  |TAMS 0x000000008d300000| PB 0x000000008d200000| Complete 
| 211|0x000000008d300000, 0x000000008d400000, 0x000000008d400000|100%| O|  |TAMS 0x000000008d400000| PB 0x000000008d300000| Untracked 
| 212|0x000000008d400000, 0x000000008d500000, 0x000000008d500000|100%|HS|  |TAMS 0x000000008d500000| PB 0x000000008d400000| Complete 
| 213|0x000000008d500000, 0x000000008d600000, 0x000000008d600000|100%|HC|  |TAMS 0x000000008d600000| PB 0x000000008d500000| Complete 
| 214|0x000000008d600000, 0x000000008d700000, 0x000000008d700000|100%|HC|  |TAMS 0x000000008d700000| PB 0x000000008d600000| Complete 
| 215|0x000000008d700000, 0x000000008d800000, 0x000000008d800000|100%| O|  |TAMS 0x000000008d800000| PB 0x000000008d700000| Untracked 
| 216|0x000000008d800000, 0x000000008d900000, 0x000000008d900000|100%| O|  |TAMS 0x000000008d900000| PB 0x000000008d800000| Untracked 
| 217|0x000000008d900000, 0x000000008da00000, 0x000000008da00000|100%| O|  |TAMS 0x000000008da00000| PB 0x000000008d900000| Untracked 
| 218|0x000000008da00000, 0x000000008db00000, 0x000000008db00000|100%|HS|  |TAMS 0x000000008db00000| PB 0x000000008da00000| Complete 
| 219|0x000000008db00000, 0x000000008dc00000, 0x000000008dc00000|100%|HS|  |TAMS 0x000000008dc00000| PB 0x000000008db00000| Complete 
| 220|0x000000008dc00000, 0x000000008dd00000, 0x000000008dd00000|100%|HC|  |TAMS 0x000000008dd00000| PB 0x000000008dc00000| Complete 
| 221|0x000000008dd00000, 0x000000008de00000, 0x000000008de00000|100%|HC|  |TAMS 0x000000008de00000| PB 0x000000008dd00000| Complete 
| 222|0x000000008de00000, 0x000000008df00000, 0x000000008df00000|100%| O|  |TAMS 0x000000008df00000| PB 0x000000008de00000| Untracked 
| 223|0x000000008df00000, 0x000000008e000000, 0x000000008e000000|100%| O|  |TAMS 0x000000008e000000| PB 0x000000008df00000| Untracked 
| 224|0x000000008e000000, 0x000000008e100000, 0x000000008e100000|100%| O|  |TAMS 0x000000008e100000| PB 0x000000008e000000| Untracked 
| 225|0x000000008e100000, 0x000000008e200000, 0x000000008e200000|100%| O|  |TAMS 0x000000008e200000| PB 0x000000008e100000| Untracked 
| 226|0x000000008e200000, 0x000000008e300000, 0x000000008e300000|100%| O|  |TAMS 0x000000008e300000| PB 0x000000008e200000| Untracked 
| 227|0x000000008e300000, 0x000000008e400000, 0x000000008e400000|100%| O|  |TAMS 0x000000008e400000| PB 0x000000008e300000| Untracked 
| 228|0x000000008e400000, 0x000000008e500000, 0x000000008e500000|100%| O|  |TAMS 0x000000008e500000| PB 0x000000008e400000| Untracked 
| 229|0x000000008e500000, 0x000000008e600000, 0x000000008e600000|100%| O|  |TAMS 0x000000008e600000| PB 0x000000008e500000| Untracked 
| 230|0x000000008e600000, 0x000000008e700000, 0x000000008e700000|100%| O|  |TAMS 0x000000008e700000| PB 0x000000008e600000| Untracked 
| 231|0x000000008e700000, 0x000000008e800000, 0x000000008e800000|100%|HS|  |TAMS 0x000000008e800000| PB 0x000000008e700000| Complete 
| 232|0x000000008e800000, 0x000000008e900000, 0x000000008e900000|100%|HC|  |TAMS 0x000000008e900000| PB 0x000000008e800000| Complete 
| 233|0x000000008e900000, 0x000000008ea00000, 0x000000008ea00000|100%|HS|  |TAMS 0x000000008ea00000| PB 0x000000008e900000| Complete 
| 234|0x000000008ea00000, 0x000000008eb00000, 0x000000008eb00000|100%|HC|  |TAMS 0x000000008eb00000| PB 0x000000008ea00000| Complete 
| 235|0x000000008eb00000, 0x000000008ec00000, 0x000000008ec00000|100%|HC|  |TAMS 0x000000008ec00000| PB 0x000000008eb00000| Complete 
| 236|0x000000008ec00000, 0x000000008ed00000, 0x000000008ed00000|100%|HC|  |TAMS 0x000000008ed00000| PB 0x000000008ec00000| Complete 
| 237|0x000000008ed00000, 0x000000008ee00000, 0x000000008ee00000|100%|HC|  |TAMS 0x000000008ee00000| PB 0x000000008ed00000| Complete 
| 238|0x000000008ee00000, 0x000000008ef00000, 0x000000008ef00000|100%|HC|  |TAMS 0x000000008ef00000| PB 0x000000008ee00000| Complete 
| 239|0x000000008ef00000, 0x000000008f000000, 0x000000008f000000|100%|HS|  |TAMS 0x000000008f000000| PB 0x000000008ef00000| Complete 
| 240|0x000000008f000000, 0x000000008f100000, 0x000000008f100000|100%|HC|  |TAMS 0x000000008f100000| PB 0x000000008f000000| Complete 
| 241|0x000000008f100000, 0x000000008f200000, 0x000000008f200000|100%|HC|  |TAMS 0x000000008f200000| PB 0x000000008f100000| Complete 
| 242|0x000000008f200000, 0x000000008f300000, 0x000000008f300000|100%|HS|  |TAMS 0x000000008f300000| PB 0x000000008f200000| Complete 
| 243|0x000000008f300000, 0x000000008f400000, 0x000000008f400000|100%|HC|  |TAMS 0x000000008f400000| PB 0x000000008f300000| Complete 
| 244|0x000000008f400000, 0x000000008f500000, 0x000000008f500000|100%|HS|  |TAMS 0x000000008f500000| PB 0x000000008f400000| Complete 
| 245|0x000000008f500000, 0x000000008f600000, 0x000000008f600000|100%| O|  |TAMS 0x000000008f600000| PB 0x000000008f500000| Untracked 
| 246|0x000000008f600000, 0x000000008f700000, 0x000000008f700000|100%| O|  |TAMS 0x000000008f700000| PB 0x000000008f600000| Untracked 
| 247|0x000000008f700000, 0x000000008f800000, 0x000000008f800000|100%| O|  |TAMS 0x000000008f800000| PB 0x000000008f700000| Untracked 
| 248|0x000000008f800000, 0x000000008f900000, 0x000000008f900000|100%| O|  |TAMS 0x000000008f900000| PB 0x000000008f800000| Untracked 
| 249|0x000000008f900000, 0x000000008fa00000, 0x000000008fa00000|100%| O|  |TAMS 0x000000008fa00000| PB 0x000000008f900000| Untracked 
| 250|0x000000008fa00000, 0x000000008fb00000, 0x000000008fb00000|100%| O|  |TAMS 0x000000008fb00000| PB 0x000000008fa00000| Untracked 
| 251|0x000000008fb00000, 0x000000008fc00000, 0x000000008fc00000|100%| O|  |TAMS 0x000000008fc00000| PB 0x000000008fb00000| Untracked 
| 252|0x000000008fc00000, 0x000000008fd00000, 0x000000008fd00000|100%| O|  |TAMS 0x000000008fd00000| PB 0x000000008fc00000| Untracked 
| 253|0x000000008fd00000, 0x000000008fe00000, 0x000000008fe00000|100%| O|  |TAMS 0x000000008fe00000| PB 0x000000008fd00000| Untracked 
| 254|0x000000008fe00000, 0x000000008ff00000, 0x000000008ff00000|100%| O|  |TAMS 0x000000008ff00000| PB 0x000000008fe00000| Untracked 
| 255|0x000000008ff00000, 0x0000000090000000, 0x0000000090000000|100%| O|  |TAMS 0x0000000090000000| PB 0x000000008ff00000| Untracked 
| 256|0x0000000090000000, 0x0000000090100000, 0x0000000090100000|100%| O|  |TAMS 0x0000000090100000| PB 0x0000000090000000| Untracked 
| 257|0x0000000090100000, 0x0000000090200000, 0x0000000090200000|100%| O|  |TAMS 0x0000000090200000| PB 0x0000000090100000| Untracked 
| 258|0x0000000090200000, 0x0000000090300000, 0x0000000090300000|100%| O|  |TAMS 0x0000000090300000| PB 0x0000000090200000| Untracked 
| 259|0x0000000090300000, 0x0000000090400000, 0x0000000090400000|100%| O|  |TAMS 0x0000000090400000| PB 0x0000000090300000| Untracked 
| 260|0x0000000090400000, 0x0000000090500000, 0x0000000090500000|100%| O|  |TAMS 0x0000000090500000| PB 0x0000000090400000| Untracked 
| 261|0x0000000090500000, 0x0000000090600000, 0x0000000090600000|100%| O|  |TAMS 0x0000000090600000| PB 0x0000000090500000| Untracked 
| 262|0x0000000090600000, 0x0000000090700000, 0x0000000090700000|100%| O|  |TAMS 0x0000000090700000| PB 0x0000000090600000| Untracked 
| 263|0x0000000090700000, 0x0000000090800000, 0x0000000090800000|100%| O|  |TAMS 0x0000000090800000| PB 0x0000000090700000| Untracked 
| 264|0x0000000090800000, 0x0000000090900000, 0x0000000090900000|100%| O|  |TAMS 0x0000000090900000| PB 0x0000000090800000| Untracked 
| 265|0x0000000090900000, 0x0000000090a00000, 0x0000000090a00000|100%| O|  |TAMS 0x0000000090a00000| PB 0x0000000090900000| Untracked 
| 266|0x0000000090a00000, 0x0000000090b00000, 0x0000000090b00000|100%| O|  |TAMS 0x0000000090b00000| PB 0x0000000090a00000| Untracked 
| 267|0x0000000090b00000, 0x0000000090c00000, 0x0000000090c00000|100%| O|  |TAMS 0x0000000090c00000| PB 0x0000000090b00000| Untracked 
| 268|0x0000000090c00000, 0x0000000090d00000, 0x0000000090d00000|100%| O|  |TAMS 0x0000000090d00000| PB 0x0000000090c00000| Untracked 
| 269|0x0000000090d00000, 0x0000000090e00000, 0x0000000090e00000|100%| O|  |TAMS 0x0000000090e00000| PB 0x0000000090d00000| Untracked 
| 270|0x0000000090e00000, 0x0000000090f00000, 0x0000000090f00000|100%| O|  |TAMS 0x0000000090f00000| PB 0x0000000090e00000| Untracked 
| 271|0x0000000090f00000, 0x0000000091000000, 0x0000000091000000|100%| O|  |TAMS 0x0000000091000000| PB 0x0000000090f00000| Untracked 
| 272|0x0000000091000000, 0x0000000091100000, 0x0000000091100000|100%| O|  |TAMS 0x0000000091100000| PB 0x0000000091000000| Untracked 
| 273|0x0000000091100000, 0x0000000091200000, 0x0000000091200000|100%| O|  |TAMS 0x0000000091200000| PB 0x0000000091100000| Untracked 
| 274|0x0000000091200000, 0x0000000091300000, 0x0000000091300000|100%| O|  |TAMS 0x0000000091300000| PB 0x0000000091200000| Untracked 
| 275|0x0000000091300000, 0x0000000091400000, 0x0000000091400000|100%| O|  |TAMS 0x0000000091400000| PB 0x0000000091300000| Untracked 
| 276|0x0000000091400000, 0x0000000091500000, 0x0000000091500000|100%| O|  |TAMS 0x0000000091500000| PB 0x0000000091400000| Untracked 
| 277|0x0000000091500000, 0x0000000091600000, 0x0000000091600000|100%| O|  |TAMS 0x0000000091600000| PB 0x0000000091500000| Untracked 
| 278|0x0000000091600000, 0x0000000091700000, 0x0000000091700000|100%| O|  |TAMS 0x0000000091700000| PB 0x0000000091600000| Untracked 
| 279|0x0000000091700000, 0x0000000091800000, 0x0000000091800000|100%| O|  |TAMS 0x0000000091800000| PB 0x0000000091700000| Untracked 
| 280|0x0000000091800000, 0x0000000091900000, 0x0000000091900000|100%| O|  |TAMS 0x0000000091900000| PB 0x0000000091800000| Untracked 
| 281|0x0000000091900000, 0x0000000091a00000, 0x0000000091a00000|100%| O|  |TAMS 0x0000000091a00000| PB 0x0000000091900000| Untracked 
| 282|0x0000000091a00000, 0x0000000091b00000, 0x0000000091b00000|100%| O|  |TAMS 0x0000000091b00000| PB 0x0000000091a00000| Untracked 
| 283|0x0000000091b00000, 0x0000000091c00000, 0x0000000091c00000|100%| O|  |TAMS 0x0000000091c00000| PB 0x0000000091b00000| Untracked 
| 284|0x0000000091c00000, 0x0000000091d00000, 0x0000000091d00000|100%| O|  |TAMS 0x0000000091d00000| PB 0x0000000091c00000| Untracked 
| 285|0x0000000091d00000, 0x0000000091e00000, 0x0000000091e00000|100%| O|  |TAMS 0x0000000091e00000| PB 0x0000000091d00000| Untracked 
| 286|0x0000000091e00000, 0x0000000091f00000, 0x0000000091f00000|100%| O|  |TAMS 0x0000000091f00000| PB 0x0000000091e00000| Untracked 
| 287|0x0000000091f00000, 0x0000000092000000, 0x0000000092000000|100%| O|  |TAMS 0x0000000092000000| PB 0x0000000091f00000| Untracked 
| 288|0x0000000092000000, 0x0000000092100000, 0x0000000092100000|100%| O|  |TAMS 0x0000000092100000| PB 0x0000000092000000| Untracked 
| 289|0x0000000092100000, 0x0000000092200000, 0x0000000092200000|100%| O|  |TAMS 0x0000000092200000| PB 0x0000000092100000| Untracked 
| 290|0x0000000092200000, 0x0000000092300000, 0x0000000092300000|100%| O|  |TAMS 0x0000000092300000| PB 0x0000000092200000| Untracked 
| 291|0x0000000092300000, 0x0000000092400000, 0x0000000092400000|100%| O|  |TAMS 0x0000000092400000| PB 0x0000000092300000| Untracked 
| 292|0x0000000092400000, 0x0000000092500000, 0x0000000092500000|100%| O|  |TAMS 0x0000000092500000| PB 0x0000000092400000| Untracked 
| 293|0x0000000092500000, 0x0000000092600000, 0x0000000092600000|100%| O|  |TAMS 0x0000000092600000| PB 0x0000000092500000| Untracked 
| 294|0x0000000092600000, 0x0000000092700000, 0x0000000092700000|100%| O|  |TAMS 0x0000000092700000| PB 0x0000000092600000| Untracked 
| 295|0x0000000092700000, 0x0000000092800000, 0x0000000092800000|100%| O|  |TAMS 0x0000000092800000| PB 0x0000000092700000| Untracked 
| 296|0x0000000092800000, 0x0000000092900000, 0x0000000092900000|100%| O|  |TAMS 0x0000000092900000| PB 0x0000000092800000| Untracked 
| 297|0x0000000092900000, 0x0000000092a00000, 0x0000000092a00000|100%| O|  |TAMS 0x0000000092a00000| PB 0x0000000092900000| Untracked 
| 298|0x0000000092a00000, 0x0000000092b00000, 0x0000000092b00000|100%| O|  |TAMS 0x0000000092b00000| PB 0x0000000092a00000| Untracked 
| 299|0x0000000092b00000, 0x0000000092c00000, 0x0000000092c00000|100%| O|  |TAMS 0x0000000092c00000| PB 0x0000000092b00000| Untracked 
| 300|0x0000000092c00000, 0x0000000092d00000, 0x0000000092d00000|100%| O|  |TAMS 0x0000000092d00000| PB 0x0000000092c00000| Untracked 
| 301|0x0000000092d00000, 0x0000000092e00000, 0x0000000092e00000|100%| O|  |TAMS 0x0000000092e00000| PB 0x0000000092d00000| Untracked 
| 302|0x0000000092e00000, 0x0000000092f00000, 0x0000000092f00000|100%| O|  |TAMS 0x0000000092f00000| PB 0x0000000092e00000| Untracked 
| 303|0x0000000092f00000, 0x0000000093000000, 0x0000000093000000|100%| O|  |TAMS 0x0000000093000000| PB 0x0000000092f00000| Untracked 
| 304|0x0000000093000000, 0x0000000093100000, 0x0000000093100000|100%| O|  |TAMS 0x0000000093100000| PB 0x0000000093000000| Untracked 
| 305|0x0000000093100000, 0x0000000093200000, 0x0000000093200000|100%| O|  |TAMS 0x0000000093200000| PB 0x0000000093100000| Untracked 
| 306|0x0000000093200000, 0x0000000093300000, 0x0000000093300000|100%| O|  |TAMS 0x0000000093300000| PB 0x0000000093200000| Untracked 
| 307|0x0000000093300000, 0x0000000093400000, 0x0000000093400000|100%| O|  |TAMS 0x0000000093400000| PB 0x0000000093300000| Untracked 
| 308|0x0000000093400000, 0x0000000093500000, 0x0000000093500000|100%| O|  |TAMS 0x0000000093500000| PB 0x0000000093400000| Untracked 
| 309|0x0000000093500000, 0x0000000093600000, 0x0000000093600000|100%| O|  |TAMS 0x0000000093600000| PB 0x0000000093500000| Untracked 
| 310|0x0000000093600000, 0x0000000093700000, 0x0000000093700000|100%| O|  |TAMS 0x0000000093700000| PB 0x0000000093600000| Untracked 
| 311|0x0000000093700000, 0x0000000093800000, 0x0000000093800000|100%| O|  |TAMS 0x0000000093800000| PB 0x0000000093700000| Untracked 
| 312|0x0000000093800000, 0x0000000093900000, 0x0000000093900000|100%| O|  |TAMS 0x0000000093900000| PB 0x0000000093800000| Untracked 
| 313|0x0000000093900000, 0x0000000093a00000, 0x0000000093a00000|100%| O|  |TAMS 0x0000000093a00000| PB 0x0000000093900000| Untracked 
| 314|0x0000000093a00000, 0x0000000093b00000, 0x0000000093b00000|100%| O|  |TAMS 0x0000000093b00000| PB 0x0000000093a00000| Untracked 
| 315|0x0000000093b00000, 0x0000000093c00000, 0x0000000093c00000|100%| O|  |TAMS 0x0000000093c00000| PB 0x0000000093b00000| Untracked 
| 316|0x0000000093c00000, 0x0000000093d00000, 0x0000000093d00000|100%| O|  |TAMS 0x0000000093d00000| PB 0x0000000093c00000| Untracked 
| 317|0x0000000093d00000, 0x0000000093e00000, 0x0000000093e00000|100%| O|  |TAMS 0x0000000093e00000| PB 0x0000000093d00000| Untracked 
| 318|0x0000000093e00000, 0x0000000093f00000, 0x0000000093f00000|100%| O|  |TAMS 0x0000000093f00000| PB 0x0000000093e00000| Untracked 
| 319|0x0000000093f00000, 0x0000000094000000, 0x0000000094000000|100%| O|  |TAMS 0x0000000094000000| PB 0x0000000093f00000| Untracked 
| 320|0x0000000094000000, 0x0000000094100000, 0x0000000094100000|100%| O|  |TAMS 0x0000000094100000| PB 0x0000000094000000| Untracked 
| 321|0x0000000094100000, 0x0000000094200000, 0x0000000094200000|100%| O|  |TAMS 0x0000000094200000| PB 0x0000000094100000| Untracked 
| 322|0x0000000094200000, 0x0000000094300000, 0x0000000094300000|100%| O|  |TAMS 0x0000000094300000| PB 0x0000000094200000| Untracked 
| 323|0x0000000094300000, 0x0000000094400000, 0x0000000094400000|100%| O|  |TAMS 0x0000000094400000| PB 0x0000000094300000| Untracked 
| 324|0x0000000094400000, 0x0000000094400000, 0x0000000094500000|  0%| F|  |TAMS 0x0000000094400000| PB 0x0000000094400000| Untracked 
| 325|0x0000000094500000, 0x0000000094600000, 0x0000000094600000|100%| O|  |TAMS 0x0000000094600000| PB 0x0000000094500000| Untracked 
| 326|0x0000000094600000, 0x0000000094700000, 0x0000000094700000|100%| O|  |TAMS 0x0000000094700000| PB 0x0000000094600000| Untracked 
| 327|0x0000000094700000, 0x0000000094700000, 0x0000000094800000|  0%| F|  |TAMS 0x0000000094700000| PB 0x0000000094700000| Untracked 
| 328|0x0000000094800000, 0x0000000094900000, 0x0000000094900000|100%| O|  |TAMS 0x0000000094900000| PB 0x0000000094800000| Untracked 
| 329|0x0000000094900000, 0x0000000094a00000, 0x0000000094a00000|100%| O|  |TAMS 0x0000000094a00000| PB 0x0000000094900000| Untracked 
| 330|0x0000000094a00000, 0x0000000094b00000, 0x0000000094b00000|100%| O|  |TAMS 0x0000000094b00000| PB 0x0000000094a00000| Untracked 
| 331|0x0000000094b00000, 0x0000000094c00000, 0x0000000094c00000|100%| O|  |TAMS 0x0000000094c00000| PB 0x0000000094b00000| Untracked 
| 332|0x0000000094c00000, 0x0000000094d00000, 0x0000000094d00000|100%| O|  |TAMS 0x0000000094d00000| PB 0x0000000094c00000| Untracked 
| 333|0x0000000094d00000, 0x0000000094e00000, 0x0000000094e00000|100%| O|  |TAMS 0x0000000094e00000| PB 0x0000000094d00000| Untracked 
| 334|0x0000000094e00000, 0x0000000094f00000, 0x0000000094f00000|100%| O|  |TAMS 0x0000000094f00000| PB 0x0000000094e00000| Untracked 
| 335|0x0000000094f00000, 0x0000000095000000, 0x0000000095000000|100%| O|  |TAMS 0x0000000095000000| PB 0x0000000094f00000| Untracked 
| 336|0x0000000095000000, 0x0000000095100000, 0x0000000095100000|100%| O|  |TAMS 0x0000000095100000| PB 0x0000000095000000| Untracked 
| 337|0x0000000095100000, 0x0000000095200000, 0x0000000095200000|100%| O|  |TAMS 0x0000000095200000| PB 0x0000000095100000| Untracked 
| 338|0x0000000095200000, 0x0000000095300000, 0x0000000095300000|100%| O|  |TAMS 0x0000000095300000| PB 0x0000000095200000| Untracked 
| 339|0x0000000095300000, 0x0000000095400000, 0x0000000095400000|100%| O|  |TAMS 0x0000000095400000| PB 0x0000000095300000| Untracked 
| 340|0x0000000095400000, 0x0000000095500000, 0x0000000095500000|100%| O|  |TAMS 0x0000000095500000| PB 0x0000000095400000| Untracked 
| 341|0x0000000095500000, 0x0000000095600000, 0x0000000095600000|100%| O|  |TAMS 0x0000000095600000| PB 0x0000000095500000| Untracked 
| 342|0x0000000095600000, 0x0000000095700000, 0x0000000095700000|100%| O|  |TAMS 0x0000000095700000| PB 0x0000000095600000| Untracked 
| 343|0x0000000095700000, 0x0000000095800000, 0x0000000095800000|100%| O|  |TAMS 0x0000000095800000| PB 0x0000000095700000| Untracked 
| 344|0x0000000095800000, 0x0000000095900000, 0x0000000095900000|100%| O|  |TAMS 0x0000000095900000| PB 0x0000000095800000| Untracked 
| 345|0x0000000095900000, 0x0000000095a00000, 0x0000000095a00000|100%| O|  |TAMS 0x0000000095a00000| PB 0x0000000095900000| Untracked 
| 346|0x0000000095a00000, 0x0000000095b00000, 0x0000000095b00000|100%| O|  |TAMS 0x0000000095b00000| PB 0x0000000095a00000| Untracked 
| 347|0x0000000095b00000, 0x0000000095c00000, 0x0000000095c00000|100%| O|  |TAMS 0x0000000095c00000| PB 0x0000000095b00000| Untracked 
| 348|0x0000000095c00000, 0x0000000095d00000, 0x0000000095d00000|100%| O|  |TAMS 0x0000000095d00000| PB 0x0000000095c00000| Untracked 
| 349|0x0000000095d00000, 0x0000000095e00000, 0x0000000095e00000|100%| O|  |TAMS 0x0000000095e00000| PB 0x0000000095d00000| Untracked 
| 350|0x0000000095e00000, 0x0000000095f00000, 0x0000000095f00000|100%| O|  |TAMS 0x0000000095f00000| PB 0x0000000095e00000| Untracked 
| 351|0x0000000095f00000, 0x0000000096000000, 0x0000000096000000|100%| O|  |TAMS 0x0000000096000000| PB 0x0000000095f00000| Untracked 
| 352|0x0000000096000000, 0x0000000096000000, 0x0000000096100000|  0%| F|  |TAMS 0x0000000096000000| PB 0x0000000096000000| Untracked 
| 353|0x0000000096100000, 0x0000000096200000, 0x0000000096200000|100%| O|  |TAMS 0x0000000096200000| PB 0x0000000096100000| Untracked 
| 354|0x0000000096200000, 0x0000000096300000, 0x0000000096300000|100%| O|  |TAMS 0x0000000096300000| PB 0x0000000096200000| Untracked 
| 355|0x0000000096300000, 0x0000000096400000, 0x0000000096400000|100%| O|  |TAMS 0x0000000096400000| PB 0x0000000096300000| Untracked 
| 356|0x0000000096400000, 0x0000000096500000, 0x0000000096500000|100%| O|  |TAMS 0x0000000096500000| PB 0x0000000096400000| Untracked 
| 357|0x0000000096500000, 0x0000000096600000, 0x0000000096600000|100%| O|  |TAMS 0x0000000096600000| PB 0x0000000096500000| Untracked 
| 358|0x0000000096600000, 0x0000000096700000, 0x0000000096700000|100%| O|  |TAMS 0x0000000096700000| PB 0x0000000096600000| Untracked 
| 359|0x0000000096700000, 0x0000000096800000, 0x0000000096800000|100%| O|  |TAMS 0x0000000096800000| PB 0x0000000096700000| Untracked 
| 360|0x0000000096800000, 0x0000000096900000, 0x0000000096900000|100%| O|  |TAMS 0x0000000096900000| PB 0x0000000096800000| Untracked 
| 361|0x0000000096900000, 0x0000000096a00000, 0x0000000096a00000|100%| O|  |TAMS 0x0000000096a00000| PB 0x0000000096900000| Untracked 
| 362|0x0000000096a00000, 0x0000000096b00000, 0x0000000096b00000|100%| O|  |TAMS 0x0000000096b00000| PB 0x0000000096a00000| Untracked 
| 363|0x0000000096b00000, 0x0000000096c00000, 0x0000000096c00000|100%| O|  |TAMS 0x0000000096c00000| PB 0x0000000096b00000| Untracked 
| 364|0x0000000096c00000, 0x0000000096d00000, 0x0000000096d00000|100%| O|  |TAMS 0x0000000096d00000| PB 0x0000000096c00000| Untracked 
| 365|0x0000000096d00000, 0x0000000096e00000, 0x0000000096e00000|100%| O|  |TAMS 0x0000000096e00000| PB 0x0000000096d00000| Untracked 
| 366|0x0000000096e00000, 0x0000000096f00000, 0x0000000096f00000|100%| O|  |TAMS 0x0000000096f00000| PB 0x0000000096e00000| Untracked 
| 367|0x0000000096f00000, 0x0000000097000000, 0x0000000097000000|100%| O|  |TAMS 0x0000000097000000| PB 0x0000000096f00000| Untracked 
| 368|0x0000000097000000, 0x0000000097100000, 0x0000000097100000|100%| O|  |TAMS 0x0000000097100000| PB 0x0000000097000000| Untracked 
| 369|0x0000000097100000, 0x0000000097100000, 0x0000000097200000|  0%| F|  |TAMS 0x0000000097100000| PB 0x0000000097100000| Untracked 
| 370|0x0000000097200000, 0x0000000097300000, 0x0000000097300000|100%| O|  |TAMS 0x0000000097300000| PB 0x0000000097200000| Untracked 
| 371|0x0000000097300000, 0x0000000097400000, 0x0000000097400000|100%| O|  |TAMS 0x0000000097400000| PB 0x0000000097300000| Untracked 
| 372|0x0000000097400000, 0x0000000097500000, 0x0000000097500000|100%| O|  |TAMS 0x0000000097500000| PB 0x0000000097400000| Untracked 
| 373|0x0000000097500000, 0x0000000097600000, 0x0000000097600000|100%| O|  |TAMS 0x0000000097600000| PB 0x0000000097500000| Untracked 
| 374|0x0000000097600000, 0x0000000097700000, 0x0000000097700000|100%| O|  |TAMS 0x0000000097700000| PB 0x0000000097600000| Untracked 
| 375|0x0000000097700000, 0x0000000097800000, 0x0000000097800000|100%| O|  |TAMS 0x0000000097800000| PB 0x0000000097700000| Untracked 
| 376|0x0000000097800000, 0x0000000097900000, 0x0000000097900000|100%| O|  |TAMS 0x0000000097900000| PB 0x0000000097800000| Untracked 
| 377|0x0000000097900000, 0x0000000097a00000, 0x0000000097a00000|100%| O|  |TAMS 0x0000000097a00000| PB 0x0000000097900000| Untracked 
| 378|0x0000000097a00000, 0x0000000097a00000, 0x0000000097b00000|  0%| F|  |TAMS 0x0000000097a00000| PB 0x0000000097a00000| Untracked 
| 379|0x0000000097b00000, 0x0000000097c00000, 0x0000000097c00000|100%| O|  |TAMS 0x0000000097c00000| PB 0x0000000097b00000| Untracked 
| 380|0x0000000097c00000, 0x0000000097d00000, 0x0000000097d00000|100%| O|  |TAMS 0x0000000097d00000| PB 0x0000000097c00000| Untracked 
| 381|0x0000000097d00000, 0x0000000097d00000, 0x0000000097e00000|  0%| F|  |TAMS 0x0000000097d00000| PB 0x0000000097d00000| Untracked 
| 382|0x0000000097e00000, 0x0000000097f00000, 0x0000000097f00000|100%| O|  |TAMS 0x0000000097f00000| PB 0x0000000097e00000| Untracked 
| 383|0x0000000097f00000, 0x0000000098000000, 0x0000000098000000|100%| O|  |TAMS 0x0000000098000000| PB 0x0000000097f00000| Untracked 
| 384|0x0000000098000000, 0x0000000098100000, 0x0000000098100000|100%| O|  |TAMS 0x0000000098100000| PB 0x0000000098000000| Untracked 
| 385|0x0000000098100000, 0x0000000098100000, 0x0000000098200000|  0%| F|  |TAMS 0x0000000098100000| PB 0x0000000098100000| Untracked 
| 386|0x0000000098200000, 0x0000000098300000, 0x0000000098300000|100%| O|  |TAMS 0x0000000098300000| PB 0x0000000098200000| Untracked 
| 387|0x0000000098300000, 0x0000000098400000, 0x0000000098400000|100%| O|  |TAMS 0x0000000098400000| PB 0x0000000098300000| Untracked 
| 388|0x0000000098400000, 0x0000000098500000, 0x0000000098500000|100%| O|  |TAMS 0x0000000098500000| PB 0x0000000098400000| Untracked 
| 389|0x0000000098500000, 0x0000000098600000, 0x0000000098600000|100%| O|  |TAMS 0x0000000098600000| PB 0x0000000098500000| Untracked 
| 390|0x0000000098600000, 0x0000000098700000, 0x0000000098700000|100%| O|  |TAMS 0x0000000098700000| PB 0x0000000098600000| Untracked 
| 391|0x0000000098700000, 0x0000000098700000, 0x0000000098800000|  0%| F|  |TAMS 0x0000000098700000| PB 0x0000000098700000| Untracked 
| 392|0x0000000098800000, 0x0000000098900000, 0x0000000098900000|100%| O|  |TAMS 0x0000000098900000| PB 0x0000000098800000| Untracked 
| 393|0x0000000098900000, 0x0000000098a00000, 0x0000000098a00000|100%| O|  |TAMS 0x0000000098a00000| PB 0x0000000098900000| Untracked 
| 394|0x0000000098a00000, 0x0000000098b00000, 0x0000000098b00000|100%| O|  |TAMS 0x0000000098b00000| PB 0x0000000098a00000| Untracked 
| 395|0x0000000098b00000, 0x0000000098c00000, 0x0000000098c00000|100%| O|  |TAMS 0x0000000098c00000| PB 0x0000000098b00000| Untracked 
| 396|0x0000000098c00000, 0x0000000098d00000, 0x0000000098d00000|100%| O|  |TAMS 0x0000000098d00000| PB 0x0000000098c00000| Untracked 
| 397|0x0000000098d00000, 0x0000000098e00000, 0x0000000098e00000|100%| O|  |TAMS 0x0000000098e00000| PB 0x0000000098d00000| Untracked 
| 398|0x0000000098e00000, 0x0000000098f00000, 0x0000000098f00000|100%| O|  |TAMS 0x0000000098f00000| PB 0x0000000098e00000| Untracked 
| 399|0x0000000098f00000, 0x0000000099000000, 0x0000000099000000|100%| O|  |TAMS 0x0000000099000000| PB 0x0000000098f00000| Untracked 
| 400|0x0000000099000000, 0x0000000099100000, 0x0000000099100000|100%| O|  |TAMS 0x0000000099100000| PB 0x0000000099000000| Untracked 
| 401|0x0000000099100000, 0x0000000099200000, 0x0000000099200000|100%| O|  |TAMS 0x0000000099200000| PB 0x0000000099100000| Untracked 
| 402|0x0000000099200000, 0x0000000099300000, 0x0000000099300000|100%| O|  |TAMS 0x0000000099300000| PB 0x0000000099200000| Untracked 
| 403|0x0000000099300000, 0x0000000099400000, 0x0000000099400000|100%| O|  |TAMS 0x0000000099400000| PB 0x0000000099300000| Untracked 
| 404|0x0000000099400000, 0x0000000099500000, 0x0000000099500000|100%| O|  |TAMS 0x0000000099500000| PB 0x0000000099400000| Untracked 
| 405|0x0000000099500000, 0x0000000099600000, 0x0000000099600000|100%| O|  |TAMS 0x0000000099600000| PB 0x0000000099500000| Untracked 
| 406|0x0000000099600000, 0x0000000099700000, 0x0000000099700000|100%| O|  |TAMS 0x0000000099700000| PB 0x0000000099600000| Untracked 
| 407|0x0000000099700000, 0x0000000099800000, 0x0000000099800000|100%| O|  |TAMS 0x0000000099800000| PB 0x0000000099700000| Untracked 
| 408|0x0000000099800000, 0x0000000099900000, 0x0000000099900000|100%| O|  |TAMS 0x0000000099900000| PB 0x0000000099800000| Untracked 
| 409|0x0000000099900000, 0x0000000099a00000, 0x0000000099a00000|100%| O|  |TAMS 0x0000000099a00000| PB 0x0000000099900000| Untracked 
| 410|0x0000000099a00000, 0x0000000099b00000, 0x0000000099b00000|100%| O|  |TAMS 0x0000000099b00000| PB 0x0000000099a00000| Untracked 
| 411|0x0000000099b00000, 0x0000000099c00000, 0x0000000099c00000|100%| O|  |TAMS 0x0000000099c00000| PB 0x0000000099b00000| Untracked 
| 412|0x0000000099c00000, 0x0000000099d00000, 0x0000000099d00000|100%| O|  |TAMS 0x0000000099d00000| PB 0x0000000099c00000| Untracked 
| 413|0x0000000099d00000, 0x0000000099e00000, 0x0000000099e00000|100%| O|  |TAMS 0x0000000099e00000| PB 0x0000000099d00000| Untracked 
| 414|0x0000000099e00000, 0x0000000099f00000, 0x0000000099f00000|100%| O|  |TAMS 0x0000000099f00000| PB 0x0000000099e00000| Untracked 
| 415|0x0000000099f00000, 0x000000009a000000, 0x000000009a000000|100%| O|  |TAMS 0x000000009a000000| PB 0x0000000099f00000| Untracked 
| 416|0x000000009a000000, 0x000000009a100000, 0x000000009a100000|100%| O|  |TAMS 0x000000009a100000| PB 0x000000009a000000| Untracked 
| 417|0x000000009a100000, 0x000000009a200000, 0x000000009a200000|100%| O|  |TAMS 0x000000009a200000| PB 0x000000009a100000| Untracked 
| 418|0x000000009a200000, 0x000000009a300000, 0x000000009a300000|100%| O|  |TAMS 0x000000009a300000| PB 0x000000009a200000| Untracked 
| 419|0x000000009a300000, 0x000000009a400000, 0x000000009a400000|100%| O|  |TAMS 0x000000009a400000| PB 0x000000009a300000| Untracked 
| 420|0x000000009a400000, 0x000000009a400000, 0x000000009a500000|  0%| F|  |TAMS 0x000000009a400000| PB 0x000000009a400000| Untracked 
| 421|0x000000009a500000, 0x000000009a600000, 0x000000009a600000|100%| O|  |TAMS 0x000000009a600000| PB 0x000000009a500000| Untracked 
| 422|0x000000009a600000, 0x000000009a600000, 0x000000009a700000|  0%| F|  |TAMS 0x000000009a600000| PB 0x000000009a600000| Untracked 
| 423|0x000000009a700000, 0x000000009a700000, 0x000000009a800000|  0%| F|  |TAMS 0x000000009a700000| PB 0x000000009a700000| Untracked 
| 424|0x000000009a800000, 0x000000009a900000, 0x000000009a900000|100%| O|  |TAMS 0x000000009a900000| PB 0x000000009a800000| Untracked 
| 425|0x000000009a900000, 0x000000009a900000, 0x000000009aa00000|  0%| F|  |TAMS 0x000000009a900000| PB 0x000000009a900000| Untracked 
| 426|0x000000009aa00000, 0x000000009ab00000, 0x000000009ab00000|100%| O|  |TAMS 0x000000009ab00000| PB 0x000000009aa00000| Untracked 
| 427|0x000000009ab00000, 0x000000009ab00000, 0x000000009ac00000|  0%| F|  |TAMS 0x000000009ab00000| PB 0x000000009ab00000| Untracked 
| 428|0x000000009ac00000, 0x000000009ac00000, 0x000000009ad00000|  0%| F|  |TAMS 0x000000009ac00000| PB 0x000000009ac00000| Untracked 
| 429|0x000000009ad00000, 0x000000009ad00000, 0x000000009ae00000|  0%| F|  |TAMS 0x000000009ad00000| PB 0x000000009ad00000| Untracked 
| 430|0x000000009ae00000, 0x000000009ae00000, 0x000000009af00000|  0%| F|  |TAMS 0x000000009ae00000| PB 0x000000009ae00000| Untracked 
| 431|0x000000009af00000, 0x000000009af00000, 0x000000009b000000|  0%| F|  |TAMS 0x000000009af00000| PB 0x000000009af00000| Untracked 
| 432|0x000000009b000000, 0x000000009b100000, 0x000000009b100000|100%| O|  |TAMS 0x000000009b100000| PB 0x000000009b000000| Untracked 
| 433|0x000000009b100000, 0x000000009b200000, 0x000000009b200000|100%| O|  |TAMS 0x000000009b200000| PB 0x000000009b100000| Untracked 
| 434|0x000000009b200000, 0x000000009b300000, 0x000000009b300000|100%| O|  |TAMS 0x000000009b300000| PB 0x000000009b200000| Untracked 
| 435|0x000000009b300000, 0x000000009b400000, 0x000000009b400000|100%| O|  |TAMS 0x000000009b400000| PB 0x000000009b300000| Untracked 
| 436|0x000000009b400000, 0x000000009b500000, 0x000000009b500000|100%| O|  |TAMS 0x000000009b500000| PB 0x000000009b400000| Untracked 
| 437|0x000000009b500000, 0x000000009b600000, 0x000000009b600000|100%| O|  |TAMS 0x000000009b600000| PB 0x000000009b500000| Untracked 
| 438|0x000000009b600000, 0x000000009b700000, 0x000000009b700000|100%| O|  |TAMS 0x000000009b700000| PB 0x000000009b600000| Untracked 
| 439|0x000000009b700000, 0x000000009b800000, 0x000000009b800000|100%| O|  |TAMS 0x000000009b800000| PB 0x000000009b700000| Untracked 
| 440|0x000000009b800000, 0x000000009b900000, 0x000000009b900000|100%| O|  |TAMS 0x000000009b900000| PB 0x000000009b800000| Untracked 
| 441|0x000000009b900000, 0x000000009ba00000, 0x000000009ba00000|100%| O|  |TAMS 0x000000009ba00000| PB 0x000000009b900000| Untracked 
| 442|0x000000009ba00000, 0x000000009bb00000, 0x000000009bb00000|100%| O|  |TAMS 0x000000009bb00000| PB 0x000000009ba00000| Untracked 
| 443|0x000000009bb00000, 0x000000009bc00000, 0x000000009bc00000|100%| O|  |TAMS 0x000000009bc00000| PB 0x000000009bb00000| Untracked 
| 444|0x000000009bc00000, 0x000000009bd00000, 0x000000009bd00000|100%| O|  |TAMS 0x000000009bd00000| PB 0x000000009bc00000| Untracked 
| 445|0x000000009bd00000, 0x000000009be00000, 0x000000009be00000|100%| O|  |TAMS 0x000000009be00000| PB 0x000000009bd00000| Untracked 
| 446|0x000000009be00000, 0x000000009bf00000, 0x000000009bf00000|100%| O|  |TAMS 0x000000009bf00000| PB 0x000000009be00000| Untracked 
| 447|0x000000009bf00000, 0x000000009c000000, 0x000000009c000000|100%| O|  |TAMS 0x000000009c000000| PB 0x000000009bf00000| Untracked 
| 448|0x000000009c000000, 0x000000009c000000, 0x000000009c100000|  0%| F|  |TAMS 0x000000009c000000| PB 0x000000009c000000| Untracked 
| 449|0x000000009c100000, 0x000000009c200000, 0x000000009c200000|100%| O|  |TAMS 0x000000009c200000| PB 0x000000009c100000| Untracked 
| 450|0x000000009c200000, 0x000000009c200000, 0x000000009c300000|  0%| F|  |TAMS 0x000000009c200000| PB 0x000000009c200000| Untracked 
| 451|0x000000009c300000, 0x000000009c400000, 0x000000009c400000|100%| O|  |TAMS 0x000000009c400000| PB 0x000000009c300000| Untracked 
| 452|0x000000009c400000, 0x000000009c500000, 0x000000009c500000|100%| O|  |TAMS 0x000000009c500000| PB 0x000000009c400000| Untracked 
| 453|0x000000009c500000, 0x000000009c600000, 0x000000009c600000|100%| O|  |TAMS 0x000000009c600000| PB 0x000000009c500000| Untracked 
| 454|0x000000009c600000, 0x000000009c700000, 0x000000009c700000|100%| O|  |TAMS 0x000000009c700000| PB 0x000000009c600000| Untracked 
| 455|0x000000009c700000, 0x000000009c800000, 0x000000009c800000|100%| O|  |TAMS 0x000000009c800000| PB 0x000000009c700000| Untracked 
| 456|0x000000009c800000, 0x000000009c900000, 0x000000009c900000|100%| O|  |TAMS 0x000000009c900000| PB 0x000000009c800000| Untracked 
| 457|0x000000009c900000, 0x000000009ca00000, 0x000000009ca00000|100%| O|  |TAMS 0x000000009ca00000| PB 0x000000009c900000| Untracked 
| 458|0x000000009ca00000, 0x000000009cb00000, 0x000000009cb00000|100%| O|  |TAMS 0x000000009cb00000| PB 0x000000009ca00000| Untracked 
| 459|0x000000009cb00000, 0x000000009cc00000, 0x000000009cc00000|100%| O|  |TAMS 0x000000009cc00000| PB 0x000000009cb00000| Untracked 
| 460|0x000000009cc00000, 0x000000009cd00000, 0x000000009cd00000|100%| O|  |TAMS 0x000000009cd00000| PB 0x000000009cc00000| Untracked 
| 461|0x000000009cd00000, 0x000000009ce00000, 0x000000009ce00000|100%| O|  |TAMS 0x000000009ce00000| PB 0x000000009cd00000| Untracked 
| 462|0x000000009ce00000, 0x000000009cf00000, 0x000000009cf00000|100%| O|  |TAMS 0x000000009cf00000| PB 0x000000009ce00000| Untracked 
| 463|0x000000009cf00000, 0x000000009d000000, 0x000000009d000000|100%| O|  |TAMS 0x000000009d000000| PB 0x000000009cf00000| Untracked 
| 464|0x000000009d000000, 0x000000009d100000, 0x000000009d100000|100%| O|  |TAMS 0x000000009d100000| PB 0x000000009d000000| Untracked 
| 465|0x000000009d100000, 0x000000009d200000, 0x000000009d200000|100%| O|  |TAMS 0x000000009d200000| PB 0x000000009d100000| Untracked 
| 466|0x000000009d200000, 0x000000009d300000, 0x000000009d300000|100%| O|  |TAMS 0x000000009d300000| PB 0x000000009d200000| Untracked 
| 467|0x000000009d300000, 0x000000009d300000, 0x000000009d400000|  0%| F|  |TAMS 0x000000009d300000| PB 0x000000009d300000| Untracked 
| 468|0x000000009d400000, 0x000000009d500000, 0x000000009d500000|100%| O|  |TAMS 0x000000009d500000| PB 0x000000009d400000| Untracked 
| 469|0x000000009d500000, 0x000000009d600000, 0x000000009d600000|100%| O|  |TAMS 0x000000009d600000| PB 0x000000009d500000| Untracked 
| 470|0x000000009d600000, 0x000000009d600000, 0x000000009d700000|  0%| F|  |TAMS 0x000000009d600000| PB 0x000000009d600000| Untracked 
| 471|0x000000009d700000, 0x000000009d800000, 0x000000009d800000|100%| O|  |TAMS 0x000000009d800000| PB 0x000000009d700000| Untracked 
| 472|0x000000009d800000, 0x000000009d900000, 0x000000009d900000|100%| O|  |TAMS 0x000000009d900000| PB 0x000000009d800000| Untracked 
| 473|0x000000009d900000, 0x000000009d900000, 0x000000009da00000|  0%| F|  |TAMS 0x000000009d900000| PB 0x000000009d900000| Untracked 
| 474|0x000000009da00000, 0x000000009db00000, 0x000000009db00000|100%| O|  |TAMS 0x000000009db00000| PB 0x000000009da00000| Untracked 
| 475|0x000000009db00000, 0x000000009db00000, 0x000000009dc00000|  0%| F|  |TAMS 0x000000009db00000| PB 0x000000009db00000| Untracked 
| 476|0x000000009dc00000, 0x000000009dd00000, 0x000000009dd00000|100%| O|  |TAMS 0x000000009dd00000| PB 0x000000009dc00000| Untracked 
| 477|0x000000009dd00000, 0x000000009dd00000, 0x000000009de00000|  0%| F|  |TAMS 0x000000009dd00000| PB 0x000000009dd00000| Untracked 
| 478|0x000000009de00000, 0x000000009df00000, 0x000000009df00000|100%| O|  |TAMS 0x000000009df00000| PB 0x000000009de00000| Untracked 
| 479|0x000000009df00000, 0x000000009e000000, 0x000000009e000000|100%| O|  |TAMS 0x000000009e000000| PB 0x000000009df00000| Untracked 
| 480|0x000000009e000000, 0x000000009e100000, 0x000000009e100000|100%| O|  |TAMS 0x000000009e100000| PB 0x000000009e000000| Untracked 
| 481|0x000000009e100000, 0x000000009e200000, 0x000000009e200000|100%| O|  |TAMS 0x000000009e200000| PB 0x000000009e100000| Untracked 
| 482|0x000000009e200000, 0x000000009e300000, 0x000000009e300000|100%| O|  |TAMS 0x000000009e300000| PB 0x000000009e200000| Untracked 
| 483|0x000000009e300000, 0x000000009e400000, 0x000000009e400000|100%| O|  |TAMS 0x000000009e400000| PB 0x000000009e300000| Untracked 
| 484|0x000000009e400000, 0x000000009e500000, 0x000000009e500000|100%| O|  |TAMS 0x000000009e500000| PB 0x000000009e400000| Untracked 
| 485|0x000000009e500000, 0x000000009e600000, 0x000000009e600000|100%| O|  |TAMS 0x000000009e600000| PB 0x000000009e500000| Untracked 
| 486|0x000000009e600000, 0x000000009e700000, 0x000000009e700000|100%| O|  |TAMS 0x000000009e700000| PB 0x000000009e600000| Untracked 
| 487|0x000000009e700000, 0x000000009e800000, 0x000000009e800000|100%| O|  |TAMS 0x000000009e800000| PB 0x000000009e700000| Untracked 
| 488|0x000000009e800000, 0x000000009e900000, 0x000000009e900000|100%| O|  |TAMS 0x000000009e900000| PB 0x000000009e800000| Untracked 
| 489|0x000000009e900000, 0x000000009ea00000, 0x000000009ea00000|100%| O|  |TAMS 0x000000009ea00000| PB 0x000000009e900000| Untracked 
| 490|0x000000009ea00000, 0x000000009eb00000, 0x000000009eb00000|100%| O|  |TAMS 0x000000009eb00000| PB 0x000000009ea00000| Untracked 
| 491|0x000000009eb00000, 0x000000009ec00000, 0x000000009ec00000|100%| O|  |TAMS 0x000000009ec00000| PB 0x000000009eb00000| Untracked 
| 492|0x000000009ec00000, 0x000000009ed00000, 0x000000009ed00000|100%| O|  |TAMS 0x000000009ed00000| PB 0x000000009ec00000| Untracked 
| 493|0x000000009ed00000, 0x000000009ee00000, 0x000000009ee00000|100%| O|  |TAMS 0x000000009ee00000| PB 0x000000009ed00000| Untracked 
| 494|0x000000009ee00000, 0x000000009ef00000, 0x000000009ef00000|100%| O|  |TAMS 0x000000009ef00000| PB 0x000000009ee00000| Untracked 
| 495|0x000000009ef00000, 0x000000009f000000, 0x000000009f000000|100%| O|  |TAMS 0x000000009f000000| PB 0x000000009ef00000| Untracked 
| 496|0x000000009f000000, 0x000000009f000000, 0x000000009f100000|  0%| F|  |TAMS 0x000000009f000000| PB 0x000000009f000000| Untracked 
| 497|0x000000009f100000, 0x000000009f200000, 0x000000009f200000|100%| O|  |TAMS 0x000000009f200000| PB 0x000000009f100000| Untracked 
| 498|0x000000009f200000, 0x000000009f200000, 0x000000009f300000|  0%| F|  |TAMS 0x000000009f200000| PB 0x000000009f200000| Untracked 
| 499|0x000000009f300000, 0x000000009f300000, 0x000000009f400000|  0%| F|  |TAMS 0x000000009f300000| PB 0x000000009f300000| Untracked 
| 500|0x000000009f400000, 0x000000009f400000, 0x000000009f500000|  0%| F|  |TAMS 0x000000009f400000| PB 0x000000009f400000| Untracked 
| 501|0x000000009f500000, 0x000000009f5f0300, 0x000000009f600000| 93%| O|  |TAMS 0x000000009f5f0300| PB 0x000000009f500000| Untracked 
| 502|0x000000009f600000, 0x000000009f600000, 0x000000009f700000|  0%| F|  |TAMS 0x000000009f600000| PB 0x000000009f600000| Untracked 
| 503|0x000000009f700000, 0x000000009f800000, 0x000000009f800000|100%| O|  |TAMS 0x000000009f800000| PB 0x000000009f700000| Untracked 
| 504|0x000000009f800000, 0x000000009f900000, 0x000000009f900000|100%| O|  |TAMS 0x000000009f900000| PB 0x000000009f800000| Untracked 
| 505|0x000000009f900000, 0x000000009fa00000, 0x000000009fa00000|100%| O|  |TAMS 0x000000009fa00000| PB 0x000000009f900000| Untracked 
| 506|0x000000009fa00000, 0x000000009fb00000, 0x000000009fb00000|100%| O|  |TAMS 0x000000009fb00000| PB 0x000000009fa00000| Untracked 
| 507|0x000000009fb00000, 0x000000009fb00000, 0x000000009fc00000|  0%| F|  |TAMS 0x000000009fb00000| PB 0x000000009fb00000| Untracked 
| 508|0x000000009fc00000, 0x000000009fd00000, 0x000000009fd00000|100%| O|  |TAMS 0x000000009fd00000| PB 0x000000009fc00000| Untracked 
| 509|0x000000009fd00000, 0x000000009fe00000, 0x000000009fe00000|100%| O|  |TAMS 0x000000009fe00000| PB 0x000000009fd00000| Untracked 
| 510|0x000000009fe00000, 0x000000009ff00000, 0x000000009ff00000|100%| O|  |TAMS 0x000000009ff00000| PB 0x000000009fe00000| Untracked 
| 511|0x000000009ff00000, 0x00000000a0000000, 0x00000000a0000000|100%| O|  |TAMS 0x00000000a0000000| PB 0x000000009ff00000| Untracked 
| 512|0x00000000a0000000, 0x00000000a0100000, 0x00000000a0100000|100%| O|  |TAMS 0x00000000a0100000| PB 0x00000000a0000000| Untracked 
| 513|0x00000000a0100000, 0x00000000a0200000, 0x00000000a0200000|100%| O|  |TAMS 0x00000000a0200000| PB 0x00000000a0100000| Untracked 
| 514|0x00000000a0200000, 0x00000000a0300000, 0x00000000a0300000|100%| O|  |TAMS 0x00000000a0300000| PB 0x00000000a0200000| Untracked 
| 515|0x00000000a0300000, 0x00000000a0400000, 0x00000000a0400000|100%| O|  |TAMS 0x00000000a0400000| PB 0x00000000a0300000| Untracked 
| 516|0x00000000a0400000, 0x00000000a0500000, 0x00000000a0500000|100%| O|  |TAMS 0x00000000a0500000| PB 0x00000000a0400000| Untracked 
| 517|0x00000000a0500000, 0x00000000a0600000, 0x00000000a0600000|100%| O|  |TAMS 0x00000000a0600000| PB 0x00000000a0500000| Untracked 
| 518|0x00000000a0600000, 0x00000000a0700000, 0x00000000a0700000|100%| O|  |TAMS 0x00000000a0700000| PB 0x00000000a0600000| Untracked 
| 519|0x00000000a0700000, 0x00000000a0800000, 0x00000000a0800000|100%| O|  |TAMS 0x00000000a0800000| PB 0x00000000a0700000| Untracked 
| 520|0x00000000a0800000, 0x00000000a0900000, 0x00000000a0900000|100%| O|  |TAMS 0x00000000a0900000| PB 0x00000000a0800000| Untracked 
| 521|0x00000000a0900000, 0x00000000a0900000, 0x00000000a0a00000|  0%| F|  |TAMS 0x00000000a0900000| PB 0x00000000a0900000| Untracked 
| 522|0x00000000a0a00000, 0x00000000a0b00000, 0x00000000a0b00000|100%| O|  |TAMS 0x00000000a0b00000| PB 0x00000000a0a00000| Untracked 
| 523|0x00000000a0b00000, 0x00000000a0c00000, 0x00000000a0c00000|100%| O|  |TAMS 0x00000000a0c00000| PB 0x00000000a0b00000| Untracked 
| 524|0x00000000a0c00000, 0x00000000a0d00000, 0x00000000a0d00000|100%| O|  |TAMS 0x00000000a0d00000| PB 0x00000000a0c00000| Untracked 
| 525|0x00000000a0d00000, 0x00000000a0e00000, 0x00000000a0e00000|100%| O|  |TAMS 0x00000000a0e00000| PB 0x00000000a0d00000| Untracked 
| 526|0x00000000a0e00000, 0x00000000a0e00000, 0x00000000a0f00000|  0%| F|  |TAMS 0x00000000a0e00000| PB 0x00000000a0e00000| Untracked 
| 527|0x00000000a0f00000, 0x00000000a1000000, 0x00000000a1000000|100%| O|  |TAMS 0x00000000a1000000| PB 0x00000000a0f00000| Untracked 
| 528|0x00000000a1000000, 0x00000000a1100000, 0x00000000a1100000|100%| O|  |TAMS 0x00000000a1100000| PB 0x00000000a1000000| Untracked 
| 529|0x00000000a1100000, 0x00000000a1200000, 0x00000000a1200000|100%| O|  |TAMS 0x00000000a1200000| PB 0x00000000a1100000| Untracked 
| 530|0x00000000a1200000, 0x00000000a1300000, 0x00000000a1300000|100%| O|  |TAMS 0x00000000a1300000| PB 0x00000000a1200000| Untracked 
| 531|0x00000000a1300000, 0x00000000a1400000, 0x00000000a1400000|100%| O|  |TAMS 0x00000000a1400000| PB 0x00000000a1300000| Untracked 
| 532|0x00000000a1400000, 0x00000000a1500000, 0x00000000a1500000|100%| O|  |TAMS 0x00000000a1500000| PB 0x00000000a1400000| Untracked 
| 533|0x00000000a1500000, 0x00000000a1600000, 0x00000000a1600000|100%| O|  |TAMS 0x00000000a1600000| PB 0x00000000a1500000| Untracked 
| 534|0x00000000a1600000, 0x00000000a1700000, 0x00000000a1700000|100%| O|  |TAMS 0x00000000a1700000| PB 0x00000000a1600000| Untracked 
| 535|0x00000000a1700000, 0x00000000a1800000, 0x00000000a1800000|100%| O|  |TAMS 0x00000000a1800000| PB 0x00000000a1700000| Untracked 
| 536|0x00000000a1800000, 0x00000000a1900000, 0x00000000a1900000|100%| O|  |TAMS 0x00000000a1900000| PB 0x00000000a1800000| Untracked 
| 537|0x00000000a1900000, 0x00000000a1900000, 0x00000000a1a00000|  0%| F|  |TAMS 0x00000000a1900000| PB 0x00000000a1900000| Untracked 
| 538|0x00000000a1a00000, 0x00000000a1b00000, 0x00000000a1b00000|100%| O|  |TAMS 0x00000000a1b00000| PB 0x00000000a1a00000| Untracked 
| 539|0x00000000a1b00000, 0x00000000a1b00000, 0x00000000a1c00000|  0%| F|  |TAMS 0x00000000a1b00000| PB 0x00000000a1b00000| Untracked 
| 540|0x00000000a1c00000, 0x00000000a1d00000, 0x00000000a1d00000|100%| O|  |TAMS 0x00000000a1d00000| PB 0x00000000a1c00000| Untracked 
| 541|0x00000000a1d00000, 0x00000000a1e00000, 0x00000000a1e00000|100%| O|  |TAMS 0x00000000a1e00000| PB 0x00000000a1d00000| Untracked 
| 542|0x00000000a1e00000, 0x00000000a1f00000, 0x00000000a1f00000|100%| O|  |TAMS 0x00000000a1f00000| PB 0x00000000a1e00000| Untracked 
| 543|0x00000000a1f00000, 0x00000000a2000000, 0x00000000a2000000|100%| O|  |TAMS 0x00000000a2000000| PB 0x00000000a1f00000| Untracked 
| 544|0x00000000a2000000, 0x00000000a2100000, 0x00000000a2100000|100%| O|  |TAMS 0x00000000a2100000| PB 0x00000000a2000000| Untracked 
| 545|0x00000000a2100000, 0x00000000a2200000, 0x00000000a2200000|100%| O|  |TAMS 0x00000000a2200000| PB 0x00000000a2100000| Untracked 
| 546|0x00000000a2200000, 0x00000000a2300000, 0x00000000a2300000|100%| O|  |TAMS 0x00000000a2300000| PB 0x00000000a2200000| Untracked 
| 547|0x00000000a2300000, 0x00000000a2400000, 0x00000000a2400000|100%| O|  |TAMS 0x00000000a2400000| PB 0x00000000a2300000| Untracked 
| 548|0x00000000a2400000, 0x00000000a2500000, 0x00000000a2500000|100%| O|  |TAMS 0x00000000a2500000| PB 0x00000000a2400000| Untracked 
| 549|0x00000000a2500000, 0x00000000a2600000, 0x00000000a2600000|100%| O|  |TAMS 0x00000000a2600000| PB 0x00000000a2500000| Untracked 
| 550|0x00000000a2600000, 0x00000000a2700000, 0x00000000a2700000|100%| O|  |TAMS 0x00000000a2700000| PB 0x00000000a2600000| Untracked 
| 551|0x00000000a2700000, 0x00000000a2800000, 0x00000000a2800000|100%| O|  |TAMS 0x00000000a2800000| PB 0x00000000a2700000| Untracked 
| 552|0x00000000a2800000, 0x00000000a2800000, 0x00000000a2900000|  0%| F|  |TAMS 0x00000000a2800000| PB 0x00000000a2800000| Untracked 
| 553|0x00000000a2900000, 0x00000000a2900000, 0x00000000a2a00000|  0%| F|  |TAMS 0x00000000a2900000| PB 0x00000000a2900000| Untracked 
| 554|0x00000000a2a00000, 0x00000000a2b00000, 0x00000000a2b00000|100%| O|  |TAMS 0x00000000a2b00000| PB 0x00000000a2a00000| Untracked 
| 555|0x00000000a2b00000, 0x00000000a2b00000, 0x00000000a2c00000|  0%| F|  |TAMS 0x00000000a2b00000| PB 0x00000000a2b00000| Untracked 
| 556|0x00000000a2c00000, 0x00000000a2c00000, 0x00000000a2d00000|  0%| F|  |TAMS 0x00000000a2c00000| PB 0x00000000a2c00000| Untracked 
| 557|0x00000000a2d00000, 0x00000000a2d00000, 0x00000000a2e00000|  0%| F|  |TAMS 0x00000000a2d00000| PB 0x00000000a2d00000| Untracked 
| 558|0x00000000a2e00000, 0x00000000a2e00000, 0x00000000a2f00000|  0%| F|  |TAMS 0x00000000a2e00000| PB 0x00000000a2e00000| Untracked 
| 559|0x00000000a2f00000, 0x00000000a2f00000, 0x00000000a3000000|  0%| F|  |TAMS 0x00000000a2f00000| PB 0x00000000a2f00000| Untracked 
| 560|0x00000000a3000000, 0x00000000a3000000, 0x00000000a3100000|  0%| F|  |TAMS 0x00000000a3000000| PB 0x00000000a3000000| Untracked 
| 561|0x00000000a3100000, 0x00000000a3100000, 0x00000000a3200000|  0%| F|  |TAMS 0x00000000a3100000| PB 0x00000000a3100000| Untracked 
| 562|0x00000000a3200000, 0x00000000a3300000, 0x00000000a3300000|100%| S|CS|TAMS 0x00000000a3200000| PB 0x00000000a3200000| Complete 
| 563|0x00000000a3300000, 0x00000000a3400000, 0x00000000a3400000|100%| S|CS|TAMS 0x00000000a3300000| PB 0x00000000a3300000| Complete 
| 564|0x00000000a3400000, 0x00000000a3500000, 0x00000000a3500000|100%| S|CS|TAMS 0x00000000a3400000| PB 0x00000000a3400000| Complete 
| 565|0x00000000a3500000, 0x00000000a3600000, 0x00000000a3600000|100%| S|CS|TAMS 0x00000000a3500000| PB 0x00000000a3500000| Complete 
| 566|0x00000000a3600000, 0x00000000a3700000, 0x00000000a3700000|100%| S|CS|TAMS 0x00000000a3600000| PB 0x00000000a3600000| Complete 
| 567|0x00000000a3700000, 0x00000000a3800000, 0x00000000a3800000|100%| S|CS|TAMS 0x00000000a3700000| PB 0x00000000a3700000| Complete 
| 568|0x00000000a3800000, 0x00000000a3900000, 0x00000000a3900000|100%| S|CS|TAMS 0x00000000a3800000| PB 0x00000000a3800000| Complete 
| 569|0x00000000a3900000, 0x00000000a3a00000, 0x00000000a3a00000|100%| S|CS|TAMS 0x00000000a3900000| PB 0x00000000a3900000| Complete 
| 570|0x00000000a3a00000, 0x00000000a3b00000, 0x00000000a3b00000|100%| S|CS|TAMS 0x00000000a3a00000| PB 0x00000000a3a00000| Complete 
| 571|0x00000000a3b00000, 0x00000000a3c00000, 0x00000000a3c00000|100%| S|CS|TAMS 0x00000000a3b00000| PB 0x00000000a3b00000| Complete 
| 572|0x00000000a3c00000, 0x00000000a3d00000, 0x00000000a3d00000|100%| S|CS|TAMS 0x00000000a3c00000| PB 0x00000000a3c00000| Complete 
| 573|0x00000000a3d00000, 0x00000000a3e00000, 0x00000000a3e00000|100%| S|CS|TAMS 0x00000000a3d00000| PB 0x00000000a3d00000| Complete 
| 574|0x00000000a3e00000, 0x00000000a3f00000, 0x00000000a3f00000|100%| S|CS|TAMS 0x00000000a3e00000| PB 0x00000000a3e00000| Complete 
| 575|0x00000000a3f00000, 0x00000000a4000000, 0x00000000a4000000|100%| S|CS|TAMS 0x00000000a3f00000| PB 0x00000000a3f00000| Complete 
| 576|0x00000000a4000000, 0x00000000a4100000, 0x00000000a4100000|100%| S|CS|TAMS 0x00000000a4000000| PB 0x00000000a4000000| Complete 
| 577|0x00000000a4100000, 0x00000000a4200000, 0x00000000a4200000|100%| S|CS|TAMS 0x00000000a4100000| PB 0x00000000a4100000| Complete 
| 578|0x00000000a4200000, 0x00000000a4300000, 0x00000000a4300000|100%| S|CS|TAMS 0x00000000a4200000| PB 0x00000000a4200000| Complete 
| 579|0x00000000a4300000, 0x00000000a4400000, 0x00000000a4400000|100%| S|CS|TAMS 0x00000000a4300000| PB 0x00000000a4300000| Complete 
| 580|0x00000000a4400000, 0x00000000a4500000, 0x00000000a4500000|100%| S|CS|TAMS 0x00000000a4400000| PB 0x00000000a4400000| Complete 
| 581|0x00000000a4500000, 0x00000000a4600000, 0x00000000a4600000|100%| S|CS|TAMS 0x00000000a4500000| PB 0x00000000a4500000| Complete 
| 582|0x00000000a4600000, 0x00000000a4700000, 0x00000000a4700000|100%| S|CS|TAMS 0x00000000a4600000| PB 0x00000000a4600000| Complete 
| 583|0x00000000a4700000, 0x00000000a4800000, 0x00000000a4800000|100%| S|CS|TAMS 0x00000000a4700000| PB 0x00000000a4700000| Complete 
| 584|0x00000000a4800000, 0x00000000a4900000, 0x00000000a4900000|100%| S|CS|TAMS 0x00000000a4800000| PB 0x00000000a4800000| Complete 
| 585|0x00000000a4900000, 0x00000000a4a00000, 0x00000000a4a00000|100%| S|CS|TAMS 0x00000000a4900000| PB 0x00000000a4900000| Complete 
| 586|0x00000000a4a00000, 0x00000000a4b00000, 0x00000000a4b00000|100%| S|CS|TAMS 0x00000000a4a00000| PB 0x00000000a4a00000| Complete 
| 587|0x00000000a4b00000, 0x00000000a4c00000, 0x00000000a4c00000|100%| S|CS|TAMS 0x00000000a4b00000| PB 0x00000000a4b00000| Complete 
| 588|0x00000000a4c00000, 0x00000000a4d00000, 0x00000000a4d00000|100%| S|CS|TAMS 0x00000000a4c00000| PB 0x00000000a4c00000| Complete 
| 589|0x00000000a4d00000, 0x00000000a4e00000, 0x00000000a4e00000|100%| S|CS|TAMS 0x00000000a4d00000| PB 0x00000000a4d00000| Complete 
| 590|0x00000000a4e00000, 0x00000000a4f00000, 0x00000000a4f00000|100%| S|CS|TAMS 0x00000000a4e00000| PB 0x00000000a4e00000| Complete 
| 591|0x00000000a4f00000, 0x00000000a5000000, 0x00000000a5000000|100%| S|CS|TAMS 0x00000000a4f00000| PB 0x00000000a4f00000| Complete 
| 592|0x00000000a5000000, 0x00000000a5100000, 0x00000000a5100000|100%| S|CS|TAMS 0x00000000a5000000| PB 0x00000000a5000000| Complete 
| 593|0x00000000a5100000, 0x00000000a5200000, 0x00000000a5200000|100%| S|CS|TAMS 0x00000000a5100000| PB 0x00000000a5100000| Complete 
| 594|0x00000000a5200000, 0x00000000a5300000, 0x00000000a5300000|100%| S|CS|TAMS 0x00000000a5200000| PB 0x00000000a5200000| Complete 
| 595|0x00000000a5300000, 0x00000000a5400000, 0x00000000a5400000|100%| S|CS|TAMS 0x00000000a5300000| PB 0x00000000a5300000| Complete 
| 596|0x00000000a5400000, 0x00000000a5500000, 0x00000000a5500000|100%| S|CS|TAMS 0x00000000a5400000| PB 0x00000000a5400000| Complete 
| 597|0x00000000a5500000, 0x00000000a5600000, 0x00000000a5600000|100%| S|CS|TAMS 0x00000000a5500000| PB 0x00000000a5500000| Complete 
| 598|0x00000000a5600000, 0x00000000a5600000, 0x00000000a5700000|  0%| F|  |TAMS 0x00000000a5600000| PB 0x00000000a5600000| Untracked 
| 599|0x00000000a5700000, 0x00000000a5700000, 0x00000000a5800000|  0%| F|  |TAMS 0x00000000a5700000| PB 0x00000000a5700000| Untracked 
| 600|0x00000000a5800000, 0x00000000a5800000, 0x00000000a5900000|  0%| F|  |TAMS 0x00000000a5800000| PB 0x00000000a5800000| Untracked 
| 601|0x00000000a5900000, 0x00000000a5900000, 0x00000000a5a00000|  0%| F|  |TAMS 0x00000000a5900000| PB 0x00000000a5900000| Untracked 
| 602|0x00000000a5a00000, 0x00000000a5a00000, 0x00000000a5b00000|  0%| F|  |TAMS 0x00000000a5a00000| PB 0x00000000a5a00000| Untracked 
| 603|0x00000000a5b00000, 0x00000000a5b00000, 0x00000000a5c00000|  0%| F|  |TAMS 0x00000000a5b00000| PB 0x00000000a5b00000| Untracked 
| 604|0x00000000a5c00000, 0x00000000a5c00000, 0x00000000a5d00000|  0%| F|  |TAMS 0x00000000a5c00000| PB 0x00000000a5c00000| Untracked 
| 605|0x00000000a5d00000, 0x00000000a5d00000, 0x00000000a5e00000|  0%| F|  |TAMS 0x00000000a5d00000| PB 0x00000000a5d00000| Untracked 
| 606|0x00000000a5e00000, 0x00000000a5e00000, 0x00000000a5f00000|  0%| F|  |TAMS 0x00000000a5e00000| PB 0x00000000a5e00000| Untracked 
| 607|0x00000000a5f00000, 0x00000000a5f00000, 0x00000000a6000000|  0%| F|  |TAMS 0x00000000a5f00000| PB 0x00000000a5f00000| Untracked 
| 608|0x00000000a6000000, 0x00000000a6000000, 0x00000000a6100000|  0%| F|  |TAMS 0x00000000a6000000| PB 0x00000000a6000000| Untracked 
| 609|0x00000000a6100000, 0x00000000a6100000, 0x00000000a6200000|  0%| F|  |TAMS 0x00000000a6100000| PB 0x00000000a6100000| Untracked 
| 610|0x00000000a6200000, 0x00000000a6200000, 0x00000000a6300000|  0%| F|  |TAMS 0x00000000a6200000| PB 0x00000000a6200000| Untracked 
| 611|0x00000000a6300000, 0x00000000a6300000, 0x00000000a6400000|  0%| F|  |TAMS 0x00000000a6300000| PB 0x00000000a6300000| Untracked 
| 612|0x00000000a6400000, 0x00000000a6400000, 0x00000000a6500000|  0%| F|  |TAMS 0x00000000a6400000| PB 0x00000000a6400000| Untracked 
| 613|0x00000000a6500000, 0x00000000a6500000, 0x00000000a6600000|  0%| F|  |TAMS 0x00000000a6500000| PB 0x00000000a6500000| Untracked 
| 614|0x00000000a6600000, 0x00000000a6600000, 0x00000000a6700000|  0%| F|  |TAMS 0x00000000a6600000| PB 0x00000000a6600000| Untracked 
| 615|0x00000000a6700000, 0x00000000a6700000, 0x00000000a6800000|  0%| F|  |TAMS 0x00000000a6700000| PB 0x00000000a6700000| Untracked 
| 616|0x00000000a6800000, 0x00000000a6800000, 0x00000000a6900000|  0%| F|  |TAMS 0x00000000a6800000| PB 0x00000000a6800000| Untracked 
| 617|0x00000000a6900000, 0x00000000a6900000, 0x00000000a6a00000|  0%| F|  |TAMS 0x00000000a6900000| PB 0x00000000a6900000| Untracked 
| 618|0x00000000a6a00000, 0x00000000a6a00000, 0x00000000a6b00000|  0%| F|  |TAMS 0x00000000a6a00000| PB 0x00000000a6a00000| Untracked 
| 619|0x00000000a6b00000, 0x00000000a6b00000, 0x00000000a6c00000|  0%| F|  |TAMS 0x00000000a6b00000| PB 0x00000000a6b00000| Untracked 
| 620|0x00000000a6c00000, 0x00000000a6c00000, 0x00000000a6d00000|  0%| F|  |TAMS 0x00000000a6c00000| PB 0x00000000a6c00000| Untracked 
| 621|0x00000000a6d00000, 0x00000000a6d00000, 0x00000000a6e00000|  0%| F|  |TAMS 0x00000000a6d00000| PB 0x00000000a6d00000| Untracked 
| 622|0x00000000a6e00000, 0x00000000a6e00000, 0x00000000a6f00000|  0%| F|  |TAMS 0x00000000a6e00000| PB 0x00000000a6e00000| Untracked 
| 623|0x00000000a6f00000, 0x00000000a6f00000, 0x00000000a7000000|  0%| F|  |TAMS 0x00000000a6f00000| PB 0x00000000a6f00000| Untracked 
| 624|0x00000000a7000000, 0x00000000a7000000, 0x00000000a7100000|  0%| F|  |TAMS 0x00000000a7000000| PB 0x00000000a7000000| Untracked 
| 625|0x00000000a7100000, 0x00000000a7100000, 0x00000000a7200000|  0%| F|  |TAMS 0x00000000a7100000| PB 0x00000000a7100000| Untracked 
| 626|0x00000000a7200000, 0x00000000a7200000, 0x00000000a7300000|  0%| F|  |TAMS 0x00000000a7200000| PB 0x00000000a7200000| Untracked 
| 627|0x00000000a7300000, 0x00000000a7300000, 0x00000000a7400000|  0%| F|  |TAMS 0x00000000a7300000| PB 0x00000000a7300000| Untracked 
| 628|0x00000000a7400000, 0x00000000a7400000, 0x00000000a7500000|  0%| F|  |TAMS 0x00000000a7400000| PB 0x00000000a7400000| Untracked 
| 629|0x00000000a7500000, 0x00000000a7500000, 0x00000000a7600000|  0%| F|  |TAMS 0x00000000a7500000| PB 0x00000000a7500000| Untracked 
| 630|0x00000000a7600000, 0x00000000a7600000, 0x00000000a7700000|  0%| F|  |TAMS 0x00000000a7600000| PB 0x00000000a7600000| Untracked 
| 631|0x00000000a7700000, 0x00000000a7700000, 0x00000000a7800000|  0%| F|  |TAMS 0x00000000a7700000| PB 0x00000000a7700000| Untracked 
| 632|0x00000000a7800000, 0x00000000a7800000, 0x00000000a7900000|  0%| F|  |TAMS 0x00000000a7800000| PB 0x00000000a7800000| Untracked 
| 633|0x00000000a7900000, 0x00000000a7900000, 0x00000000a7a00000|  0%| F|  |TAMS 0x00000000a7900000| PB 0x00000000a7900000| Untracked 
| 634|0x00000000a7a00000, 0x00000000a7a00000, 0x00000000a7b00000|  0%| F|  |TAMS 0x00000000a7a00000| PB 0x00000000a7a00000| Untracked 
| 635|0x00000000a7b00000, 0x00000000a7b00000, 0x00000000a7c00000|  0%| F|  |TAMS 0x00000000a7b00000| PB 0x00000000a7b00000| Untracked 
| 636|0x00000000a7c00000, 0x00000000a7c00000, 0x00000000a7d00000|  0%| F|  |TAMS 0x00000000a7c00000| PB 0x00000000a7c00000| Untracked 
| 637|0x00000000a7d00000, 0x00000000a7d00000, 0x00000000a7e00000|  0%| F|  |TAMS 0x00000000a7d00000| PB 0x00000000a7d00000| Untracked 
| 638|0x00000000a7e00000, 0x00000000a7e00000, 0x00000000a7f00000|  0%| F|  |TAMS 0x00000000a7e00000| PB 0x00000000a7e00000| Untracked 
| 639|0x00000000a7f00000, 0x00000000a7f00000, 0x00000000a8000000|  0%| F|  |TAMS 0x00000000a7f00000| PB 0x00000000a7f00000| Untracked 
| 640|0x00000000a8000000, 0x00000000a8000000, 0x00000000a8100000|  0%| F|  |TAMS 0x00000000a8000000| PB 0x00000000a8000000| Untracked 
| 641|0x00000000a8100000, 0x00000000a8100000, 0x00000000a8200000|  0%| F|  |TAMS 0x00000000a8100000| PB 0x00000000a8100000| Untracked 
| 642|0x00000000a8200000, 0x00000000a8200000, 0x00000000a8300000|  0%| F|  |TAMS 0x00000000a8200000| PB 0x00000000a8200000| Untracked 
| 643|0x00000000a8300000, 0x00000000a8300000, 0x00000000a8400000|  0%| F|  |TAMS 0x00000000a8300000| PB 0x00000000a8300000| Untracked 
| 644|0x00000000a8400000, 0x00000000a8400000, 0x00000000a8500000|  0%| F|  |TAMS 0x00000000a8400000| PB 0x00000000a8400000| Untracked 
| 645|0x00000000a8500000, 0x00000000a8500000, 0x00000000a8600000|  0%| F|  |TAMS 0x00000000a8500000| PB 0x00000000a8500000| Untracked 
| 646|0x00000000a8600000, 0x00000000a8600000, 0x00000000a8700000|  0%| F|  |TAMS 0x00000000a8600000| PB 0x00000000a8600000| Untracked 
| 647|0x00000000a8700000, 0x00000000a8700000, 0x00000000a8800000|  0%| F|  |TAMS 0x00000000a8700000| PB 0x00000000a8700000| Untracked 
| 648|0x00000000a8800000, 0x00000000a8800000, 0x00000000a8900000|  0%| F|  |TAMS 0x00000000a8800000| PB 0x00000000a8800000| Untracked 
| 649|0x00000000a8900000, 0x00000000a8900000, 0x00000000a8a00000|  0%| F|  |TAMS 0x00000000a8900000| PB 0x00000000a8900000| Untracked 
| 650|0x00000000a8a00000, 0x00000000a8a00000, 0x00000000a8b00000|  0%| F|  |TAMS 0x00000000a8a00000| PB 0x00000000a8a00000| Untracked 
| 651|0x00000000a8b00000, 0x00000000a8b00000, 0x00000000a8c00000|  0%| F|  |TAMS 0x00000000a8b00000| PB 0x00000000a8b00000| Untracked 
| 652|0x00000000a8c00000, 0x00000000a8c00000, 0x00000000a8d00000|  0%| F|  |TAMS 0x00000000a8c00000| PB 0x00000000a8c00000| Untracked 
| 653|0x00000000a8d00000, 0x00000000a8d00000, 0x00000000a8e00000|  0%| F|  |TAMS 0x00000000a8d00000| PB 0x00000000a8d00000| Untracked 
| 654|0x00000000a8e00000, 0x00000000a8e00000, 0x00000000a8f00000|  0%| F|  |TAMS 0x00000000a8e00000| PB 0x00000000a8e00000| Untracked 
| 655|0x00000000a8f00000, 0x00000000a8f00000, 0x00000000a9000000|  0%| F|  |TAMS 0x00000000a8f00000| PB 0x00000000a8f00000| Untracked 
| 656|0x00000000a9000000, 0x00000000a9000000, 0x00000000a9100000|  0%| F|  |TAMS 0x00000000a9000000| PB 0x00000000a9000000| Untracked 
| 657|0x00000000a9100000, 0x00000000a9100000, 0x00000000a9200000|  0%| F|  |TAMS 0x00000000a9100000| PB 0x00000000a9100000| Untracked 
| 658|0x00000000a9200000, 0x00000000a9200000, 0x00000000a9300000|  0%| F|  |TAMS 0x00000000a9200000| PB 0x00000000a9200000| Untracked 
| 659|0x00000000a9300000, 0x00000000a9300000, 0x00000000a9400000|  0%| F|  |TAMS 0x00000000a9300000| PB 0x00000000a9300000| Untracked 
| 660|0x00000000a9400000, 0x00000000a9400000, 0x00000000a9500000|  0%| F|  |TAMS 0x00000000a9400000| PB 0x00000000a9400000| Untracked 
| 661|0x00000000a9500000, 0x00000000a9500000, 0x00000000a9600000|  0%| F|  |TAMS 0x00000000a9500000| PB 0x00000000a9500000| Untracked 
| 662|0x00000000a9600000, 0x00000000a9600000, 0x00000000a9700000|  0%| F|  |TAMS 0x00000000a9600000| PB 0x00000000a9600000| Untracked 
| 663|0x00000000a9700000, 0x00000000a9700000, 0x00000000a9800000|  0%| F|  |TAMS 0x00000000a9700000| PB 0x00000000a9700000| Untracked 
| 664|0x00000000a9800000, 0x00000000a9800000, 0x00000000a9900000|  0%| F|  |TAMS 0x00000000a9800000| PB 0x00000000a9800000| Untracked 
| 665|0x00000000a9900000, 0x00000000a9900000, 0x00000000a9a00000|  0%| F|  |TAMS 0x00000000a9900000| PB 0x00000000a9900000| Untracked 
| 666|0x00000000a9a00000, 0x00000000a9a00000, 0x00000000a9b00000|  0%| F|  |TAMS 0x00000000a9a00000| PB 0x00000000a9a00000| Untracked 
| 667|0x00000000a9b00000, 0x00000000a9b00000, 0x00000000a9c00000|  0%| F|  |TAMS 0x00000000a9b00000| PB 0x00000000a9b00000| Untracked 
| 668|0x00000000a9c00000, 0x00000000a9c00000, 0x00000000a9d00000|  0%| F|  |TAMS 0x00000000a9c00000| PB 0x00000000a9c00000| Untracked 
| 669|0x00000000a9d00000, 0x00000000a9d00000, 0x00000000a9e00000|  0%| F|  |TAMS 0x00000000a9d00000| PB 0x00000000a9d00000| Untracked 
| 670|0x00000000a9e00000, 0x00000000a9e00000, 0x00000000a9f00000|  0%| F|  |TAMS 0x00000000a9e00000| PB 0x00000000a9e00000| Untracked 
| 671|0x00000000a9f00000, 0x00000000a9f00000, 0x00000000aa000000|  0%| F|  |TAMS 0x00000000a9f00000| PB 0x00000000a9f00000| Untracked 
| 672|0x00000000aa000000, 0x00000000aa000000, 0x00000000aa100000|  0%| F|  |TAMS 0x00000000aa000000| PB 0x00000000aa000000| Untracked 
| 673|0x00000000aa100000, 0x00000000aa100000, 0x00000000aa200000|  0%| F|  |TAMS 0x00000000aa100000| PB 0x00000000aa100000| Untracked 
| 674|0x00000000aa200000, 0x00000000aa200000, 0x00000000aa300000|  0%| F|  |TAMS 0x00000000aa200000| PB 0x00000000aa200000| Untracked 
| 675|0x00000000aa300000, 0x00000000aa300000, 0x00000000aa400000|  0%| F|  |TAMS 0x00000000aa300000| PB 0x00000000aa300000| Untracked 
| 676|0x00000000aa400000, 0x00000000aa400000, 0x00000000aa500000|  0%| F|  |TAMS 0x00000000aa400000| PB 0x00000000aa400000| Untracked 
| 677|0x00000000aa500000, 0x00000000aa500000, 0x00000000aa600000|  0%| F|  |TAMS 0x00000000aa500000| PB 0x00000000aa500000| Untracked 
| 678|0x00000000aa600000, 0x00000000aa600000, 0x00000000aa700000|  0%| F|  |TAMS 0x00000000aa600000| PB 0x00000000aa600000| Untracked 
| 679|0x00000000aa700000, 0x00000000aa700000, 0x00000000aa800000|  0%| F|  |TAMS 0x00000000aa700000| PB 0x00000000aa700000| Untracked 
| 680|0x00000000aa800000, 0x00000000aa800000, 0x00000000aa900000|  0%| F|  |TAMS 0x00000000aa800000| PB 0x00000000aa800000| Untracked 
| 681|0x00000000aa900000, 0x00000000aa900000, 0x00000000aaa00000|  0%| F|  |TAMS 0x00000000aa900000| PB 0x00000000aa900000| Untracked 
| 682|0x00000000aaa00000, 0x00000000aaa00000, 0x00000000aab00000|  0%| F|  |TAMS 0x00000000aaa00000| PB 0x00000000aaa00000| Untracked 
| 683|0x00000000aab00000, 0x00000000aab00000, 0x00000000aac00000|  0%| F|  |TAMS 0x00000000aab00000| PB 0x00000000aab00000| Untracked 
| 684|0x00000000aac00000, 0x00000000aac00000, 0x00000000aad00000|  0%| F|  |TAMS 0x00000000aac00000| PB 0x00000000aac00000| Untracked 
| 685|0x00000000aad00000, 0x00000000aad00000, 0x00000000aae00000|  0%| F|  |TAMS 0x00000000aad00000| PB 0x00000000aad00000| Untracked 
| 686|0x00000000aae00000, 0x00000000aae00000, 0x00000000aaf00000|  0%| F|  |TAMS 0x00000000aae00000| PB 0x00000000aae00000| Untracked 
| 687|0x00000000aaf00000, 0x00000000aaf00000, 0x00000000ab000000|  0%| F|  |TAMS 0x00000000aaf00000| PB 0x00000000aaf00000| Untracked 
| 688|0x00000000ab000000, 0x00000000ab000000, 0x00000000ab100000|  0%| F|  |TAMS 0x00000000ab000000| PB 0x00000000ab000000| Untracked 
| 689|0x00000000ab100000, 0x00000000ab100000, 0x00000000ab200000|  0%| F|  |TAMS 0x00000000ab100000| PB 0x00000000ab100000| Untracked 
| 690|0x00000000ab200000, 0x00000000ab200000, 0x00000000ab300000|  0%| F|  |TAMS 0x00000000ab200000| PB 0x00000000ab200000| Untracked 
| 691|0x00000000ab300000, 0x00000000ab300000, 0x00000000ab400000|  0%| F|  |TAMS 0x00000000ab300000| PB 0x00000000ab300000| Untracked 
| 692|0x00000000ab400000, 0x00000000ab400000, 0x00000000ab500000|  0%| F|  |TAMS 0x00000000ab400000| PB 0x00000000ab400000| Untracked 
| 693|0x00000000ab500000, 0x00000000ab500000, 0x00000000ab600000|  0%| F|  |TAMS 0x00000000ab500000| PB 0x00000000ab500000| Untracked 
| 694|0x00000000ab600000, 0x00000000ab600000, 0x00000000ab700000|  0%| F|  |TAMS 0x00000000ab600000| PB 0x00000000ab600000| Untracked 
| 695|0x00000000ab700000, 0x00000000ab700000, 0x00000000ab800000|  0%| F|  |TAMS 0x00000000ab700000| PB 0x00000000ab700000| Untracked 
| 696|0x00000000ab800000, 0x00000000ab800000, 0x00000000ab900000|  0%| F|  |TAMS 0x00000000ab800000| PB 0x00000000ab800000| Untracked 
| 697|0x00000000ab900000, 0x00000000ab900000, 0x00000000aba00000|  0%| F|  |TAMS 0x00000000ab900000| PB 0x00000000ab900000| Untracked 
| 698|0x00000000aba00000, 0x00000000aba00000, 0x00000000abb00000|  0%| F|  |TAMS 0x00000000aba00000| PB 0x00000000aba00000| Untracked 
| 699|0x00000000abb00000, 0x00000000abb00000, 0x00000000abc00000|  0%| F|  |TAMS 0x00000000abb00000| PB 0x00000000abb00000| Untracked 
| 700|0x00000000abc00000, 0x00000000abc00000, 0x00000000abd00000|  0%| F|  |TAMS 0x00000000abc00000| PB 0x00000000abc00000| Untracked 
| 701|0x00000000abd00000, 0x00000000abd00000, 0x00000000abe00000|  0%| F|  |TAMS 0x00000000abd00000| PB 0x00000000abd00000| Untracked 
| 702|0x00000000abe00000, 0x00000000abe00000, 0x00000000abf00000|  0%| F|  |TAMS 0x00000000abe00000| PB 0x00000000abe00000| Untracked 
| 703|0x00000000abf00000, 0x00000000abf00000, 0x00000000ac000000|  0%| F|  |TAMS 0x00000000abf00000| PB 0x00000000abf00000| Untracked 
| 704|0x00000000ac000000, 0x00000000ac000000, 0x00000000ac100000|  0%| F|  |TAMS 0x00000000ac000000| PB 0x00000000ac000000| Untracked 
| 705|0x00000000ac100000, 0x00000000ac100000, 0x00000000ac200000|  0%| F|  |TAMS 0x00000000ac100000| PB 0x00000000ac100000| Untracked 
| 706|0x00000000ac200000, 0x00000000ac200000, 0x00000000ac300000|  0%| F|  |TAMS 0x00000000ac200000| PB 0x00000000ac200000| Untracked 
| 707|0x00000000ac300000, 0x00000000ac300000, 0x00000000ac400000|  0%| F|  |TAMS 0x00000000ac300000| PB 0x00000000ac300000| Untracked 
| 708|0x00000000ac400000, 0x00000000ac400000, 0x00000000ac500000|  0%| F|  |TAMS 0x00000000ac400000| PB 0x00000000ac400000| Untracked 
| 709|0x00000000ac500000, 0x00000000ac500000, 0x00000000ac600000|  0%| F|  |TAMS 0x00000000ac500000| PB 0x00000000ac500000| Untracked 
| 710|0x00000000ac600000, 0x00000000ac600000, 0x00000000ac700000|  0%| F|  |TAMS 0x00000000ac600000| PB 0x00000000ac600000| Untracked 
| 711|0x00000000ac700000, 0x00000000ac700000, 0x00000000ac800000|  0%| F|  |TAMS 0x00000000ac700000| PB 0x00000000ac700000| Untracked 
| 712|0x00000000ac800000, 0x00000000ac800000, 0x00000000ac900000|  0%| F|  |TAMS 0x00000000ac800000| PB 0x00000000ac800000| Untracked 
| 713|0x00000000ac900000, 0x00000000ac900000, 0x00000000aca00000|  0%| F|  |TAMS 0x00000000ac900000| PB 0x00000000ac900000| Untracked 
| 714|0x00000000aca00000, 0x00000000aca00000, 0x00000000acb00000|  0%| F|  |TAMS 0x00000000aca00000| PB 0x00000000aca00000| Untracked 
| 715|0x00000000acb00000, 0x00000000acb00000, 0x00000000acc00000|  0%| F|  |TAMS 0x00000000acb00000| PB 0x00000000acb00000| Untracked 
| 716|0x00000000acc00000, 0x00000000acc00000, 0x00000000acd00000|  0%| F|  |TAMS 0x00000000acc00000| PB 0x00000000acc00000| Untracked 
| 717|0x00000000acd00000, 0x00000000acd00000, 0x00000000ace00000|  0%| F|  |TAMS 0x00000000acd00000| PB 0x00000000acd00000| Untracked 
| 718|0x00000000ace00000, 0x00000000ace00000, 0x00000000acf00000|  0%| F|  |TAMS 0x00000000ace00000| PB 0x00000000ace00000| Untracked 
| 719|0x00000000acf00000, 0x00000000acf00000, 0x00000000ad000000|  0%| F|  |TAMS 0x00000000acf00000| PB 0x00000000acf00000| Untracked 
| 720|0x00000000ad000000, 0x00000000ad000000, 0x00000000ad100000|  0%| F|  |TAMS 0x00000000ad000000| PB 0x00000000ad000000| Untracked 
| 721|0x00000000ad100000, 0x00000000ad100000, 0x00000000ad200000|  0%| F|  |TAMS 0x00000000ad100000| PB 0x00000000ad100000| Untracked 
| 722|0x00000000ad200000, 0x00000000ad200000, 0x00000000ad300000|  0%| F|  |TAMS 0x00000000ad200000| PB 0x00000000ad200000| Untracked 
| 723|0x00000000ad300000, 0x00000000ad300000, 0x00000000ad400000|  0%| F|  |TAMS 0x00000000ad300000| PB 0x00000000ad300000| Untracked 
| 724|0x00000000ad400000, 0x00000000ad400000, 0x00000000ad500000|  0%| F|  |TAMS 0x00000000ad400000| PB 0x00000000ad400000| Untracked 
| 725|0x00000000ad500000, 0x00000000ad500000, 0x00000000ad600000|  0%| F|  |TAMS 0x00000000ad500000| PB 0x00000000ad500000| Untracked 
| 726|0x00000000ad600000, 0x00000000ad600000, 0x00000000ad700000|  0%| F|  |TAMS 0x00000000ad600000| PB 0x00000000ad600000| Untracked 
| 727|0x00000000ad700000, 0x00000000ad700000, 0x00000000ad800000|  0%| F|  |TAMS 0x00000000ad700000| PB 0x00000000ad700000| Untracked 
| 728|0x00000000ad800000, 0x00000000ad800000, 0x00000000ad900000|  0%| F|  |TAMS 0x00000000ad800000| PB 0x00000000ad800000| Untracked 
| 729|0x00000000ad900000, 0x00000000ad900000, 0x00000000ada00000|  0%| F|  |TAMS 0x00000000ad900000| PB 0x00000000ad900000| Untracked 
| 730|0x00000000ada00000, 0x00000000ada00000, 0x00000000adb00000|  0%| F|  |TAMS 0x00000000ada00000| PB 0x00000000ada00000| Untracked 
| 731|0x00000000adb00000, 0x00000000adb00000, 0x00000000adc00000|  0%| F|  |TAMS 0x00000000adb00000| PB 0x00000000adb00000| Untracked 
| 732|0x00000000adc00000, 0x00000000adc00000, 0x00000000add00000|  0%| F|  |TAMS 0x00000000adc00000| PB 0x00000000adc00000| Untracked 
| 733|0x00000000add00000, 0x00000000add00000, 0x00000000ade00000|  0%| F|  |TAMS 0x00000000add00000| PB 0x00000000add00000| Untracked 
| 734|0x00000000ade00000, 0x00000000ade00000, 0x00000000adf00000|  0%| F|  |TAMS 0x00000000ade00000| PB 0x00000000ade00000| Untracked 
| 735|0x00000000adf00000, 0x00000000adf00000, 0x00000000ae000000|  0%| F|  |TAMS 0x00000000adf00000| PB 0x00000000adf00000| Untracked 
| 736|0x00000000ae000000, 0x00000000ae000000, 0x00000000ae100000|  0%| F|  |TAMS 0x00000000ae000000| PB 0x00000000ae000000| Untracked 
| 737|0x00000000ae100000, 0x00000000ae100000, 0x00000000ae200000|  0%| F|  |TAMS 0x00000000ae100000| PB 0x00000000ae100000| Untracked 
| 738|0x00000000ae200000, 0x00000000ae200000, 0x00000000ae300000|  0%| F|  |TAMS 0x00000000ae200000| PB 0x00000000ae200000| Untracked 
| 739|0x00000000ae300000, 0x00000000ae300000, 0x00000000ae400000|  0%| F|  |TAMS 0x00000000ae300000| PB 0x00000000ae300000| Untracked 
| 740|0x00000000ae400000, 0x00000000ae400000, 0x00000000ae500000|  0%| F|  |TAMS 0x00000000ae400000| PB 0x00000000ae400000| Untracked 
| 741|0x00000000ae500000, 0x00000000ae500000, 0x00000000ae600000|  0%| F|  |TAMS 0x00000000ae500000| PB 0x00000000ae500000| Untracked 
| 742|0x00000000ae600000, 0x00000000ae600000, 0x00000000ae700000|  0%| F|  |TAMS 0x00000000ae600000| PB 0x00000000ae600000| Untracked 
| 743|0x00000000ae700000, 0x00000000ae700000, 0x00000000ae800000|  0%| F|  |TAMS 0x00000000ae700000| PB 0x00000000ae700000| Untracked 
| 744|0x00000000ae800000, 0x00000000ae800000, 0x00000000ae900000|  0%| F|  |TAMS 0x00000000ae800000| PB 0x00000000ae800000| Untracked 
| 745|0x00000000ae900000, 0x00000000ae900000, 0x00000000aea00000|  0%| F|  |TAMS 0x00000000ae900000| PB 0x00000000ae900000| Untracked 
| 746|0x00000000aea00000, 0x00000000aea00000, 0x00000000aeb00000|  0%| F|  |TAMS 0x00000000aea00000| PB 0x00000000aea00000| Untracked 
| 747|0x00000000aeb00000, 0x00000000aeb00000, 0x00000000aec00000|  0%| F|  |TAMS 0x00000000aeb00000| PB 0x00000000aeb00000| Untracked 
| 748|0x00000000aec00000, 0x00000000aec00000, 0x00000000aed00000|  0%| F|  |TAMS 0x00000000aec00000| PB 0x00000000aec00000| Untracked 
| 749|0x00000000aed00000, 0x00000000aed00000, 0x00000000aee00000|  0%| F|  |TAMS 0x00000000aed00000| PB 0x00000000aed00000| Untracked 
| 750|0x00000000aee00000, 0x00000000aee00000, 0x00000000aef00000|  0%| F|  |TAMS 0x00000000aee00000| PB 0x00000000aee00000| Untracked 
| 751|0x00000000aef00000, 0x00000000aef00000, 0x00000000af000000|  0%| F|  |TAMS 0x00000000aef00000| PB 0x00000000aef00000| Untracked 
| 752|0x00000000af000000, 0x00000000af000000, 0x00000000af100000|  0%| F|  |TAMS 0x00000000af000000| PB 0x00000000af000000| Untracked 
| 753|0x00000000af100000, 0x00000000af100000, 0x00000000af200000|  0%| F|  |TAMS 0x00000000af100000| PB 0x00000000af100000| Untracked 
| 754|0x00000000af200000, 0x00000000af200000, 0x00000000af300000|  0%| F|  |TAMS 0x00000000af200000| PB 0x00000000af200000| Untracked 
| 755|0x00000000af300000, 0x00000000af300000, 0x00000000af400000|  0%| F|  |TAMS 0x00000000af300000| PB 0x00000000af300000| Untracked 
| 756|0x00000000af400000, 0x00000000af400000, 0x00000000af500000|  0%| F|  |TAMS 0x00000000af400000| PB 0x00000000af400000| Untracked 
| 757|0x00000000af500000, 0x00000000af500000, 0x00000000af600000|  0%| F|  |TAMS 0x00000000af500000| PB 0x00000000af500000| Untracked 
| 758|0x00000000af600000, 0x00000000af600000, 0x00000000af700000|  0%| F|  |TAMS 0x00000000af600000| PB 0x00000000af600000| Untracked 
| 759|0x00000000af700000, 0x00000000af700000, 0x00000000af800000|  0%| F|  |TAMS 0x00000000af700000| PB 0x00000000af700000| Untracked 
| 760|0x00000000af800000, 0x00000000af800000, 0x00000000af900000|  0%| F|  |TAMS 0x00000000af800000| PB 0x00000000af800000| Untracked 
| 761|0x00000000af900000, 0x00000000af900000, 0x00000000afa00000|  0%| F|  |TAMS 0x00000000af900000| PB 0x00000000af900000| Untracked 
| 762|0x00000000afa00000, 0x00000000afa00000, 0x00000000afb00000|  0%| F|  |TAMS 0x00000000afa00000| PB 0x00000000afa00000| Untracked 
| 763|0x00000000afb00000, 0x00000000afb00000, 0x00000000afc00000|  0%| F|  |TAMS 0x00000000afb00000| PB 0x00000000afb00000| Untracked 
| 764|0x00000000afc00000, 0x00000000afc00000, 0x00000000afd00000|  0%| F|  |TAMS 0x00000000afc00000| PB 0x00000000afc00000| Untracked 
| 765|0x00000000afd00000, 0x00000000afd00000, 0x00000000afe00000|  0%| F|  |TAMS 0x00000000afd00000| PB 0x00000000afd00000| Untracked 
| 766|0x00000000afe00000, 0x00000000afe00000, 0x00000000aff00000|  0%| F|  |TAMS 0x00000000afe00000| PB 0x00000000afe00000| Untracked 
| 767|0x00000000aff00000, 0x00000000aff00000, 0x00000000b0000000|  0%| F|  |TAMS 0x00000000aff00000| PB 0x00000000aff00000| Untracked 
| 768|0x00000000b0000000, 0x00000000b0000000, 0x00000000b0100000|  0%| F|  |TAMS 0x00000000b0000000| PB 0x00000000b0000000| Untracked 
| 769|0x00000000b0100000, 0x00000000b0100000, 0x00000000b0200000|  0%| F|  |TAMS 0x00000000b0100000| PB 0x00000000b0100000| Untracked 
| 770|0x00000000b0200000, 0x00000000b0200000, 0x00000000b0300000|  0%| F|  |TAMS 0x00000000b0200000| PB 0x00000000b0200000| Untracked 
| 771|0x00000000b0300000, 0x00000000b0300000, 0x00000000b0400000|  0%| F|  |TAMS 0x00000000b0300000| PB 0x00000000b0300000| Untracked 
| 772|0x00000000b0400000, 0x00000000b0400000, 0x00000000b0500000|  0%| F|  |TAMS 0x00000000b0400000| PB 0x00000000b0400000| Untracked 
| 773|0x00000000b0500000, 0x00000000b0500000, 0x00000000b0600000|  0%| F|  |TAMS 0x00000000b0500000| PB 0x00000000b0500000| Untracked 
| 774|0x00000000b0600000, 0x00000000b0600000, 0x00000000b0700000|  0%| F|  |TAMS 0x00000000b0600000| PB 0x00000000b0600000| Untracked 
| 775|0x00000000b0700000, 0x00000000b0700000, 0x00000000b0800000|  0%| F|  |TAMS 0x00000000b0700000| PB 0x00000000b0700000| Untracked 
| 776|0x00000000b0800000, 0x00000000b0800000, 0x00000000b0900000|  0%| F|  |TAMS 0x00000000b0800000| PB 0x00000000b0800000| Untracked 
| 777|0x00000000b0900000, 0x00000000b0900000, 0x00000000b0a00000|  0%| F|  |TAMS 0x00000000b0900000| PB 0x00000000b0900000| Untracked 
| 778|0x00000000b0a00000, 0x00000000b0a00000, 0x00000000b0b00000|  0%| F|  |TAMS 0x00000000b0a00000| PB 0x00000000b0a00000| Untracked 
| 779|0x00000000b0b00000, 0x00000000b0b00000, 0x00000000b0c00000|  0%| F|  |TAMS 0x00000000b0b00000| PB 0x00000000b0b00000| Untracked 
| 780|0x00000000b0c00000, 0x00000000b0c00000, 0x00000000b0d00000|  0%| F|  |TAMS 0x00000000b0c00000| PB 0x00000000b0c00000| Untracked 
| 781|0x00000000b0d00000, 0x00000000b0d00000, 0x00000000b0e00000|  0%| F|  |TAMS 0x00000000b0d00000| PB 0x00000000b0d00000| Untracked 
| 782|0x00000000b0e00000, 0x00000000b0e00000, 0x00000000b0f00000|  0%| F|  |TAMS 0x00000000b0e00000| PB 0x00000000b0e00000| Untracked 
| 783|0x00000000b0f00000, 0x00000000b0f00000, 0x00000000b1000000|  0%| F|  |TAMS 0x00000000b0f00000| PB 0x00000000b0f00000| Untracked 
| 784|0x00000000b1000000, 0x00000000b1000000, 0x00000000b1100000|  0%| F|  |TAMS 0x00000000b1000000| PB 0x00000000b1000000| Untracked 
| 785|0x00000000b1100000, 0x00000000b1100000, 0x00000000b1200000|  0%| F|  |TAMS 0x00000000b1100000| PB 0x00000000b1100000| Untracked 
| 786|0x00000000b1200000, 0x00000000b1200000, 0x00000000b1300000|  0%| F|  |TAMS 0x00000000b1200000| PB 0x00000000b1200000| Untracked 
| 787|0x00000000b1300000, 0x00000000b1300000, 0x00000000b1400000|  0%| F|  |TAMS 0x00000000b1300000| PB 0x00000000b1300000| Untracked 
| 788|0x00000000b1400000, 0x00000000b1400000, 0x00000000b1500000|  0%| F|  |TAMS 0x00000000b1400000| PB 0x00000000b1400000| Untracked 
| 789|0x00000000b1500000, 0x00000000b1500000, 0x00000000b1600000|  0%| F|  |TAMS 0x00000000b1500000| PB 0x00000000b1500000| Untracked 
| 790|0x00000000b1600000, 0x00000000b1600000, 0x00000000b1700000|  0%| F|  |TAMS 0x00000000b1600000| PB 0x00000000b1600000| Untracked 
| 791|0x00000000b1700000, 0x00000000b1700000, 0x00000000b1800000|  0%| F|  |TAMS 0x00000000b1700000| PB 0x00000000b1700000| Untracked 
| 792|0x00000000b1800000, 0x00000000b1800000, 0x00000000b1900000|  0%| F|  |TAMS 0x00000000b1800000| PB 0x00000000b1800000| Untracked 
| 793|0x00000000b1900000, 0x00000000b1900000, 0x00000000b1a00000|  0%| F|  |TAMS 0x00000000b1900000| PB 0x00000000b1900000| Untracked 
| 794|0x00000000b1a00000, 0x00000000b1a00000, 0x00000000b1b00000|  0%| F|  |TAMS 0x00000000b1a00000| PB 0x00000000b1a00000| Untracked 
| 795|0x00000000b1b00000, 0x00000000b1b00000, 0x00000000b1c00000|  0%| F|  |TAMS 0x00000000b1b00000| PB 0x00000000b1b00000| Untracked 
| 796|0x00000000b1c00000, 0x00000000b1c00000, 0x00000000b1d00000|  0%| F|  |TAMS 0x00000000b1c00000| PB 0x00000000b1c00000| Untracked 
| 797|0x00000000b1d00000, 0x00000000b1d00000, 0x00000000b1e00000|  0%| F|  |TAMS 0x00000000b1d00000| PB 0x00000000b1d00000| Untracked 
| 798|0x00000000b1e00000, 0x00000000b1e00000, 0x00000000b1f00000|  0%| F|  |TAMS 0x00000000b1e00000| PB 0x00000000b1e00000| Untracked 
| 799|0x00000000b1f00000, 0x00000000b1f00000, 0x00000000b2000000|  0%| F|  |TAMS 0x00000000b1f00000| PB 0x00000000b1f00000| Untracked 
| 800|0x00000000b2000000, 0x00000000b2000000, 0x00000000b2100000|  0%| F|  |TAMS 0x00000000b2000000| PB 0x00000000b2000000| Untracked 
| 801|0x00000000b2100000, 0x00000000b2100000, 0x00000000b2200000|  0%| F|  |TAMS 0x00000000b2100000| PB 0x00000000b2100000| Untracked 
| 802|0x00000000b2200000, 0x00000000b2200000, 0x00000000b2300000|  0%| F|  |TAMS 0x00000000b2200000| PB 0x00000000b2200000| Untracked 
| 803|0x00000000b2300000, 0x00000000b2300000, 0x00000000b2400000|  0%| F|  |TAMS 0x00000000b2300000| PB 0x00000000b2300000| Untracked 
| 804|0x00000000b2400000, 0x00000000b2400000, 0x00000000b2500000|  0%| F|  |TAMS 0x00000000b2400000| PB 0x00000000b2400000| Untracked 
| 805|0x00000000b2500000, 0x00000000b2500000, 0x00000000b2600000|  0%| F|  |TAMS 0x00000000b2500000| PB 0x00000000b2500000| Untracked 
| 806|0x00000000b2600000, 0x00000000b2600000, 0x00000000b2700000|  0%| F|  |TAMS 0x00000000b2600000| PB 0x00000000b2600000| Untracked 
| 807|0x00000000b2700000, 0x00000000b2700000, 0x00000000b2800000|  0%| F|  |TAMS 0x00000000b2700000| PB 0x00000000b2700000| Untracked 
| 808|0x00000000b2800000, 0x00000000b2800000, 0x00000000b2900000|  0%| F|  |TAMS 0x00000000b2800000| PB 0x00000000b2800000| Untracked 
| 809|0x00000000b2900000, 0x00000000b2900000, 0x00000000b2a00000|  0%| F|  |TAMS 0x00000000b2900000| PB 0x00000000b2900000| Untracked 
| 810|0x00000000b2a00000, 0x00000000b2a00000, 0x00000000b2b00000|  0%| F|  |TAMS 0x00000000b2a00000| PB 0x00000000b2a00000| Untracked 
| 811|0x00000000b2b00000, 0x00000000b2b00000, 0x00000000b2c00000|  0%| F|  |TAMS 0x00000000b2b00000| PB 0x00000000b2b00000| Untracked 
| 812|0x00000000b2c00000, 0x00000000b2c00000, 0x00000000b2d00000|  0%| F|  |TAMS 0x00000000b2c00000| PB 0x00000000b2c00000| Untracked 
| 813|0x00000000b2d00000, 0x00000000b2d00000, 0x00000000b2e00000|  0%| F|  |TAMS 0x00000000b2d00000| PB 0x00000000b2d00000| Untracked 
| 814|0x00000000b2e00000, 0x00000000b2e00000, 0x00000000b2f00000|  0%| F|  |TAMS 0x00000000b2e00000| PB 0x00000000b2e00000| Untracked 
| 815|0x00000000b2f00000, 0x00000000b2f00000, 0x00000000b3000000|  0%| F|  |TAMS 0x00000000b2f00000| PB 0x00000000b2f00000| Untracked 
| 816|0x00000000b3000000, 0x00000000b3000000, 0x00000000b3100000|  0%| F|  |TAMS 0x00000000b3000000| PB 0x00000000b3000000| Untracked 
| 817|0x00000000b3100000, 0x00000000b3100000, 0x00000000b3200000|  0%| F|  |TAMS 0x00000000b3100000| PB 0x00000000b3100000| Untracked 
| 818|0x00000000b3200000, 0x00000000b3200000, 0x00000000b3300000|  0%| F|  |TAMS 0x00000000b3200000| PB 0x00000000b3200000| Untracked 
| 819|0x00000000b3300000, 0x00000000b3300000, 0x00000000b3400000|  0%| F|  |TAMS 0x00000000b3300000| PB 0x00000000b3300000| Untracked 
| 820|0x00000000b3400000, 0x00000000b3400000, 0x00000000b3500000|  0%| F|  |TAMS 0x00000000b3400000| PB 0x00000000b3400000| Untracked 
| 821|0x00000000b3500000, 0x00000000b3500000, 0x00000000b3600000|  0%| F|  |TAMS 0x00000000b3500000| PB 0x00000000b3500000| Untracked 
| 822|0x00000000b3600000, 0x00000000b3600000, 0x00000000b3700000|  0%| F|  |TAMS 0x00000000b3600000| PB 0x00000000b3600000| Untracked 
| 823|0x00000000b3700000, 0x00000000b3700000, 0x00000000b3800000|  0%| F|  |TAMS 0x00000000b3700000| PB 0x00000000b3700000| Untracked 
| 824|0x00000000b3800000, 0x00000000b3800000, 0x00000000b3900000|  0%| F|  |TAMS 0x00000000b3800000| PB 0x00000000b3800000| Untracked 
| 825|0x00000000b3900000, 0x00000000b3900000, 0x00000000b3a00000|  0%| F|  |TAMS 0x00000000b3900000| PB 0x00000000b3900000| Untracked 
| 826|0x00000000b3a00000, 0x00000000b3a00000, 0x00000000b3b00000|  0%| F|  |TAMS 0x00000000b3a00000| PB 0x00000000b3a00000| Untracked 
| 827|0x00000000b3b00000, 0x00000000b3b00000, 0x00000000b3c00000|  0%| F|  |TAMS 0x00000000b3b00000| PB 0x00000000b3b00000| Untracked 
| 828|0x00000000b3c00000, 0x00000000b3c00000, 0x00000000b3d00000|  0%| F|  |TAMS 0x00000000b3c00000| PB 0x00000000b3c00000| Untracked 
| 829|0x00000000b3d00000, 0x00000000b3d00000, 0x00000000b3e00000|  0%| F|  |TAMS 0x00000000b3d00000| PB 0x00000000b3d00000| Untracked 
| 830|0x00000000b3e00000, 0x00000000b3e00000, 0x00000000b3f00000|  0%| F|  |TAMS 0x00000000b3e00000| PB 0x00000000b3e00000| Untracked 
| 831|0x00000000b3f00000, 0x00000000b3f00000, 0x00000000b4000000|  0%| F|  |TAMS 0x00000000b3f00000| PB 0x00000000b3f00000| Untracked 
| 832|0x00000000b4000000, 0x00000000b4000000, 0x00000000b4100000|  0%| F|  |TAMS 0x00000000b4000000| PB 0x00000000b4000000| Untracked 
| 833|0x00000000b4100000, 0x00000000b4100000, 0x00000000b4200000|  0%| F|  |TAMS 0x00000000b4100000| PB 0x00000000b4100000| Untracked 
| 834|0x00000000b4200000, 0x00000000b4200000, 0x00000000b4300000|  0%| F|  |TAMS 0x00000000b4200000| PB 0x00000000b4200000| Untracked 
| 835|0x00000000b4300000, 0x00000000b4300000, 0x00000000b4400000|  0%| F|  |TAMS 0x00000000b4300000| PB 0x00000000b4300000| Untracked 
| 836|0x00000000b4400000, 0x00000000b4400000, 0x00000000b4500000|  0%| F|  |TAMS 0x00000000b4400000| PB 0x00000000b4400000| Untracked 
| 837|0x00000000b4500000, 0x00000000b4500000, 0x00000000b4600000|  0%| F|  |TAMS 0x00000000b4500000| PB 0x00000000b4500000| Untracked 
| 838|0x00000000b4600000, 0x00000000b4600000, 0x00000000b4700000|  0%| F|  |TAMS 0x00000000b4600000| PB 0x00000000b4600000| Untracked 
| 839|0x00000000b4700000, 0x00000000b4700000, 0x00000000b4800000|  0%| F|  |TAMS 0x00000000b4700000| PB 0x00000000b4700000| Untracked 
| 840|0x00000000b4800000, 0x00000000b4800000, 0x00000000b4900000|  0%| F|  |TAMS 0x00000000b4800000| PB 0x00000000b4800000| Untracked 
| 841|0x00000000b4900000, 0x00000000b4900000, 0x00000000b4a00000|  0%| F|  |TAMS 0x00000000b4900000| PB 0x00000000b4900000| Untracked 
| 842|0x00000000b4a00000, 0x00000000b4a00000, 0x00000000b4b00000|  0%| F|  |TAMS 0x00000000b4a00000| PB 0x00000000b4a00000| Untracked 
| 843|0x00000000b4b00000, 0x00000000b4b00000, 0x00000000b4c00000|  0%| F|  |TAMS 0x00000000b4b00000| PB 0x00000000b4b00000| Untracked 
| 844|0x00000000b4c00000, 0x00000000b4c00000, 0x00000000b4d00000|  0%| F|  |TAMS 0x00000000b4c00000| PB 0x00000000b4c00000| Untracked 
| 845|0x00000000b4d00000, 0x00000000b4d00000, 0x00000000b4e00000|  0%| F|  |TAMS 0x00000000b4d00000| PB 0x00000000b4d00000| Untracked 
| 846|0x00000000b4e00000, 0x00000000b4e00000, 0x00000000b4f00000|  0%| F|  |TAMS 0x00000000b4e00000| PB 0x00000000b4e00000| Untracked 
| 847|0x00000000b4f00000, 0x00000000b4f80000, 0x00000000b5000000| 50%| E|  |TAMS 0x00000000b4f00000| PB 0x00000000b4f00000| Complete 
| 848|0x00000000b5000000, 0x00000000b5100000, 0x00000000b5100000|100%| E|CS|TAMS 0x00000000b5000000| PB 0x00000000b5000000| Complete 
| 849|0x00000000b5100000, 0x00000000b5200000, 0x00000000b5200000|100%| E|CS|TAMS 0x00000000b5100000| PB 0x00000000b5100000| Complete 
| 850|0x00000000b5200000, 0x00000000b5300000, 0x00000000b5300000|100%| E|CS|TAMS 0x00000000b5200000| PB 0x00000000b5200000| Complete 
| 851|0x00000000b5300000, 0x00000000b5400000, 0x00000000b5400000|100%| E|CS|TAMS 0x00000000b5300000| PB 0x00000000b5300000| Complete 
| 852|0x00000000b5400000, 0x00000000b5500000, 0x00000000b5500000|100%| E|CS|TAMS 0x00000000b5400000| PB 0x00000000b5400000| Complete 
| 853|0x00000000b5500000, 0x00000000b5600000, 0x00000000b5600000|100%| E|CS|TAMS 0x00000000b5500000| PB 0x00000000b5500000| Complete 
| 854|0x00000000b5600000, 0x00000000b5700000, 0x00000000b5700000|100%| E|CS|TAMS 0x00000000b5600000| PB 0x00000000b5600000| Complete 
| 855|0x00000000b5700000, 0x00000000b5800000, 0x00000000b5800000|100%| E|CS|TAMS 0x00000000b5700000| PB 0x00000000b5700000| Complete 
| 856|0x00000000b5800000, 0x00000000b5900000, 0x00000000b5900000|100%| E|CS|TAMS 0x00000000b5800000| PB 0x00000000b5800000| Complete 
| 857|0x00000000b5900000, 0x00000000b5a00000, 0x00000000b5a00000|100%| E|CS|TAMS 0x00000000b5900000| PB 0x00000000b5900000| Complete 
| 858|0x00000000b5a00000, 0x00000000b5b00000, 0x00000000b5b00000|100%| E|CS|TAMS 0x00000000b5a00000| PB 0x00000000b5a00000| Complete 
| 859|0x00000000b5b00000, 0x00000000b5c00000, 0x00000000b5c00000|100%| E|CS|TAMS 0x00000000b5b00000| PB 0x00000000b5b00000| Complete 
| 860|0x00000000b5c00000, 0x00000000b5d00000, 0x00000000b5d00000|100%| E|CS|TAMS 0x00000000b5c00000| PB 0x00000000b5c00000| Complete 
| 861|0x00000000b5d00000, 0x00000000b5e00000, 0x00000000b5e00000|100%| E|CS|TAMS 0x00000000b5d00000| PB 0x00000000b5d00000| Complete 
| 862|0x00000000b5e00000, 0x00000000b5f00000, 0x00000000b5f00000|100%| E|CS|TAMS 0x00000000b5e00000| PB 0x00000000b5e00000| Complete 
| 863|0x00000000b5f00000, 0x00000000b6000000, 0x00000000b6000000|100%| E|CS|TAMS 0x00000000b5f00000| PB 0x00000000b5f00000| Complete 
| 864|0x00000000b6000000, 0x00000000b6100000, 0x00000000b6100000|100%| E|CS|TAMS 0x00000000b6000000| PB 0x00000000b6000000| Complete 
| 865|0x00000000b6100000, 0x00000000b6200000, 0x00000000b6200000|100%| E|CS|TAMS 0x00000000b6100000| PB 0x00000000b6100000| Complete 
| 866|0x00000000b6200000, 0x00000000b6300000, 0x00000000b6300000|100%| E|CS|TAMS 0x00000000b6200000| PB 0x00000000b6200000| Complete 
| 867|0x00000000b6300000, 0x00000000b6400000, 0x00000000b6400000|100%| E|CS|TAMS 0x00000000b6300000| PB 0x00000000b6300000| Complete 
| 868|0x00000000b6400000, 0x00000000b6500000, 0x00000000b6500000|100%| E|CS|TAMS 0x00000000b6400000| PB 0x00000000b6400000| Complete 
| 869|0x00000000b6500000, 0x00000000b6600000, 0x00000000b6600000|100%| E|CS|TAMS 0x00000000b6500000| PB 0x00000000b6500000| Complete 
| 870|0x00000000b6600000, 0x00000000b6700000, 0x00000000b6700000|100%| E|CS|TAMS 0x00000000b6600000| PB 0x00000000b6600000| Complete 
| 871|0x00000000b6700000, 0x00000000b6800000, 0x00000000b6800000|100%| E|CS|TAMS 0x00000000b6700000| PB 0x00000000b6700000| Complete 
| 872|0x00000000b6800000, 0x00000000b6900000, 0x00000000b6900000|100%| E|CS|TAMS 0x00000000b6800000| PB 0x00000000b6800000| Complete 
| 873|0x00000000b6900000, 0x00000000b6a00000, 0x00000000b6a00000|100%| E|CS|TAMS 0x00000000b6900000| PB 0x00000000b6900000| Complete 
| 874|0x00000000b6a00000, 0x00000000b6b00000, 0x00000000b6b00000|100%| E|CS|TAMS 0x00000000b6a00000| PB 0x00000000b6a00000| Complete 
| 875|0x00000000b6b00000, 0x00000000b6c00000, 0x00000000b6c00000|100%| E|CS|TAMS 0x00000000b6b00000| PB 0x00000000b6b00000| Complete 
| 876|0x00000000b6c00000, 0x00000000b6d00000, 0x00000000b6d00000|100%| E|CS|TAMS 0x00000000b6c00000| PB 0x00000000b6c00000| Complete 
| 877|0x00000000b6d00000, 0x00000000b6e00000, 0x00000000b6e00000|100%| E|CS|TAMS 0x00000000b6d00000| PB 0x00000000b6d00000| Complete 
| 878|0x00000000b6e00000, 0x00000000b6f00000, 0x00000000b6f00000|100%| E|CS|TAMS 0x00000000b6e00000| PB 0x00000000b6e00000| Complete 
| 879|0x00000000b6f00000, 0x00000000b7000000, 0x00000000b7000000|100%| E|CS|TAMS 0x00000000b6f00000| PB 0x00000000b6f00000| Complete 
| 880|0x00000000b7000000, 0x00000000b7100000, 0x00000000b7100000|100%| E|CS|TAMS 0x00000000b7000000| PB 0x00000000b7000000| Complete 
| 881|0x00000000b7100000, 0x00000000b7200000, 0x00000000b7200000|100%| E|CS|TAMS 0x00000000b7100000| PB 0x00000000b7100000| Complete 
| 882|0x00000000b7200000, 0x00000000b7300000, 0x00000000b7300000|100%| E|CS|TAMS 0x00000000b7200000| PB 0x00000000b7200000| Complete 
| 883|0x00000000b7300000, 0x00000000b7400000, 0x00000000b7400000|100%| E|CS|TAMS 0x00000000b7300000| PB 0x00000000b7300000| Complete 
| 884|0x00000000b7400000, 0x00000000b7500000, 0x00000000b7500000|100%| E|CS|TAMS 0x00000000b7400000| PB 0x00000000b7400000| Complete 
| 885|0x00000000b7500000, 0x00000000b7600000, 0x00000000b7600000|100%| E|CS|TAMS 0x00000000b7500000| PB 0x00000000b7500000| Complete 
| 886|0x00000000b7600000, 0x00000000b7700000, 0x00000000b7700000|100%| E|CS|TAMS 0x00000000b7600000| PB 0x00000000b7600000| Complete 
| 887|0x00000000b7700000, 0x00000000b7800000, 0x00000000b7800000|100%| E|CS|TAMS 0x00000000b7700000| PB 0x00000000b7700000| Complete 
| 888|0x00000000b7800000, 0x00000000b7900000, 0x00000000b7900000|100%| E|CS|TAMS 0x00000000b7800000| PB 0x00000000b7800000| Complete 
| 889|0x00000000b7900000, 0x00000000b7a00000, 0x00000000b7a00000|100%| E|CS|TAMS 0x00000000b7900000| PB 0x00000000b7900000| Complete 
| 890|0x00000000b7a00000, 0x00000000b7b00000, 0x00000000b7b00000|100%| E|CS|TAMS 0x00000000b7a00000| PB 0x00000000b7a00000| Complete 
| 891|0x00000000b7b00000, 0x00000000b7c00000, 0x00000000b7c00000|100%| E|CS|TAMS 0x00000000b7b00000| PB 0x00000000b7b00000| Complete 
| 892|0x00000000b7c00000, 0x00000000b7d00000, 0x00000000b7d00000|100%| E|CS|TAMS 0x00000000b7c00000| PB 0x00000000b7c00000| Complete 
| 893|0x00000000b7d00000, 0x00000000b7e00000, 0x00000000b7e00000|100%| E|CS|TAMS 0x00000000b7d00000| PB 0x00000000b7d00000| Complete 
| 894|0x00000000b7e00000, 0x00000000b7f00000, 0x00000000b7f00000|100%| E|CS|TAMS 0x00000000b7e00000| PB 0x00000000b7e00000| Complete 
| 895|0x00000000b7f00000, 0x00000000b8000000, 0x00000000b8000000|100%| E|CS|TAMS 0x00000000b7f00000| PB 0x00000000b7f00000| Complete 
| 896|0x00000000b8000000, 0x00000000b8100000, 0x00000000b8100000|100%| E|CS|TAMS 0x00000000b8000000| PB 0x00000000b8000000| Complete 
| 897|0x00000000b8100000, 0x00000000b8200000, 0x00000000b8200000|100%| E|CS|TAMS 0x00000000b8100000| PB 0x00000000b8100000| Complete 
| 898|0x00000000b8200000, 0x00000000b8300000, 0x00000000b8300000|100%| E|CS|TAMS 0x00000000b8200000| PB 0x00000000b8200000| Complete 
| 899|0x00000000b8300000, 0x00000000b8400000, 0x00000000b8400000|100%| E|CS|TAMS 0x00000000b8300000| PB 0x00000000b8300000| Complete 
| 900|0x00000000b8400000, 0x00000000b8500000, 0x00000000b8500000|100%| E|CS|TAMS 0x00000000b8400000| PB 0x00000000b8400000| Complete 
| 901|0x00000000b8500000, 0x00000000b8600000, 0x00000000b8600000|100%| E|CS|TAMS 0x00000000b8500000| PB 0x00000000b8500000| Complete 
| 902|0x00000000b8600000, 0x00000000b8700000, 0x00000000b8700000|100%| E|CS|TAMS 0x00000000b8600000| PB 0x00000000b8600000| Complete 
| 903|0x00000000b8700000, 0x00000000b8800000, 0x00000000b8800000|100%| E|CS|TAMS 0x00000000b8700000| PB 0x00000000b8700000| Complete 
| 904|0x00000000b8800000, 0x00000000b8900000, 0x00000000b8900000|100%| E|CS|TAMS 0x00000000b8800000| PB 0x00000000b8800000| Complete 
| 905|0x00000000b8900000, 0x00000000b8a00000, 0x00000000b8a00000|100%| E|CS|TAMS 0x00000000b8900000| PB 0x00000000b8900000| Complete 
| 906|0x00000000b8a00000, 0x00000000b8b00000, 0x00000000b8b00000|100%| E|CS|TAMS 0x00000000b8a00000| PB 0x00000000b8a00000| Complete 
| 907|0x00000000b8b00000, 0x00000000b8c00000, 0x00000000b8c00000|100%| E|CS|TAMS 0x00000000b8b00000| PB 0x00000000b8b00000| Complete 
| 908|0x00000000b8c00000, 0x00000000b8d00000, 0x00000000b8d00000|100%| E|CS|TAMS 0x00000000b8c00000| PB 0x00000000b8c00000| Complete 
| 909|0x00000000b8d00000, 0x00000000b8e00000, 0x00000000b8e00000|100%| E|CS|TAMS 0x00000000b8d00000| PB 0x00000000b8d00000| Complete 
| 910|0x00000000b8e00000, 0x00000000b8f00000, 0x00000000b8f00000|100%| E|CS|TAMS 0x00000000b8e00000| PB 0x00000000b8e00000| Complete 
| 911|0x00000000b8f00000, 0x00000000b9000000, 0x00000000b9000000|100%| E|CS|TAMS 0x00000000b8f00000| PB 0x00000000b8f00000| Complete 
| 912|0x00000000b9000000, 0x00000000b9100000, 0x00000000b9100000|100%| E|CS|TAMS 0x00000000b9000000| PB 0x00000000b9000000| Complete 
| 913|0x00000000b9100000, 0x00000000b9200000, 0x00000000b9200000|100%| E|CS|TAMS 0x00000000b9100000| PB 0x00000000b9100000| Complete 
| 914|0x00000000b9200000, 0x00000000b9300000, 0x00000000b9300000|100%| E|CS|TAMS 0x00000000b9200000| PB 0x00000000b9200000| Complete 
| 915|0x00000000b9300000, 0x00000000b9400000, 0x00000000b9400000|100%| E|CS|TAMS 0x00000000b9300000| PB 0x00000000b9300000| Complete 
| 916|0x00000000b9400000, 0x00000000b9500000, 0x00000000b9500000|100%| E|CS|TAMS 0x00000000b9400000| PB 0x00000000b9400000| Complete 
| 917|0x00000000b9500000, 0x00000000b9600000, 0x00000000b9600000|100%| E|CS|TAMS 0x00000000b9500000| PB 0x00000000b9500000| Complete 
| 918|0x00000000b9600000, 0x00000000b9700000, 0x00000000b9700000|100%| E|CS|TAMS 0x00000000b9600000| PB 0x00000000b9600000| Complete 
| 919|0x00000000b9700000, 0x00000000b9800000, 0x00000000b9800000|100%| E|CS|TAMS 0x00000000b9700000| PB 0x00000000b9700000| Complete 
| 920|0x00000000b9800000, 0x00000000b9900000, 0x00000000b9900000|100%| E|CS|TAMS 0x00000000b9800000| PB 0x00000000b9800000| Complete 
| 921|0x00000000b9900000, 0x00000000b9a00000, 0x00000000b9a00000|100%| E|CS|TAMS 0x00000000b9900000| PB 0x00000000b9900000| Complete 
| 922|0x00000000b9a00000, 0x00000000b9b00000, 0x00000000b9b00000|100%| E|CS|TAMS 0x00000000b9a00000| PB 0x00000000b9a00000| Complete 
| 923|0x00000000b9b00000, 0x00000000b9c00000, 0x00000000b9c00000|100%| E|CS|TAMS 0x00000000b9b00000| PB 0x00000000b9b00000| Complete 
| 924|0x00000000b9c00000, 0x00000000b9d00000, 0x00000000b9d00000|100%| E|CS|TAMS 0x00000000b9c00000| PB 0x00000000b9c00000| Complete 
| 925|0x00000000b9d00000, 0x00000000b9e00000, 0x00000000b9e00000|100%| E|CS|TAMS 0x00000000b9d00000| PB 0x00000000b9d00000| Complete 
| 926|0x00000000b9e00000, 0x00000000b9f00000, 0x00000000b9f00000|100%| E|CS|TAMS 0x00000000b9e00000| PB 0x00000000b9e00000| Complete 
| 927|0x00000000b9f00000, 0x00000000ba000000, 0x00000000ba000000|100%| E|CS|TAMS 0x00000000b9f00000| PB 0x00000000b9f00000| Complete 
| 928|0x00000000ba000000, 0x00000000ba100000, 0x00000000ba100000|100%| E|CS|TAMS 0x00000000ba000000| PB 0x00000000ba000000| Complete 
| 929|0x00000000ba100000, 0x00000000ba200000, 0x00000000ba200000|100%| E|CS|TAMS 0x00000000ba100000| PB 0x00000000ba100000| Complete 
| 930|0x00000000ba200000, 0x00000000ba300000, 0x00000000ba300000|100%| E|CS|TAMS 0x00000000ba200000| PB 0x00000000ba200000| Complete 
| 931|0x00000000ba300000, 0x00000000ba400000, 0x00000000ba400000|100%| E|CS|TAMS 0x00000000ba300000| PB 0x00000000ba300000| Complete 
| 932|0x00000000ba400000, 0x00000000ba500000, 0x00000000ba500000|100%| E|CS|TAMS 0x00000000ba400000| PB 0x00000000ba400000| Complete 
| 933|0x00000000ba500000, 0x00000000ba600000, 0x00000000ba600000|100%| E|CS|TAMS 0x00000000ba500000| PB 0x00000000ba500000| Complete 
| 934|0x00000000ba600000, 0x00000000ba700000, 0x00000000ba700000|100%| E|CS|TAMS 0x00000000ba600000| PB 0x00000000ba600000| Complete 
| 935|0x00000000ba700000, 0x00000000ba800000, 0x00000000ba800000|100%| E|CS|TAMS 0x00000000ba700000| PB 0x00000000ba700000| Complete 
| 936|0x00000000ba800000, 0x00000000ba900000, 0x00000000ba900000|100%| E|CS|TAMS 0x00000000ba800000| PB 0x00000000ba800000| Complete 
| 937|0x00000000ba900000, 0x00000000baa00000, 0x00000000baa00000|100%| E|CS|TAMS 0x00000000ba900000| PB 0x00000000ba900000| Complete 
| 938|0x00000000baa00000, 0x00000000bab00000, 0x00000000bab00000|100%| E|CS|TAMS 0x00000000baa00000| PB 0x00000000baa00000| Complete 
| 939|0x00000000bab00000, 0x00000000bac00000, 0x00000000bac00000|100%| E|CS|TAMS 0x00000000bab00000| PB 0x00000000bab00000| Complete 
| 940|0x00000000bac00000, 0x00000000bad00000, 0x00000000bad00000|100%| E|CS|TAMS 0x00000000bac00000| PB 0x00000000bac00000| Complete 
| 941|0x00000000bad00000, 0x00000000bae00000, 0x00000000bae00000|100%| E|CS|TAMS 0x00000000bad00000| PB 0x00000000bad00000| Complete 
| 942|0x00000000bae00000, 0x00000000baf00000, 0x00000000baf00000|100%| E|CS|TAMS 0x00000000bae00000| PB 0x00000000bae00000| Complete 
| 943|0x00000000baf00000, 0x00000000bb000000, 0x00000000bb000000|100%| E|CS|TAMS 0x00000000baf00000| PB 0x00000000baf00000| Complete 
| 944|0x00000000bb000000, 0x00000000bb100000, 0x00000000bb100000|100%| E|CS|TAMS 0x00000000bb000000| PB 0x00000000bb000000| Complete 
| 945|0x00000000bb100000, 0x00000000bb200000, 0x00000000bb200000|100%| E|CS|TAMS 0x00000000bb100000| PB 0x00000000bb100000| Complete 
| 946|0x00000000bb200000, 0x00000000bb300000, 0x00000000bb300000|100%| E|CS|TAMS 0x00000000bb200000| PB 0x00000000bb200000| Complete 
| 947|0x00000000bb300000, 0x00000000bb400000, 0x00000000bb400000|100%| E|CS|TAMS 0x00000000bb300000| PB 0x00000000bb300000| Complete 
| 948|0x00000000bb400000, 0x00000000bb500000, 0x00000000bb500000|100%| E|CS|TAMS 0x00000000bb400000| PB 0x00000000bb400000| Complete 
| 949|0x00000000bb500000, 0x00000000bb600000, 0x00000000bb600000|100%| E|CS|TAMS 0x00000000bb500000| PB 0x00000000bb500000| Complete 
| 950|0x00000000bb600000, 0x00000000bb700000, 0x00000000bb700000|100%| E|CS|TAMS 0x00000000bb600000| PB 0x00000000bb600000| Complete 
| 951|0x00000000bb700000, 0x00000000bb800000, 0x00000000bb800000|100%| E|CS|TAMS 0x00000000bb700000| PB 0x00000000bb700000| Complete 
| 952|0x00000000bb800000, 0x00000000bb900000, 0x00000000bb900000|100%| E|CS|TAMS 0x00000000bb800000| PB 0x00000000bb800000| Complete 
| 953|0x00000000bb900000, 0x00000000bba00000, 0x00000000bba00000|100%| E|CS|TAMS 0x00000000bb900000| PB 0x00000000bb900000| Complete 
| 954|0x00000000bba00000, 0x00000000bbb00000, 0x00000000bbb00000|100%| E|CS|TAMS 0x00000000bba00000| PB 0x00000000bba00000| Complete 
| 955|0x00000000bbb00000, 0x00000000bbc00000, 0x00000000bbc00000|100%| E|CS|TAMS 0x00000000bbb00000| PB 0x00000000bbb00000| Complete 
| 956|0x00000000bbc00000, 0x00000000bbd00000, 0x00000000bbd00000|100%| E|CS|TAMS 0x00000000bbc00000| PB 0x00000000bbc00000| Complete 
| 957|0x00000000bbd00000, 0x00000000bbe00000, 0x00000000bbe00000|100%| E|CS|TAMS 0x00000000bbd00000| PB 0x00000000bbd00000| Complete 
| 958|0x00000000bbe00000, 0x00000000bbf00000, 0x00000000bbf00000|100%| E|CS|TAMS 0x00000000bbe00000| PB 0x00000000bbe00000| Complete 
| 959|0x00000000bbf00000, 0x00000000bc000000, 0x00000000bc000000|100%| E|CS|TAMS 0x00000000bbf00000| PB 0x00000000bbf00000| Complete 
| 960|0x00000000bc000000, 0x00000000bc100000, 0x00000000bc100000|100%| E|CS|TAMS 0x00000000bc000000| PB 0x00000000bc000000| Complete 
| 961|0x00000000bc100000, 0x00000000bc200000, 0x00000000bc200000|100%| E|CS|TAMS 0x00000000bc100000| PB 0x00000000bc100000| Complete 
| 962|0x00000000bc200000, 0x00000000bc300000, 0x00000000bc300000|100%| E|CS|TAMS 0x00000000bc200000| PB 0x00000000bc200000| Complete 
| 963|0x00000000bc300000, 0x00000000bc400000, 0x00000000bc400000|100%| E|CS|TAMS 0x00000000bc300000| PB 0x00000000bc300000| Complete 
| 964|0x00000000bc400000, 0x00000000bc500000, 0x00000000bc500000|100%| E|CS|TAMS 0x00000000bc400000| PB 0x00000000bc400000| Complete 
| 965|0x00000000bc500000, 0x00000000bc600000, 0x00000000bc600000|100%| E|CS|TAMS 0x00000000bc500000| PB 0x00000000bc500000| Complete 
| 966|0x00000000bc600000, 0x00000000bc700000, 0x00000000bc700000|100%| E|CS|TAMS 0x00000000bc600000| PB 0x00000000bc600000| Complete 
| 967|0x00000000bc700000, 0x00000000bc800000, 0x00000000bc800000|100%| E|CS|TAMS 0x00000000bc700000| PB 0x00000000bc700000| Complete 
| 968|0x00000000bc800000, 0x00000000bc900000, 0x00000000bc900000|100%| E|CS|TAMS 0x00000000bc800000| PB 0x00000000bc800000| Complete 
| 969|0x00000000bc900000, 0x00000000bca00000, 0x00000000bca00000|100%| E|CS|TAMS 0x00000000bc900000| PB 0x00000000bc900000| Complete 
| 970|0x00000000bca00000, 0x00000000bcb00000, 0x00000000bcb00000|100%| E|CS|TAMS 0x00000000bca00000| PB 0x00000000bca00000| Complete 
| 971|0x00000000bcb00000, 0x00000000bcc00000, 0x00000000bcc00000|100%| E|CS|TAMS 0x00000000bcb00000| PB 0x00000000bcb00000| Complete 
| 972|0x00000000bcc00000, 0x00000000bcd00000, 0x00000000bcd00000|100%| E|CS|TAMS 0x00000000bcc00000| PB 0x00000000bcc00000| Complete 
| 973|0x00000000bcd00000, 0x00000000bce00000, 0x00000000bce00000|100%| E|CS|TAMS 0x00000000bcd00000| PB 0x00000000bcd00000| Complete 
| 974|0x00000000bce00000, 0x00000000bcf00000, 0x00000000bcf00000|100%| E|CS|TAMS 0x00000000bce00000| PB 0x00000000bce00000| Complete 
| 975|0x00000000bcf00000, 0x00000000bd000000, 0x00000000bd000000|100%| E|CS|TAMS 0x00000000bcf00000| PB 0x00000000bcf00000| Complete 
| 976|0x00000000bd000000, 0x00000000bd100000, 0x00000000bd100000|100%| E|CS|TAMS 0x00000000bd000000| PB 0x00000000bd000000| Complete 
| 977|0x00000000bd100000, 0x00000000bd200000, 0x00000000bd200000|100%| E|CS|TAMS 0x00000000bd100000| PB 0x00000000bd100000| Complete 
| 978|0x00000000bd200000, 0x00000000bd300000, 0x00000000bd300000|100%| E|CS|TAMS 0x00000000bd200000| PB 0x00000000bd200000| Complete 
| 979|0x00000000bd300000, 0x00000000bd400000, 0x00000000bd400000|100%| E|CS|TAMS 0x00000000bd300000| PB 0x00000000bd300000| Complete 
| 980|0x00000000bd400000, 0x00000000bd500000, 0x00000000bd500000|100%| E|CS|TAMS 0x00000000bd400000| PB 0x00000000bd400000| Complete 
| 981|0x00000000bd500000, 0x00000000bd600000, 0x00000000bd600000|100%| E|CS|TAMS 0x00000000bd500000| PB 0x00000000bd500000| Complete 
| 982|0x00000000bd600000, 0x00000000bd700000, 0x00000000bd700000|100%| E|CS|TAMS 0x00000000bd600000| PB 0x00000000bd600000| Complete 
| 983|0x00000000bd700000, 0x00000000bd800000, 0x00000000bd800000|100%| E|CS|TAMS 0x00000000bd700000| PB 0x00000000bd700000| Complete 
| 984|0x00000000bd800000, 0x00000000bd900000, 0x00000000bd900000|100%| E|CS|TAMS 0x00000000bd800000| PB 0x00000000bd800000| Complete 
| 985|0x00000000bd900000, 0x00000000bda00000, 0x00000000bda00000|100%| E|CS|TAMS 0x00000000bd900000| PB 0x00000000bd900000| Complete 
| 986|0x00000000bda00000, 0x00000000bdb00000, 0x00000000bdb00000|100%| E|CS|TAMS 0x00000000bda00000| PB 0x00000000bda00000| Complete 
| 987|0x00000000bdb00000, 0x00000000bdc00000, 0x00000000bdc00000|100%| E|CS|TAMS 0x00000000bdb00000| PB 0x00000000bdb00000| Complete 
| 988|0x00000000bdc00000, 0x00000000bdd00000, 0x00000000bdd00000|100%| E|CS|TAMS 0x00000000bdc00000| PB 0x00000000bdc00000| Complete 
| 989|0x00000000bdd00000, 0x00000000bde00000, 0x00000000bde00000|100%| E|CS|TAMS 0x00000000bdd00000| PB 0x00000000bdd00000| Complete 
| 990|0x00000000bde00000, 0x00000000bdf00000, 0x00000000bdf00000|100%| E|CS|TAMS 0x00000000bde00000| PB 0x00000000bde00000| Complete 
| 991|0x00000000bdf00000, 0x00000000be000000, 0x00000000be000000|100%| E|CS|TAMS 0x00000000bdf00000| PB 0x00000000bdf00000| Complete 
| 992|0x00000000be000000, 0x00000000be100000, 0x00000000be100000|100%| E|CS|TAMS 0x00000000be000000| PB 0x00000000be000000| Complete 
| 993|0x00000000be100000, 0x00000000be200000, 0x00000000be200000|100%| E|CS|TAMS 0x00000000be100000| PB 0x00000000be100000| Complete 
| 994|0x00000000be200000, 0x00000000be300000, 0x00000000be300000|100%| E|CS|TAMS 0x00000000be200000| PB 0x00000000be200000| Complete 
| 995|0x00000000be300000, 0x00000000be400000, 0x00000000be400000|100%| E|CS|TAMS 0x00000000be300000| PB 0x00000000be300000| Complete 
| 996|0x00000000be400000, 0x00000000be500000, 0x00000000be500000|100%| E|CS|TAMS 0x00000000be400000| PB 0x00000000be400000| Complete 
| 997|0x00000000be500000, 0x00000000be600000, 0x00000000be600000|100%| E|CS|TAMS 0x00000000be500000| PB 0x00000000be500000| Complete 
| 998|0x00000000be600000, 0x00000000be700000, 0x00000000be700000|100%| E|CS|TAMS 0x00000000be600000| PB 0x00000000be600000| Complete 
| 999|0x00000000be700000, 0x00000000be800000, 0x00000000be800000|100%| E|CS|TAMS 0x00000000be700000| PB 0x00000000be700000| Complete 
|1000|0x00000000be800000, 0x00000000be900000, 0x00000000be900000|100%| E|CS|TAMS 0x00000000be800000| PB 0x00000000be800000| Complete 
|1001|0x00000000be900000, 0x00000000bea00000, 0x00000000bea00000|100%| E|CS|TAMS 0x00000000be900000| PB 0x00000000be900000| Complete 
|1002|0x00000000bea00000, 0x00000000beb00000, 0x00000000beb00000|100%| E|CS|TAMS 0x00000000bea00000| PB 0x00000000bea00000| Complete 
|1003|0x00000000beb00000, 0x00000000bec00000, 0x00000000bec00000|100%| E|CS|TAMS 0x00000000beb00000| PB 0x00000000beb00000| Complete 
|1004|0x00000000bec00000, 0x00000000bed00000, 0x00000000bed00000|100%| E|CS|TAMS 0x00000000bec00000| PB 0x00000000bec00000| Complete 
|1005|0x00000000bed00000, 0x00000000bee00000, 0x00000000bee00000|100%| E|CS|TAMS 0x00000000bed00000| PB 0x00000000bed00000| Complete 
|1006|0x00000000bee00000, 0x00000000bef00000, 0x00000000bef00000|100%| E|CS|TAMS 0x00000000bee00000| PB 0x00000000bee00000| Complete 
|1007|0x00000000bef00000, 0x00000000bf000000, 0x00000000bf000000|100%| E|CS|TAMS 0x00000000bef00000| PB 0x00000000bef00000| Complete 
|1008|0x00000000bf000000, 0x00000000bf100000, 0x00000000bf100000|100%| E|CS|TAMS 0x00000000bf000000| PB 0x00000000bf000000| Complete 
|1009|0x00000000bf100000, 0x00000000bf200000, 0x00000000bf200000|100%| E|CS|TAMS 0x00000000bf100000| PB 0x00000000bf100000| Complete 
|1010|0x00000000bf200000, 0x00000000bf300000, 0x00000000bf300000|100%| E|CS|TAMS 0x00000000bf200000| PB 0x00000000bf200000| Complete 
|1011|0x00000000bf300000, 0x00000000bf400000, 0x00000000bf400000|100%| E|CS|TAMS 0x00000000bf300000| PB 0x00000000bf300000| Complete 
|1012|0x00000000bf400000, 0x00000000bf500000, 0x00000000bf500000|100%| E|CS|TAMS 0x00000000bf400000| PB 0x00000000bf400000| Complete 
|1013|0x00000000bf500000, 0x00000000bf600000, 0x00000000bf600000|100%| E|CS|TAMS 0x00000000bf500000| PB 0x00000000bf500000| Complete 
|1014|0x00000000bf600000, 0x00000000bf700000, 0x00000000bf700000|100%| E|CS|TAMS 0x00000000bf600000| PB 0x00000000bf600000| Complete 
|1015|0x00000000bf700000, 0x00000000bf800000, 0x00000000bf800000|100%| E|CS|TAMS 0x00000000bf700000| PB 0x00000000bf700000| Complete 
|1016|0x00000000bf800000, 0x00000000bf900000, 0x00000000bf900000|100%| E|CS|TAMS 0x00000000bf800000| PB 0x00000000bf800000| Complete 
|1017|0x00000000bf900000, 0x00000000bfa00000, 0x00000000bfa00000|100%| E|CS|TAMS 0x00000000bf900000| PB 0x00000000bf900000| Complete 
|1018|0x00000000bfa00000, 0x00000000bfb00000, 0x00000000bfb00000|100%| E|CS|TAMS 0x00000000bfa00000| PB 0x00000000bfa00000| Complete 
|1019|0x00000000bfb00000, 0x00000000bfc00000, 0x00000000bfc00000|100%| E|CS|TAMS 0x00000000bfb00000| PB 0x00000000bfb00000| Complete 
|1020|0x00000000bfc00000, 0x00000000bfd00000, 0x00000000bfd00000|100%| E|CS|TAMS 0x00000000bfc00000| PB 0x00000000bfc00000| Complete 
|1021|0x00000000bfd00000, 0x00000000bfe00000, 0x00000000bfe00000|100%| E|CS|TAMS 0x00000000bfd00000| PB 0x00000000bfd00000| Complete 
|1022|0x00000000bfe00000, 0x00000000bff00000, 0x00000000bff00000|100%| E|CS|TAMS 0x00000000bfe00000| PB 0x00000000bfe00000| Complete 
|1023|0x00000000bff00000, 0x00000000c0000000, 0x00000000c0000000|100%| E|CS|TAMS 0x00000000bff00000| PB 0x00000000bff00000| Complete 
|1024|0x00000000c0000000, 0x00000000c0100000, 0x00000000c0100000|100%| E|CS|TAMS 0x00000000c0000000| PB 0x00000000c0000000| Complete 
|1025|0x00000000c0100000, 0x00000000c0200000, 0x00000000c0200000|100%| E|CS|TAMS 0x00000000c0100000| PB 0x00000000c0100000| Complete 
|1026|0x00000000c0200000, 0x00000000c0300000, 0x00000000c0300000|100%| E|CS|TAMS 0x00000000c0200000| PB 0x00000000c0200000| Complete 
|1027|0x00000000c0300000, 0x00000000c0400000, 0x00000000c0400000|100%| E|CS|TAMS 0x00000000c0300000| PB 0x00000000c0300000| Complete 
|1028|0x00000000c0400000, 0x00000000c0500000, 0x00000000c0500000|100%| E|CS|TAMS 0x00000000c0400000| PB 0x00000000c0400000| Complete 
|1029|0x00000000c0500000, 0x00000000c0600000, 0x00000000c0600000|100%| E|CS|TAMS 0x00000000c0500000| PB 0x00000000c0500000| Complete 
|1030|0x00000000c0600000, 0x00000000c0700000, 0x00000000c0700000|100%| E|CS|TAMS 0x00000000c0600000| PB 0x00000000c0600000| Complete 
|1031|0x00000000c0700000, 0x00000000c0800000, 0x00000000c0800000|100%| E|CS|TAMS 0x00000000c0700000| PB 0x00000000c0700000| Complete 
|1032|0x00000000c0800000, 0x00000000c0900000, 0x00000000c0900000|100%| E|CS|TAMS 0x00000000c0800000| PB 0x00000000c0800000| Complete 
|1033|0x00000000c0900000, 0x00000000c0a00000, 0x00000000c0a00000|100%| E|CS|TAMS 0x00000000c0900000| PB 0x00000000c0900000| Complete 
|1034|0x00000000c0a00000, 0x00000000c0b00000, 0x00000000c0b00000|100%| E|CS|TAMS 0x00000000c0a00000| PB 0x00000000c0a00000| Complete 
|1035|0x00000000c0b00000, 0x00000000c0c00000, 0x00000000c0c00000|100%| E|CS|TAMS 0x00000000c0b00000| PB 0x00000000c0b00000| Complete 
|1036|0x00000000c0c00000, 0x00000000c0d00000, 0x00000000c0d00000|100%| E|CS|TAMS 0x00000000c0c00000| PB 0x00000000c0c00000| Complete 
|1037|0x00000000c0d00000, 0x00000000c0e00000, 0x00000000c0e00000|100%| E|CS|TAMS 0x00000000c0d00000| PB 0x00000000c0d00000| Complete 
|1038|0x00000000c0e00000, 0x00000000c0f00000, 0x00000000c0f00000|100%| E|CS|TAMS 0x00000000c0e00000| PB 0x00000000c0e00000| Complete 
|1039|0x00000000c0f00000, 0x00000000c1000000, 0x00000000c1000000|100%| E|CS|TAMS 0x00000000c0f00000| PB 0x00000000c0f00000| Complete 
|1040|0x00000000c1000000, 0x00000000c1100000, 0x00000000c1100000|100%| E|CS|TAMS 0x00000000c1000000| PB 0x00000000c1000000| Complete 
|1041|0x00000000c1100000, 0x00000000c1200000, 0x00000000c1200000|100%| E|CS|TAMS 0x00000000c1100000| PB 0x00000000c1100000| Complete 
|1042|0x00000000c1200000, 0x00000000c1300000, 0x00000000c1300000|100%| E|CS|TAMS 0x00000000c1200000| PB 0x00000000c1200000| Complete 
|1043|0x00000000c1300000, 0x00000000c1400000, 0x00000000c1400000|100%| E|CS|TAMS 0x00000000c1300000| PB 0x00000000c1300000| Complete 
|1044|0x00000000c1400000, 0x00000000c1500000, 0x00000000c1500000|100%| E|CS|TAMS 0x00000000c1400000| PB 0x00000000c1400000| Complete 
|1045|0x00000000c1500000, 0x00000000c1600000, 0x00000000c1600000|100%| E|CS|TAMS 0x00000000c1500000| PB 0x00000000c1500000| Complete 
|1046|0x00000000c1600000, 0x00000000c1700000, 0x00000000c1700000|100%| E|CS|TAMS 0x00000000c1600000| PB 0x00000000c1600000| Complete 
|1047|0x00000000c1700000, 0x00000000c1800000, 0x00000000c1800000|100%| E|CS|TAMS 0x00000000c1700000| PB 0x00000000c1700000| Complete 
|1048|0x00000000c1800000, 0x00000000c1900000, 0x00000000c1900000|100%| E|CS|TAMS 0x00000000c1800000| PB 0x00000000c1800000| Complete 
|1049|0x00000000c1900000, 0x00000000c1a00000, 0x00000000c1a00000|100%| E|CS|TAMS 0x00000000c1900000| PB 0x00000000c1900000| Complete 
|1050|0x00000000c1a00000, 0x00000000c1b00000, 0x00000000c1b00000|100%| E|CS|TAMS 0x00000000c1a00000| PB 0x00000000c1a00000| Complete 
|1051|0x00000000c1b00000, 0x00000000c1c00000, 0x00000000c1c00000|100%| E|CS|TAMS 0x00000000c1b00000| PB 0x00000000c1b00000| Complete 
|1052|0x00000000c1c00000, 0x00000000c1d00000, 0x00000000c1d00000|100%| E|CS|TAMS 0x00000000c1c00000| PB 0x00000000c1c00000| Complete 
|1053|0x00000000c1d00000, 0x00000000c1e00000, 0x00000000c1e00000|100%| E|CS|TAMS 0x00000000c1d00000| PB 0x00000000c1d00000| Complete 
|1054|0x00000000c1e00000, 0x00000000c1f00000, 0x00000000c1f00000|100%| E|CS|TAMS 0x00000000c1e00000| PB 0x00000000c1e00000| Complete 
|1055|0x00000000c1f00000, 0x00000000c2000000, 0x00000000c2000000|100%| E|CS|TAMS 0x00000000c1f00000| PB 0x00000000c1f00000| Complete 
|1056|0x00000000c2000000, 0x00000000c2100000, 0x00000000c2100000|100%| E|CS|TAMS 0x00000000c2000000| PB 0x00000000c2000000| Complete 
|1057|0x00000000c2100000, 0x00000000c2200000, 0x00000000c2200000|100%| E|CS|TAMS 0x00000000c2100000| PB 0x00000000c2100000| Complete 
|1058|0x00000000c2200000, 0x00000000c2300000, 0x00000000c2300000|100%| E|CS|TAMS 0x00000000c2200000| PB 0x00000000c2200000| Complete 
|1059|0x00000000c2300000, 0x00000000c2400000, 0x00000000c2400000|100%| E|CS|TAMS 0x00000000c2300000| PB 0x00000000c2300000| Complete 
|1060|0x00000000c2400000, 0x00000000c2500000, 0x00000000c2500000|100%| E|CS|TAMS 0x00000000c2400000| PB 0x00000000c2400000| Complete 
|1061|0x00000000c2500000, 0x00000000c2600000, 0x00000000c2600000|100%| E|CS|TAMS 0x00000000c2500000| PB 0x00000000c2500000| Complete 
|1062|0x00000000c2600000, 0x00000000c2700000, 0x00000000c2700000|100%| E|CS|TAMS 0x00000000c2600000| PB 0x00000000c2600000| Complete 
|1063|0x00000000c2700000, 0x00000000c2800000, 0x00000000c2800000|100%| E|CS|TAMS 0x00000000c2700000| PB 0x00000000c2700000| Complete 
|1064|0x00000000c2800000, 0x00000000c2900000, 0x00000000c2900000|100%| E|CS|TAMS 0x00000000c2800000| PB 0x00000000c2800000| Complete 
|1065|0x00000000c2900000, 0x00000000c2a00000, 0x00000000c2a00000|100%| E|CS|TAMS 0x00000000c2900000| PB 0x00000000c2900000| Complete 
|1066|0x00000000c2a00000, 0x00000000c2b00000, 0x00000000c2b00000|100%| E|CS|TAMS 0x00000000c2a00000| PB 0x00000000c2a00000| Complete 
|1067|0x00000000c2b00000, 0x00000000c2c00000, 0x00000000c2c00000|100%| E|CS|TAMS 0x00000000c2b00000| PB 0x00000000c2b00000| Complete 
|1068|0x00000000c2c00000, 0x00000000c2d00000, 0x00000000c2d00000|100%| E|CS|TAMS 0x00000000c2c00000| PB 0x00000000c2c00000| Complete 
|1069|0x00000000c2d00000, 0x00000000c2e00000, 0x00000000c2e00000|100%| E|CS|TAMS 0x00000000c2d00000| PB 0x00000000c2d00000| Complete 
|1070|0x00000000c2e00000, 0x00000000c2f00000, 0x00000000c2f00000|100%| E|CS|TAMS 0x00000000c2e00000| PB 0x00000000c2e00000| Complete 
|1071|0x00000000c2f00000, 0x00000000c3000000, 0x00000000c3000000|100%| E|CS|TAMS 0x00000000c2f00000| PB 0x00000000c2f00000| Complete 
|1072|0x00000000c3000000, 0x00000000c3100000, 0x00000000c3100000|100%| E|CS|TAMS 0x00000000c3000000| PB 0x00000000c3000000| Complete 
|1073|0x00000000c3100000, 0x00000000c3200000, 0x00000000c3200000|100%| E|CS|TAMS 0x00000000c3100000| PB 0x00000000c3100000| Complete 
|1074|0x00000000c3200000, 0x00000000c3300000, 0x00000000c3300000|100%| E|CS|TAMS 0x00000000c3200000| PB 0x00000000c3200000| Complete 
|1075|0x00000000c3300000, 0x00000000c3400000, 0x00000000c3400000|100%| E|CS|TAMS 0x00000000c3300000| PB 0x00000000c3300000| Complete 
|1076|0x00000000c3400000, 0x00000000c3500000, 0x00000000c3500000|100%| E|CS|TAMS 0x00000000c3400000| PB 0x00000000c3400000| Complete 
|1077|0x00000000c3500000, 0x00000000c3600000, 0x00000000c3600000|100%| E|CS|TAMS 0x00000000c3500000| PB 0x00000000c3500000| Complete 
|1078|0x00000000c3600000, 0x00000000c3700000, 0x00000000c3700000|100%| E|CS|TAMS 0x00000000c3600000| PB 0x00000000c3600000| Complete 
|1079|0x00000000c3700000, 0x00000000c3800000, 0x00000000c3800000|100%| E|CS|TAMS 0x00000000c3700000| PB 0x00000000c3700000| Complete 
|1080|0x00000000c3800000, 0x00000000c3900000, 0x00000000c3900000|100%| E|CS|TAMS 0x00000000c3800000| PB 0x00000000c3800000| Complete 
|1081|0x00000000c3900000, 0x00000000c3a00000, 0x00000000c3a00000|100%| E|CS|TAMS 0x00000000c3900000| PB 0x00000000c3900000| Complete 
|1082|0x00000000c3a00000, 0x00000000c3b00000, 0x00000000c3b00000|100%| E|CS|TAMS 0x00000000c3a00000| PB 0x00000000c3a00000| Complete 
|1083|0x00000000c3b00000, 0x00000000c3c00000, 0x00000000c3c00000|100%| E|CS|TAMS 0x00000000c3b00000| PB 0x00000000c3b00000| Complete 
|1084|0x00000000c3c00000, 0x00000000c3d00000, 0x00000000c3d00000|100%| E|CS|TAMS 0x00000000c3c00000| PB 0x00000000c3c00000| Complete 
|1085|0x00000000c3d00000, 0x00000000c3e00000, 0x00000000c3e00000|100%| E|CS|TAMS 0x00000000c3d00000| PB 0x00000000c3d00000| Complete 
|1086|0x00000000c3e00000, 0x00000000c3f00000, 0x00000000c3f00000|100%| E|CS|TAMS 0x00000000c3e00000| PB 0x00000000c3e00000| Complete 
|1087|0x00000000c3f00000, 0x00000000c4000000, 0x00000000c4000000|100%| E|CS|TAMS 0x00000000c3f00000| PB 0x00000000c3f00000| Complete 
|1088|0x00000000c4000000, 0x00000000c4100000, 0x00000000c4100000|100%| E|CS|TAMS 0x00000000c4000000| PB 0x00000000c4000000| Complete 
|1089|0x00000000c4100000, 0x00000000c4200000, 0x00000000c4200000|100%| E|CS|TAMS 0x00000000c4100000| PB 0x00000000c4100000| Complete 
|1090|0x00000000c4200000, 0x00000000c4300000, 0x00000000c4300000|100%| E|CS|TAMS 0x00000000c4200000| PB 0x00000000c4200000| Complete 
|1091|0x00000000c4300000, 0x00000000c4400000, 0x00000000c4400000|100%| E|CS|TAMS 0x00000000c4300000| PB 0x00000000c4300000| Complete 
|1092|0x00000000c4400000, 0x00000000c4500000, 0x00000000c4500000|100%| E|CS|TAMS 0x00000000c4400000| PB 0x00000000c4400000| Complete 
|1093|0x00000000c4500000, 0x00000000c4600000, 0x00000000c4600000|100%| E|CS|TAMS 0x00000000c4500000| PB 0x00000000c4500000| Complete 
|1094|0x00000000c4600000, 0x00000000c4700000, 0x00000000c4700000|100%| E|CS|TAMS 0x00000000c4600000| PB 0x00000000c4600000| Complete 
|1095|0x00000000c4700000, 0x00000000c4800000, 0x00000000c4800000|100%| E|CS|TAMS 0x00000000c4700000| PB 0x00000000c4700000| Complete 
|1096|0x00000000c4800000, 0x00000000c4900000, 0x00000000c4900000|100%| E|CS|TAMS 0x00000000c4800000| PB 0x00000000c4800000| Complete 
|1097|0x00000000c4900000, 0x00000000c4a00000, 0x00000000c4a00000|100%| E|CS|TAMS 0x00000000c4900000| PB 0x00000000c4900000| Complete 
|1098|0x00000000c4a00000, 0x00000000c4b00000, 0x00000000c4b00000|100%| E|CS|TAMS 0x00000000c4a00000| PB 0x00000000c4a00000| Complete 
|1099|0x00000000c4b00000, 0x00000000c4c00000, 0x00000000c4c00000|100%| E|CS|TAMS 0x00000000c4b00000| PB 0x00000000c4b00000| Complete 
|1100|0x00000000c4c00000, 0x00000000c4d00000, 0x00000000c4d00000|100%| E|CS|TAMS 0x00000000c4c00000| PB 0x00000000c4c00000| Complete 
|1101|0x00000000c4d00000, 0x00000000c4e00000, 0x00000000c4e00000|100%| E|CS|TAMS 0x00000000c4d00000| PB 0x00000000c4d00000| Complete 
|1102|0x00000000c4e00000, 0x00000000c4f00000, 0x00000000c4f00000|100%| E|CS|TAMS 0x00000000c4e00000| PB 0x00000000c4e00000| Complete 
|1103|0x00000000c4f00000, 0x00000000c5000000, 0x00000000c5000000|100%| E|CS|TAMS 0x00000000c4f00000| PB 0x00000000c4f00000| Complete 
|1104|0x00000000c5000000, 0x00000000c5100000, 0x00000000c5100000|100%| E|CS|TAMS 0x00000000c5000000| PB 0x00000000c5000000| Complete 
|1105|0x00000000c5100000, 0x00000000c5200000, 0x00000000c5200000|100%| E|CS|TAMS 0x00000000c5100000| PB 0x00000000c5100000| Complete 
|1106|0x00000000c5200000, 0x00000000c5300000, 0x00000000c5300000|100%| E|CS|TAMS 0x00000000c5200000| PB 0x00000000c5200000| Complete 
|1107|0x00000000c5300000, 0x00000000c5400000, 0x00000000c5400000|100%| E|CS|TAMS 0x00000000c5300000| PB 0x00000000c5300000| Complete 
|1108|0x00000000c5400000, 0x00000000c5500000, 0x00000000c5500000|100%| E|CS|TAMS 0x00000000c5400000| PB 0x00000000c5400000| Complete 
|1109|0x00000000c5500000, 0x00000000c5600000, 0x00000000c5600000|100%| E|CS|TAMS 0x00000000c5500000| PB 0x00000000c5500000| Complete 
|1110|0x00000000c5600000, 0x00000000c5700000, 0x00000000c5700000|100%| E|CS|TAMS 0x00000000c5600000| PB 0x00000000c5600000| Complete 
|1111|0x00000000c5700000, 0x00000000c5800000, 0x00000000c5800000|100%| E|CS|TAMS 0x00000000c5700000| PB 0x00000000c5700000| Complete 
|1112|0x00000000c5800000, 0x00000000c5900000, 0x00000000c5900000|100%| E|CS|TAMS 0x00000000c5800000| PB 0x00000000c5800000| Complete 
|1113|0x00000000c5900000, 0x00000000c5a00000, 0x00000000c5a00000|100%| E|CS|TAMS 0x00000000c5900000| PB 0x00000000c5900000| Complete 
|1114|0x00000000c5a00000, 0x00000000c5b00000, 0x00000000c5b00000|100%| E|CS|TAMS 0x00000000c5a00000| PB 0x00000000c5a00000| Complete 
|1115|0x00000000c5b00000, 0x00000000c5c00000, 0x00000000c5c00000|100%| E|CS|TAMS 0x00000000c5b00000| PB 0x00000000c5b00000| Complete 
|1116|0x00000000c5c00000, 0x00000000c5d00000, 0x00000000c5d00000|100%| E|CS|TAMS 0x00000000c5c00000| PB 0x00000000c5c00000| Complete 
|1117|0x00000000c5d00000, 0x00000000c5e00000, 0x00000000c5e00000|100%| E|CS|TAMS 0x00000000c5d00000| PB 0x00000000c5d00000| Complete 
|1118|0x00000000c5e00000, 0x00000000c5f00000, 0x00000000c5f00000|100%| E|CS|TAMS 0x00000000c5e00000| PB 0x00000000c5e00000| Complete 
|1119|0x00000000c5f00000, 0x00000000c6000000, 0x00000000c6000000|100%| E|CS|TAMS 0x00000000c5f00000| PB 0x00000000c5f00000| Complete 
|1120|0x00000000c6000000, 0x00000000c6100000, 0x00000000c6100000|100%| E|CS|TAMS 0x00000000c6000000| PB 0x00000000c6000000| Complete 
|1121|0x00000000c6100000, 0x00000000c6200000, 0x00000000c6200000|100%| E|CS|TAMS 0x00000000c6100000| PB 0x00000000c6100000| Complete 
|1122|0x00000000c6200000, 0x00000000c6300000, 0x00000000c6300000|100%| E|CS|TAMS 0x00000000c6200000| PB 0x00000000c6200000| Complete 
|1123|0x00000000c6300000, 0x00000000c6400000, 0x00000000c6400000|100%| E|CS|TAMS 0x00000000c6300000| PB 0x00000000c6300000| Complete 
|1124|0x00000000c6400000, 0x00000000c6500000, 0x00000000c6500000|100%| E|CS|TAMS 0x00000000c6400000| PB 0x00000000c6400000| Complete 
|1125|0x00000000c6500000, 0x00000000c6600000, 0x00000000c6600000|100%| E|CS|TAMS 0x00000000c6500000| PB 0x00000000c6500000| Complete 
|1126|0x00000000c6600000, 0x00000000c6700000, 0x00000000c6700000|100%| E|CS|TAMS 0x00000000c6600000| PB 0x00000000c6600000| Complete 
|1127|0x00000000c6700000, 0x00000000c6800000, 0x00000000c6800000|100%| E|CS|TAMS 0x00000000c6700000| PB 0x00000000c6700000| Complete 
|1128|0x00000000c6800000, 0x00000000c6900000, 0x00000000c6900000|100%| E|CS|TAMS 0x00000000c6800000| PB 0x00000000c6800000| Complete 
|1129|0x00000000c6900000, 0x00000000c6a00000, 0x00000000c6a00000|100%| E|CS|TAMS 0x00000000c6900000| PB 0x00000000c6900000| Complete 
|1130|0x00000000c6a00000, 0x00000000c6b00000, 0x00000000c6b00000|100%| E|CS|TAMS 0x00000000c6a00000| PB 0x00000000c6a00000| Complete 
|1131|0x00000000c6b00000, 0x00000000c6c00000, 0x00000000c6c00000|100%| E|CS|TAMS 0x00000000c6b00000| PB 0x00000000c6b00000| Complete 
|1132|0x00000000c6c00000, 0x00000000c6d00000, 0x00000000c6d00000|100%| E|CS|TAMS 0x00000000c6c00000| PB 0x00000000c6c00000| Complete 
|1133|0x00000000c6d00000, 0x00000000c6e00000, 0x00000000c6e00000|100%| E|CS|TAMS 0x00000000c6d00000| PB 0x00000000c6d00000| Complete 
|1134|0x00000000c6e00000, 0x00000000c6f00000, 0x00000000c6f00000|100%| E|CS|TAMS 0x00000000c6e00000| PB 0x00000000c6e00000| Complete 
|1135|0x00000000c6f00000, 0x00000000c7000000, 0x00000000c7000000|100%| E|CS|TAMS 0x00000000c6f00000| PB 0x00000000c6f00000| Complete 
|1136|0x00000000c7000000, 0x00000000c7100000, 0x00000000c7100000|100%| E|CS|TAMS 0x00000000c7000000| PB 0x00000000c7000000| Complete 
|1137|0x00000000c7100000, 0x00000000c7200000, 0x00000000c7200000|100%| E|CS|TAMS 0x00000000c7100000| PB 0x00000000c7100000| Complete 
|1138|0x00000000c7200000, 0x00000000c7300000, 0x00000000c7300000|100%| E|CS|TAMS 0x00000000c7200000| PB 0x00000000c7200000| Complete 
|1139|0x00000000c7300000, 0x00000000c7400000, 0x00000000c7400000|100%| E|CS|TAMS 0x00000000c7300000| PB 0x00000000c7300000| Complete 
|1140|0x00000000c7400000, 0x00000000c7500000, 0x00000000c7500000|100%| E|CS|TAMS 0x00000000c7400000| PB 0x00000000c7400000| Complete 
|1141|0x00000000c7500000, 0x00000000c7600000, 0x00000000c7600000|100%| E|CS|TAMS 0x00000000c7500000| PB 0x00000000c7500000| Complete 
|1142|0x00000000c7600000, 0x00000000c7700000, 0x00000000c7700000|100%| E|CS|TAMS 0x00000000c7600000| PB 0x00000000c7600000| Complete 
|1143|0x00000000c7700000, 0x00000000c7800000, 0x00000000c7800000|100%| E|CS|TAMS 0x00000000c7700000| PB 0x00000000c7700000| Complete 
|1144|0x00000000c7800000, 0x00000000c7900000, 0x00000000c7900000|100%| E|CS|TAMS 0x00000000c7800000| PB 0x00000000c7800000| Complete 
|1145|0x00000000c7900000, 0x00000000c7a00000, 0x00000000c7a00000|100%| E|CS|TAMS 0x00000000c7900000| PB 0x00000000c7900000| Complete 
|1146|0x00000000c7a00000, 0x00000000c7b00000, 0x00000000c7b00000|100%| E|CS|TAMS 0x00000000c7a00000| PB 0x00000000c7a00000| Complete 
|1147|0x00000000c7b00000, 0x00000000c7c00000, 0x00000000c7c00000|100%| E|CS|TAMS 0x00000000c7b00000| PB 0x00000000c7b00000| Complete 
|1148|0x00000000c7c00000, 0x00000000c7d00000, 0x00000000c7d00000|100%| E|CS|TAMS 0x00000000c7c00000| PB 0x00000000c7c00000| Complete 
|1149|0x00000000c7d00000, 0x00000000c7e00000, 0x00000000c7e00000|100%| E|CS|TAMS 0x00000000c7d00000| PB 0x00000000c7d00000| Complete 
|1150|0x00000000c7e00000, 0x00000000c7f00000, 0x00000000c7f00000|100%| E|CS|TAMS 0x00000000c7e00000| PB 0x00000000c7e00000| Complete 
|1151|0x00000000c7f00000, 0x00000000c8000000, 0x00000000c8000000|100%| E|CS|TAMS 0x00000000c7f00000| PB 0x00000000c7f00000| Complete 
|1152|0x00000000c8000000, 0x00000000c8100000, 0x00000000c8100000|100%| E|CS|TAMS 0x00000000c8000000| PB 0x00000000c8000000| Complete 
|1153|0x00000000c8100000, 0x00000000c8200000, 0x00000000c8200000|100%| E|CS|TAMS 0x00000000c8100000| PB 0x00000000c8100000| Complete 
|1154|0x00000000c8200000, 0x00000000c8300000, 0x00000000c8300000|100%| E|CS|TAMS 0x00000000c8200000| PB 0x00000000c8200000| Complete 
|1155|0x00000000c8300000, 0x00000000c8400000, 0x00000000c8400000|100%| E|CS|TAMS 0x00000000c8300000| PB 0x00000000c8300000| Complete 
|1156|0x00000000c8400000, 0x00000000c8500000, 0x00000000c8500000|100%| E|CS|TAMS 0x00000000c8400000| PB 0x00000000c8400000| Complete 
|1157|0x00000000c8500000, 0x00000000c8600000, 0x00000000c8600000|100%| E|CS|TAMS 0x00000000c8500000| PB 0x00000000c8500000| Complete 
|1158|0x00000000c8600000, 0x00000000c8700000, 0x00000000c8700000|100%| E|CS|TAMS 0x00000000c8600000| PB 0x00000000c8600000| Complete 
|1159|0x00000000c8700000, 0x00000000c8800000, 0x00000000c8800000|100%| E|CS|TAMS 0x00000000c8700000| PB 0x00000000c8700000| Complete 
|1160|0x00000000c8800000, 0x00000000c8900000, 0x00000000c8900000|100%| E|CS|TAMS 0x00000000c8800000| PB 0x00000000c8800000| Complete 
|1161|0x00000000c8900000, 0x00000000c8a00000, 0x00000000c8a00000|100%| E|CS|TAMS 0x00000000c8900000| PB 0x00000000c8900000| Complete 
|1162|0x00000000c8a00000, 0x00000000c8b00000, 0x00000000c8b00000|100%| E|CS|TAMS 0x00000000c8a00000| PB 0x00000000c8a00000| Complete 
|1163|0x00000000c8b00000, 0x00000000c8c00000, 0x00000000c8c00000|100%| E|CS|TAMS 0x00000000c8b00000| PB 0x00000000c8b00000| Complete 
|1164|0x00000000c8c00000, 0x00000000c8d00000, 0x00000000c8d00000|100%| E|CS|TAMS 0x00000000c8c00000| PB 0x00000000c8c00000| Complete 
|1165|0x00000000c8d00000, 0x00000000c8e00000, 0x00000000c8e00000|100%| E|CS|TAMS 0x00000000c8d00000| PB 0x00000000c8d00000| Complete 
|1974|0x00000000fb600000, 0x00000000fb700000, 0x00000000fb700000|100%| O|  |TAMS 0x00000000fb700000| PB 0x00000000fb600000| Untracked 
|1975|0x00000000fb700000, 0x00000000fb800000, 0x00000000fb800000|100%| E|CS|TAMS 0x00000000fb700000| PB 0x00000000fb700000| Complete 
|1976|0x00000000fb800000, 0x00000000fb900000, 0x00000000fb900000|100%| E|CS|TAMS 0x00000000fb800000| PB 0x00000000fb800000| Complete 
|1977|0x00000000fb900000, 0x00000000fba00000, 0x00000000fba00000|100%| E|CS|TAMS 0x00000000fb900000| PB 0x00000000fb900000| Complete 
|1978|0x00000000fba00000, 0x00000000fbb00000, 0x00000000fbb00000|100%| E|CS|TAMS 0x00000000fba00000| PB 0x00000000fba00000| Complete 
|1979|0x00000000fbb00000, 0x00000000fbc00000, 0x00000000fbc00000|100%| E|CS|TAMS 0x00000000fbb00000| PB 0x00000000fbb00000| Complete 
|1980|0x00000000fbc00000, 0x00000000fbd00000, 0x00000000fbd00000|100%| E|CS|TAMS 0x00000000fbc00000| PB 0x00000000fbc00000| Complete 
|1981|0x00000000fbd00000, 0x00000000fbe00000, 0x00000000fbe00000|100%| O|  |TAMS 0x00000000fbe00000| PB 0x00000000fbd00000| Untracked 
|1982|0x00000000fbe00000, 0x00000000fbf00000, 0x00000000fbf00000|100%| E|CS|TAMS 0x00000000fbe00000| PB 0x00000000fbe00000| Complete 
|1983|0x00000000fbf00000, 0x00000000fc000000, 0x00000000fc000000|100%| E|CS|TAMS 0x00000000fbf00000| PB 0x00000000fbf00000| Complete 
|1984|0x00000000fc000000, 0x00000000fc100000, 0x00000000fc100000|100%| O|  |TAMS 0x00000000fc100000| PB 0x00000000fc000000| Untracked 
|1985|0x00000000fc100000, 0x00000000fc200000, 0x00000000fc200000|100%| E|CS|TAMS 0x00000000fc100000| PB 0x00000000fc100000| Complete 
|1986|0x00000000fc200000, 0x00000000fc300000, 0x00000000fc300000|100%| O|  |TAMS 0x00000000fc300000| PB 0x00000000fc200000| Untracked 
|1987|0x00000000fc300000, 0x00000000fc400000, 0x00000000fc400000|100%| E|CS|TAMS 0x00000000fc300000| PB 0x00000000fc300000| Complete 
|1988|0x00000000fc400000, 0x00000000fc500000, 0x00000000fc500000|100%| E|CS|TAMS 0x00000000fc400000| PB 0x00000000fc400000| Complete 
|1989|0x00000000fc500000, 0x00000000fc600000, 0x00000000fc600000|100%| O|  |TAMS 0x00000000fc600000| PB 0x00000000fc500000| Untracked 
|1990|0x00000000fc600000, 0x00000000fc700000, 0x00000000fc700000|100%| E|CS|TAMS 0x00000000fc600000| PB 0x00000000fc600000| Complete 
|1991|0x00000000fc700000, 0x00000000fc800000, 0x00000000fc800000|100%| E|CS|TAMS 0x00000000fc700000| PB 0x00000000fc700000| Complete 
|1992|0x00000000fc800000, 0x00000000fc900000, 0x00000000fc900000|100%| E|CS|TAMS 0x00000000fc800000| PB 0x00000000fc800000| Complete 
|1993|0x00000000fc900000, 0x00000000fca00000, 0x00000000fca00000|100%| E|CS|TAMS 0x00000000fc900000| PB 0x00000000fc900000| Complete 
|1994|0x00000000fca00000, 0x00000000fcb00000, 0x00000000fcb00000|100%| E|CS|TAMS 0x00000000fca00000| PB 0x00000000fca00000| Complete 
|1995|0x00000000fcb00000, 0x00000000fcc00000, 0x00000000fcc00000|100%| E|CS|TAMS 0x00000000fcb00000| PB 0x00000000fcb00000| Complete 
|1996|0x00000000fcc00000, 0x00000000fcd00000, 0x00000000fcd00000|100%| E|CS|TAMS 0x00000000fcc00000| PB 0x00000000fcc00000| Complete 
|1997|0x00000000fcd00000, 0x00000000fce00000, 0x00000000fce00000|100%| O|  |TAMS 0x00000000fce00000| PB 0x00000000fcd00000| Untracked 
|1998|0x00000000fce00000, 0x00000000fcf00000, 0x00000000fcf00000|100%| E|CS|TAMS 0x00000000fce00000| PB 0x00000000fce00000| Complete 
|1999|0x00000000fcf00000, 0x00000000fd000000, 0x00000000fd000000|100%| E|CS|TAMS 0x00000000fcf00000| PB 0x00000000fcf00000| Complete 
|2000|0x00000000fd000000, 0x00000000fd100000, 0x00000000fd100000|100%| E|CS|TAMS 0x00000000fd000000| PB 0x00000000fd000000| Complete 
|2001|0x00000000fd100000, 0x00000000fd200000, 0x00000000fd200000|100%| E|CS|TAMS 0x00000000fd100000| PB 0x00000000fd100000| Complete 
|2002|0x00000000fd200000, 0x00000000fd300000, 0x00000000fd300000|100%| O|  |TAMS 0x00000000fd300000| PB 0x00000000fd200000| Untracked 
|2003|0x00000000fd300000, 0x00000000fd400000, 0x00000000fd400000|100%| O|  |TAMS 0x00000000fd400000| PB 0x00000000fd300000| Untracked 
|2004|0x00000000fd400000, 0x00000000fd500000, 0x00000000fd500000|100%| O|  |TAMS 0x00000000fd500000| PB 0x00000000fd400000| Untracked 
|2005|0x00000000fd500000, 0x00000000fd600000, 0x00000000fd600000|100%| O|  |TAMS 0x00000000fd600000| PB 0x00000000fd500000| Untracked 
|2006|0x00000000fd600000, 0x00000000fd700000, 0x00000000fd700000|100%| O|  |TAMS 0x00000000fd700000| PB 0x00000000fd600000| Untracked 
|2007|0x00000000fd700000, 0x00000000fd800000, 0x00000000fd800000|100%| O|  |TAMS 0x00000000fd800000| PB 0x00000000fd700000| Untracked 
|2008|0x00000000fd800000, 0x00000000fd900000, 0x00000000fd900000|100%| O|  |TAMS 0x00000000fd900000| PB 0x00000000fd800000| Untracked 
|2009|0x00000000fd900000, 0x00000000fda00000, 0x00000000fda00000|100%| O|  |TAMS 0x00000000fda00000| PB 0x00000000fd900000| Untracked 
|2010|0x00000000fda00000, 0x00000000fdb00000, 0x00000000fdb00000|100%| O|  |TAMS 0x00000000fdb00000| PB 0x00000000fda00000| Untracked 
|2011|0x00000000fdb00000, 0x00000000fdc00000, 0x00000000fdc00000|100%| O|  |TAMS 0x00000000fdc00000| PB 0x00000000fdb00000| Untracked 
|2012|0x00000000fdc00000, 0x00000000fdd00000, 0x00000000fdd00000|100%| O|  |TAMS 0x00000000fdd00000| PB 0x00000000fdc00000| Untracked 
|2013|0x00000000fdd00000, 0x00000000fde00000, 0x00000000fde00000|100%| O|  |TAMS 0x00000000fde00000| PB 0x00000000fdd00000| Untracked 
|2014|0x00000000fde00000, 0x00000000fdf00000, 0x00000000fdf00000|100%| O|  |TAMS 0x00000000fdf00000| PB 0x00000000fde00000| Untracked 
|2015|0x00000000fdf00000, 0x00000000fe000000, 0x00000000fe000000|100%| O|  |TAMS 0x00000000fe000000| PB 0x00000000fdf00000| Untracked 
|2016|0x00000000fe000000, 0x00000000fe100000, 0x00000000fe100000|100%| O|  |TAMS 0x00000000fe100000| PB 0x00000000fe000000| Untracked 
|2017|0x00000000fe100000, 0x00000000fe200000, 0x00000000fe200000|100%| O|  |TAMS 0x00000000fe200000| PB 0x00000000fe100000| Untracked 
|2018|0x00000000fe200000, 0x00000000fe300000, 0x00000000fe300000|100%| O|  |TAMS 0x00000000fe300000| PB 0x00000000fe200000| Untracked 
|2019|0x00000000fe300000, 0x00000000fe400000, 0x00000000fe400000|100%| O|  |TAMS 0x00000000fe400000| PB 0x00000000fe300000| Untracked 
|2020|0x00000000fe400000, 0x00000000fe500000, 0x00000000fe500000|100%| O|  |TAMS 0x00000000fe500000| PB 0x00000000fe400000| Untracked 
|2021|0x00000000fe500000, 0x00000000fe600000, 0x00000000fe600000|100%| O|  |TAMS 0x00000000fe600000| PB 0x00000000fe500000| Untracked 
|2022|0x00000000fe600000, 0x00000000fe700000, 0x00000000fe700000|100%| O|  |TAMS 0x00000000fe700000| PB 0x00000000fe600000| Untracked 
|2023|0x00000000fe700000, 0x00000000fe800000, 0x00000000fe800000|100%| O|  |TAMS 0x00000000fe800000| PB 0x00000000fe700000| Untracked 
|2024|0x00000000fe800000, 0x00000000fe900000, 0x00000000fe900000|100%| O|  |TAMS 0x00000000fe900000| PB 0x00000000fe800000| Untracked 
|2025|0x00000000fe900000, 0x00000000fea00000, 0x00000000fea00000|100%| O|  |TAMS 0x00000000fea00000| PB 0x00000000fe900000| Untracked 
|2026|0x00000000fea00000, 0x00000000feb00000, 0x00000000feb00000|100%| O|  |TAMS 0x00000000feb00000| PB 0x00000000fea00000| Untracked 
|2027|0x00000000feb00000, 0x00000000fec00000, 0x00000000fec00000|100%| O|  |TAMS 0x00000000fec00000| PB 0x00000000feb00000| Untracked 
|2028|0x00000000fec00000, 0x00000000fed00000, 0x00000000fed00000|100%| O|  |TAMS 0x00000000fed00000| PB 0x00000000fec00000| Untracked 
|2029|0x00000000fed00000, 0x00000000fee00000, 0x00000000fee00000|100%| O|  |TAMS 0x00000000fee00000| PB 0x00000000fed00000| Untracked 
|2030|0x00000000fee00000, 0x00000000fef00000, 0x00000000fef00000|100%| O|  |TAMS 0x00000000fef00000| PB 0x00000000fee00000| Untracked 
|2031|0x00000000fef00000, 0x00000000ff000000, 0x00000000ff000000|100%| E|CS|TAMS 0x00000000fef00000| PB 0x00000000fef00000| Complete 
|2032|0x00000000ff000000, 0x00000000ff100000, 0x00000000ff100000|100%| E|CS|TAMS 0x00000000ff000000| PB 0x00000000ff000000| Complete 
|2033|0x00000000ff100000, 0x00000000ff200000, 0x00000000ff200000|100%| E|CS|TAMS 0x00000000ff100000| PB 0x00000000ff100000| Complete 
|2034|0x00000000ff200000, 0x00000000ff300000, 0x00000000ff300000|100%| E|CS|TAMS 0x00000000ff200000| PB 0x00000000ff200000| Complete 
|2035|0x00000000ff300000, 0x00000000ff400000, 0x00000000ff400000|100%| E|CS|TAMS 0x00000000ff300000| PB 0x00000000ff300000| Complete 
|2036|0x00000000ff400000, 0x00000000ff500000, 0x00000000ff500000|100%| E|CS|TAMS 0x00000000ff400000| PB 0x00000000ff400000| Complete 
|2037|0x00000000ff500000, 0x00000000ff600000, 0x00000000ff600000|100%| E|CS|TAMS 0x00000000ff500000| PB 0x00000000ff500000| Complete 
|2038|0x00000000ff600000, 0x00000000ff700000, 0x00000000ff700000|100%| E|CS|TAMS 0x00000000ff600000| PB 0x00000000ff600000| Complete 
|2039|0x00000000ff700000, 0x00000000ff800000, 0x00000000ff800000|100%| E|CS|TAMS 0x00000000ff700000| PB 0x00000000ff700000| Complete 
|2040|0x00000000ff800000, 0x00000000ff900000, 0x00000000ff900000|100%| E|CS|TAMS 0x00000000ff800000| PB 0x00000000ff800000| Complete 
|2041|0x00000000ff900000, 0x00000000ffa00000, 0x00000000ffa00000|100%| E|CS|TAMS 0x00000000ff900000| PB 0x00000000ff900000| Complete 
|2042|0x00000000ffa00000, 0x00000000ffb00000, 0x00000000ffb00000|100%| E|CS|TAMS 0x00000000ffa00000| PB 0x00000000ffa00000| Complete 
|2043|0x00000000ffb00000, 0x00000000ffc00000, 0x00000000ffc00000|100%| E|CS|TAMS 0x00000000ffb00000| PB 0x00000000ffb00000| Complete 
|2044|0x00000000ffc00000, 0x00000000ffd00000, 0x00000000ffd00000|100%| E|CS|TAMS 0x00000000ffc00000| PB 0x00000000ffc00000| Complete 
|2045|0x00000000ffd00000, 0x00000000ffe00000, 0x00000000ffe00000|100%| E|CS|TAMS 0x00000000ffd00000| PB 0x00000000ffd00000| Complete 
|2046|0x00000000ffe00000, 0x00000000fff00000, 0x00000000fff00000|100%| O|  |TAMS 0x00000000fff00000| PB 0x00000000ffe00000| Untracked 
|2047|0x00000000fff00000, 0x0000000100000000, 0x0000000100000000|100%| O|  |TAMS 0x0000000100000000| PB 0x00000000fff00000| Untracked 

Card table byte_map: [0x000001dda0db0000,0x000001dda11b0000] _byte_map_base: 0x000001dda09b0000

Marking Bits: (CMBitMap*) 0x000001dd8d8edc20
 Bits: [0x000001dda11b0000, 0x000001dda31b0000)

Polling page: 0x000001dd8c060000

Metaspace:

Usage:
  Non-class:    212.25 MB used.
      Class:     30.07 MB used.
       Both:    242.32 MB used.

Virtual space:
  Non-class space:      256.00 MB reserved,     213.69 MB ( 83%) committed,  4 nodes.
      Class space:        1.00 GB reserved,      31.62 MB (  3%) committed,  1 nodes.
             Both:        1.25 GB reserved,     245.31 MB ( 19%) committed. 

Chunk freelists:
   Non-Class:  10.03 MB
       Class:  240.00 KB
        Both:  10.27 MB

MaxMetaspaceSize: unlimited
CompressedClassSpaceSize: 1.00 GB
Initial GC threshold: 21.00 MB
Current GC threshold: 408.56 MB
CDS: off
 - commit_granule_bytes: 65536.
 - commit_granule_words: 8192.
 - virtual_space_node_default_size: 8388608.
 - enlarge_chunks_in_place: 1.
 - use_allocation_guard: 0.


Internal statistics:

num_allocs_failed_limit: 6.
num_arena_births: 5964.
num_arena_deaths: 14.
num_vsnodes_births: 5.
num_vsnodes_deaths: 0.
num_space_committed: 3915.
num_space_uncommitted: 0.
num_chunks_returned_to_freelist: 24.
num_chunks_taken_from_freelist: 15839.
num_chunk_merges: 10.
num_chunk_splits: 11088.
num_chunks_enlarged: 7774.
num_inconsistent_stats: 0.

CodeHeap 'non-profiled nmethods': size=119168Kb used=16657Kb max_used=24582Kb free=102510Kb
 bounds [0x000001dd98570000, 0x000001dd99da0000, 0x000001dd9f9d0000]
CodeHeap 'profiled nmethods': size=119104Kb used=13444Kb max_used=59346Kb free=105659Kb
 bounds [0x000001dd909d0000, 0x000001dd943d0000, 0x000001dd97e20000]
CodeHeap 'non-nmethods': size=7488Kb used=4498Kb max_used=5208Kb free=2989Kb
 bounds [0x000001dd97e20000, 0x000001dd98360000, 0x000001dd98570000]
 total_blobs=9792 nmethods=8441 adapters=1248
 compilation: enabled
              stopped_count=0, restarted_count=0
 full_count=0

Compilation events (20 events):
Event: 376.597 Thread 0x000001ddc552a7b0 60418 %     4       com.android.tools.r8.internal.Uk0::a @ 71 (231 bytes)
Event: 376.602 Thread 0x000001ddb440af50 nmethod 60294 0x000001dd9980e810 code [0x000001dd9980f560, 0x000001dd99816d68]
Event: 376.612 Thread 0x000001ddaf7779e0 60419       4       com.android.tools.r8.internal.Bn::c (10 bytes)
Event: 376.613 Thread 0x000001ddaf7779e0 nmethod 60419 0x000001dd99ae5810 code [0x000001dd99ae59a0, 0x000001dd99ae5ab0]
Event: 376.628 Thread 0x000001ddb440af50 60420       4       com.android.tools.r8.internal.uI::a (84 bytes)
Event: 376.633 Thread 0x000001ddc552a7b0 nmethod 60418% 0x000001dd99cd6d90 code [0x000001dd99cd7020, 0x000001dd99cd85d0]
Event: 376.635 Thread 0x000001ddb440af50 nmethod 60420 0x000001dd99cd6290 code [0x000001dd99cd64a0, 0x000001dd99cd68d8]
Event: 376.640 Thread 0x000001ddb09b74d0 60421       3       com.android.tools.r8.graph.J0$b$$Lambda/0x0000000101f02160::apply (8 bytes)
Event: 376.640 Thread 0x000001ddb09b74d0 nmethod 60421 0x000001dd92162a10 code [0x000001dd92162bc0, 0x000001dd92162dc8]
Event: 376.703 Thread 0x000001ddb440af50 60422       4       com.android.tools.r8.internal.Uk0::a (231 bytes)
Event: 376.708 Thread 0x000001ddc70b1d80 60423       4       com.android.tools.r8.internal.Vk0::b (81 bytes)
Event: 376.710 Thread 0x000001ddb09b6e00 60424       3       com.android.tools.r8.internal.rD::a (74 bytes)
Event: 376.710 Thread 0x000001ddc70b1d80 nmethod 60423 0x000001dd99ae5110 code [0x000001dd99ae52c0, 0x000001dd99ae5408]
Event: 376.711 Thread 0x000001ddb09b6e00 nmethod 60424 0x000001dd90ddf510 code [0x000001dd90ddf740, 0x000001dd90ddfe70]
Event: 376.715 Thread 0x000001ddb09b74d0 60425       3       com.android.tools.r8.internal.ho::hashCode (13 bytes)
Event: 376.716 Thread 0x000001ddb09b74d0 nmethod 60425 0x000001dd90ddf090 code [0x000001dd90ddf240, 0x000001dd90ddf440]
Event: 376.719 Thread 0x000001ddb09b74d0 60426       3       com.android.tools.r8.internal.CX::a (158 bytes)
Event: 376.720 Thread 0x000001ddb09b74d0 nmethod 60426 0x000001dd92c87410 code [0x000001dd92c876c0, 0x000001dd92c88508]
Event: 376.738 Thread 0x000001ddc552a7b0 60427       4       com.android.tools.r8.internal.cB::j (15 bytes)
Event: 376.742 Thread 0x000001ddc552a7b0 nmethod 60427 0x000001dd9980e110 code [0x000001dd9980e2c0, 0x000001dd9980e5d8]

GC Heap History (20 events):
Event: 372.656 GC heap before
{Heap before GC invocations=175 (full 0):
 garbage-first heap   total 1269760K, used 1159168K [0x0000000080000000, 0x0000000100000000)
  region size 1024K, 581 young (594944K), 49 survivors (50176K)
 Metaspace       used 247920K, committed 250944K, reserved 1310720K
  class space    used 30780K, committed 32320K, reserved 1048576K
}
Event: 372.681 GC heap after
{Heap after GC invocations=176 (full 0):
 garbage-first heap   total 1269760K, used 610933K [0x0000000080000000, 0x0000000100000000)
  region size 1024K, 46 young (47104K), 46 survivors (47104K)
 Metaspace       used 247920K, committed 250944K, reserved 1310720K
  class space    used 30780K, committed 32320K, reserved 1048576K
}
Event: 373.098 GC heap before
{Heap before GC invocations=176 (full 0):
 garbage-first heap   total 1269760K, used 1157749K [0x0000000080000000, 0x0000000100000000)
  region size 1024K, 581 young (594944K), 46 survivors (47104K)
 Metaspace       used 247930K, committed 250944K, reserved 1310720K
  class space    used 30780K, committed 32320K, reserved 1048576K
}
Event: 373.116 GC heap after
{Heap after GC invocations=177 (full 0):
 garbage-first heap   total 1269760K, used 614233K [0x0000000080000000, 0x0000000100000000)
  region size 1024K, 40 young (40960K), 40 survivors (40960K)
 Metaspace       used 247930K, committed 250944K, reserved 1310720K
  class space    used 30780K, committed 32320K, reserved 1048576K
}
Event: 373.698 GC heap before
{Heap before GC invocations=177 (full 0):
 garbage-first heap   total 1269760K, used 1164121K [0x0000000080000000, 0x0000000100000000)
  region size 1024K, 577 young (590848K), 40 survivors (40960K)
 Metaspace       used 247936K, committed 250944K, reserved 1310720K
  class space    used 30780K, committed 32320K, reserved 1048576K
}
Event: 373.715 GC heap after
{Heap after GC invocations=178 (full 0):
 garbage-first heap   total 1269760K, used 614745K [0x0000000080000000, 0x0000000100000000)
  region size 1024K, 40 young (40960K), 40 survivors (40960K)
 Metaspace       used 247936K, committed 250944K, reserved 1310720K
  class space    used 30780K, committed 32320K, reserved 1048576K
}
Event: 374.064 GC heap before
{Heap before GC invocations=179 (full 0):
 garbage-first heap   total 1269760K, used 1164633K [0x0000000080000000, 0x0000000100000000)
  region size 1024K, 577 young (590848K), 40 survivors (40960K)
 Metaspace       used 247940K, committed 250944K, reserved 1310720K
  class space    used 30780K, committed 32320K, reserved 1048576K
}
Event: 374.081 GC heap after
{Heap after GC invocations=180 (full 0):
 garbage-first heap   total 1269760K, used 617047K [0x0000000080000000, 0x0000000100000000)
  region size 1024K, 24 young (24576K), 24 survivors (24576K)
 Metaspace       used 247940K, committed 250944K, reserved 1310720K
  class space    used 30780K, committed 32320K, reserved 1048576K
}
Event: 374.524 GC heap before
{Heap before GC invocations=180 (full 0):
 garbage-first heap   total 1269760K, used 1180247K [0x0000000080000000, 0x0000000100000000)
  region size 1024K, 574 young (587776K), 24 survivors (24576K)
 Metaspace       used 247969K, committed 251008K, reserved 1310720K
  class space    used 30780K, committed 32320K, reserved 1048576K
}
Event: 374.541 GC heap after
{Heap after GC invocations=181 (full 0):
 garbage-first heap   total 1269760K, used 608677K [0x0000000080000000, 0x0000000100000000)
  region size 1024K, 28 young (28672K), 28 survivors (28672K)
 Metaspace       used 247969K, committed 251008K, reserved 1310720K
  class space    used 30780K, committed 32320K, reserved 1048576K
}
Event: 374.809 GC heap before
{Heap before GC invocations=181 (full 0):
 garbage-first heap   total 1269760K, used 1176997K [0x0000000080000000, 0x0000000100000000)
  region size 1024K, 583 young (596992K), 28 survivors (28672K)
 Metaspace       used 247974K, committed 251008K, reserved 1310720K
  class space    used 30780K, committed 32320K, reserved 1048576K
}
Event: 374.822 GC heap after
{Heap after GC invocations=182 (full 0):
 garbage-first heap   total 1269760K, used 607645K [0x0000000080000000, 0x0000000100000000)
  region size 1024K, 28 young (28672K), 28 survivors (28672K)
 Metaspace       used 247974K, committed 251008K, reserved 1310720K
  class space    used 30780K, committed 32320K, reserved 1048576K
}
Event: 375.411 GC heap before
{Heap before GC invocations=182 (full 0):
 garbage-first heap   total 1269760K, used 1176989K [0x0000000080000000, 0x0000000100000000)
  region size 1024K, 584 young (598016K), 28 survivors (28672K)
 Metaspace       used 247998K, committed 251072K, reserved 1310720K
  class space    used 30782K, committed 32384K, reserved 1048576K
}
Event: 375.426 GC heap after
{Heap after GC invocations=183 (full 0):
 garbage-first heap   total 1269760K, used 609701K [0x0000000080000000, 0x0000000100000000)
  region size 1024K, 30 young (30720K), 30 survivors (30720K)
 Metaspace       used 247998K, committed 251072K, reserved 1310720K
  class space    used 30782K, committed 32384K, reserved 1048576K
}
Event: 375.800 GC heap before
{Heap before GC invocations=184 (full 0):
 garbage-first heap   total 1269760K, used 1174949K [0x0000000080000000, 0x0000000100000000)
  region size 1024K, 582 young (595968K), 30 survivors (30720K)
 Metaspace       used 248056K, committed 251136K, reserved 1310720K
  class space    used 30786K, committed 32384K, reserved 1048576K
}
Event: 375.817 GC heap after
{Heap after GC invocations=185 (full 0):
 garbage-first heap   total 1269760K, used 615058K [0x0000000080000000, 0x0000000100000000)
  region size 1024K, 35 young (35840K), 35 survivors (35840K)
 Metaspace       used 248056K, committed 251136K, reserved 1310720K
  class space    used 30786K, committed 32384K, reserved 1048576K
}
Event: 376.273 GC heap before
{Heap before GC invocations=185 (full 0):
 garbage-first heap   total 1269760K, used 1172114K [0x0000000080000000, 0x0000000100000000)
  region size 1024K, 577 young (590848K), 35 survivors (35840K)
 Metaspace       used 248116K, committed 251200K, reserved 1310720K
  class space    used 30788K, committed 32384K, reserved 1048576K
}
Event: 376.293 GC heap after
{Heap after GC invocations=186 (full 0):
 garbage-first heap   total 1269760K, used 586660K [0x0000000080000000, 0x0000000100000000)
  region size 1024K, 35 young (35840K), 35 survivors (35840K)
 Metaspace       used 248116K, committed 251200K, reserved 1310720K
  class space    used 30788K, committed 32384K, reserved 1048576K
}
Event: 376.680 GC heap before
{Heap before GC invocations=186 (full 0):
 garbage-first heap   total 1269760K, used 1169316K [0x0000000080000000, 0x0000000100000000)
  region size 1024K, 605 young (619520K), 35 survivors (35840K)
 Metaspace       used 248131K, committed 251200K, reserved 1310720K
  class space    used 30789K, committed 32384K, reserved 1048576K
}
Event: 376.694 GC heap after
{Heap after GC invocations=187 (full 0):
 garbage-first heap   total 1269760K, used 587712K [0x0000000080000000, 0x0000000100000000)
  region size 1024K, 36 young (36864K), 36 survivors (36864K)
 Metaspace       used 248131K, committed 251200K, reserved 1310720K
  class space    used 30789K, committed 32384K, reserved 1048576K
}

Dll operation events (3 events):
Event: 0.010 Loaded shared library C:\Program Files\Android\Android Studio\jbr\bin\java.dll
Event: 0.017 Loaded shared library C:\Program Files\Android\Android Studio\jbr\bin\zip.dll
Event: 0.574 Loaded shared library C:\Program Files\Android\Android Studio\jbr\bin\verify.dll

Deoptimization events (20 events):
Event: 376.494 Thread 0x000001ddb4e61b80 DEOPT PACKING pc=0x000001dd9259164e sp=0x000000388c6faab0
Event: 376.494 Thread 0x000001ddb4e61b80 DEOPT UNPACKING pc=0x000001dd97e74e42 sp=0x000000388c6fa208 mode 0
Event: 376.557 Thread 0x000001ddc55ae510 Uncommon trap: trap_request=0xffffffde fr.pc=0x000001dd98d317d4 relative=0x0000000000000f34
Event: 376.557 Thread 0x000001ddc55ae510 Uncommon trap: reason=class_check action=maybe_recompile pc=0x000001dd98d317d4 method=com.android.tools.r8.internal.Uk0.a(Ljava/util/Set;Ljava/util/Set;Ljava/util/Set;Lcom/android/tools/r8/internal/Tk0;)Z @ 7 c2
Event: 376.557 Thread 0x000001ddc55ae510 DEOPT PACKING pc=0x000001dd98d317d4 sp=0x000000388ccfa9e0
Event: 376.557 Thread 0x000001ddc55ae510 DEOPT UNPACKING pc=0x000001dd97e746a2 sp=0x000000388ccfa978 mode 2
Event: 376.569 Thread 0x000001ddc55ae510 DEOPT PACKING pc=0x000001dd93c43c37 sp=0x000000388ccfaec0
Event: 376.569 Thread 0x000001ddc55ae510 DEOPT UNPACKING pc=0x000001dd97e74e42 sp=0x000000388ccfa370 mode 0
Event: 376.609 Thread 0x000001ddabd72300 Uncommon trap: trap_request=0xffffffde fr.pc=0x000001dd98a18e68 relative=0x0000000000003ce8
Event: 376.610 Thread 0x000001ddabd72300 Uncommon trap: reason=class_check action=maybe_recompile pc=0x000001dd98a18e68 method=com.android.tools.r8.internal.Me.b(Lcom/android/tools/r8/internal/aA;)Lcom/android/tools/r8/internal/Xd; @ 520 c2
Event: 376.610 Thread 0x000001ddabd72300 DEOPT PACKING pc=0x000001dd98a18e68 sp=0x000000388cdfaef0
Event: 376.610 Thread 0x000001ddabd72300 DEOPT UNPACKING pc=0x000001dd97e746a2 sp=0x000000388cdfaeb0 mode 2
Event: 376.613 Thread 0x000001ddabd72300 Uncommon trap: trap_request=0xffffffde fr.pc=0x000001dd98a18e68 relative=0x0000000000003ce8
Event: 376.613 Thread 0x000001ddabd72300 Uncommon trap: reason=class_check action=maybe_recompile pc=0x000001dd98a18e68 method=com.android.tools.r8.internal.Me.b(Lcom/android/tools/r8/internal/aA;)Lcom/android/tools/r8/internal/Xd; @ 520 c2
Event: 376.613 Thread 0x000001ddabd72300 DEOPT PACKING pc=0x000001dd98a18e68 sp=0x000000388cdfaef0
Event: 376.613 Thread 0x000001ddabd72300 DEOPT UNPACKING pc=0x000001dd97e746a2 sp=0x000000388cdfaeb0 mode 2
Event: 376.708 Thread 0x000001ddabd72300 Uncommon trap: trap_request=0xffffff45 fr.pc=0x000001dd9868245c relative=0x000000000000011c
Event: 376.708 Thread 0x000001ddabd72300 Uncommon trap: reason=unstable_if action=reinterpret pc=0x000001dd9868245c method=com.android.tools.r8.internal.rD.a(Lcom/android/tools/r8/graph/y;Lcom/android/tools/r8/graph/D5;Lcom/android/tools/r8/internal/L1;)Lcom/android/tools/r8/internal/E1; @ 31 c2
Event: 376.708 Thread 0x000001ddabd72300 DEOPT PACKING pc=0x000001dd9868245c sp=0x000000388cdfadb0
Event: 376.708 Thread 0x000001ddabd72300 DEOPT UNPACKING pc=0x000001dd97e746a2 sp=0x000000388cdfad40 mode 2

Classes loaded (20 events):
Event: 359.100 Loading class java/util/IdentityHashMap$EntrySpliterator
Event: 359.100 Loading class java/util/IdentityHashMap$IdentityHashMapSpliterator
Event: 359.100 Loading class java/util/IdentityHashMap$IdentityHashMapSpliterator done
Event: 359.100 Loading class java/util/IdentityHashMap$EntrySpliterator done
Event: 359.165 Loading class java/util/SortedSet$1
Event: 359.165 Loading class java/util/SortedSet$1 done
Event: 359.197 Loading class java/util/stream/SliceOps
Event: 359.197 Loading class java/util/stream/SliceOps done
Event: 359.198 Loading class java/util/stream/SliceOps$1
Event: 359.198 Loading class java/util/stream/SliceOps$1 done
Event: 359.204 Loading class java/util/PriorityQueue
Event: 359.205 Loading class java/util/stream/SliceOps$1$1
Event: 359.205 Loading class java/util/PriorityQueue done
Event: 359.205 Loading class java/util/stream/SliceOps$1$1 done
Event: 362.842 Loading class java/nio/ShortBuffer
Event: 362.842 Loading class java/nio/ShortBuffer done
Event: 363.616 Loading class java/nio/ByteBufferAsShortBufferL
Event: 363.616 Loading class java/nio/ByteBufferAsShortBufferL done
Event: 363.730 Loading class java/util/zip/Adler32
Event: 363.730 Loading class java/util/zip/Adler32 done

Classes unloaded (7 events):
Event: 361.790 Thread 0x000001dda633abc0 Unloading class 0x0000000101ef9800 'java/lang/invoke/LambdaForm$DMH+0x0000000101ef9800'
Event: 361.790 Thread 0x000001dda633abc0 Unloading class 0x0000000101ef9400 'java/lang/invoke/LambdaForm$DMH+0x0000000101ef9400'
Event: 361.790 Thread 0x000001dda633abc0 Unloading class 0x0000000101ef9000 'java/lang/invoke/LambdaForm$DMH+0x0000000101ef9000'
Event: 361.790 Thread 0x000001dda633abc0 Unloading class 0x0000000101ef8c00 'java/lang/invoke/LambdaForm$DMH+0x0000000101ef8c00'
Event: 361.790 Thread 0x000001dda633abc0 Unloading class 0x0000000101ef8400 'java/lang/invoke/LambdaForm$DMH+0x0000000101ef8400'
Event: 366.553 Thread 0x000001dda633abc0 Unloading class 0x0000000101f70000 'java/lang/invoke/LambdaForm$DMH+0x0000000101f70000'
Event: 366.553 Thread 0x000001dda633abc0 Unloading class 0x0000000101f51800 'java/lang/invoke/LambdaForm$DMH+0x0000000101f51800'

Classes redefined (0 events):
No events

Internal exceptions (20 events):
Event: 368.850 Thread 0x000001ddc55ae510 Exception <a 'sun/nio/fs/WindowsException'{0x00000000ab177680}> (0x00000000ab177680) 
thrown [s\src\hotspot\share\prims\jni.cpp, line 535]
Event: 369.397 Thread 0x000001ddb4e5b910 Exception <a 'sun/nio/fs/WindowsException'{0x00000000a88ad0d0}> (0x00000000a88ad0d0) 
thrown [s\src\hotspot\share\prims\jni.cpp, line 535]
Event: 369.510 Thread 0x000001ddb4e5e700 Exception <a 'sun/nio/fs/WindowsException'{0x00000000a2566cb8}> (0x00000000a2566cb8) 
thrown [s\src\hotspot\share\prims\jni.cpp, line 535]
Event: 369.593 Thread 0x000001ddc55ae510 Exception <a 'sun/nio/fs/WindowsException'{0x00000000fd094bd8}> (0x00000000fd094bd8) 
thrown [s\src\hotspot\share\prims\jni.cpp, line 535]
Event: 369.804 Thread 0x000001ddc55ae510 Exception <a 'sun/nio/fs/WindowsException'{0x00000000a5a650b8}> (0x00000000a5a650b8) 
thrown [s\src\hotspot\share\prims\jni.cpp, line 535]
Event: 369.850 Thread 0x000001ddabd743d0 Exception <a 'sun/nio/fs/WindowsException'{0x00000000a3b30278}> (0x00000000a3b30278) 
thrown [s\src\hotspot\share\prims\jni.cpp, line 535]
Event: 369.857 Thread 0x000001ddb4e5e700 Exception <a 'sun/nio/fs/WindowsException'{0x00000000a228a2d0}> (0x00000000a228a2d0) 
thrown [s\src\hotspot\share\prims\jni.cpp, line 535]
Event: 369.892 Thread 0x000001ddc55ae510 Exception <a 'sun/nio/fs/WindowsException'{0x00000000ffd96028}> (0x00000000ffd96028) 
thrown [s\src\hotspot\share\prims\jni.cpp, line 535]
Event: 370.056 Thread 0x000001ddc55ae510 Exception <a 'sun/nio/fs/WindowsException'{0x00000000be62f9e8}> (0x00000000be62f9e8) 
thrown [s\src\hotspot\share\prims\jni.cpp, line 535]
Event: 370.106 Thread 0x000001ddb4e5e700 Exception <a 'sun/nio/fs/WindowsException'{0x00000000c51691a0}> (0x00000000c51691a0) 
thrown [s\src\hotspot\share\prims\jni.cpp, line 535]
Event: 370.519 Thread 0x000001ddb4e5e700 Exception <a 'sun/nio/fs/WindowsException'{0x00000000c6422838}> (0x00000000c6422838) 
thrown [s\src\hotspot\share\prims\jni.cpp, line 535]
Event: 371.769 Thread 0x000001ddc55af230 Implicit null exception at 0x000001dd98ba8d21 to 0x000001dd98bad794
Event: 372.317 Thread 0x000001ddad7487a0 Exception <a 'sun/nio/fs/WindowsException'{0x00000000c61928e0}> (0x00000000c61928e0) 
thrown [s\src\hotspot\share\prims\jni.cpp, line 535]
Event: 372.428 Thread 0x000001ddb4e5bfa0 Exception <a 'sun/nio/fs/WindowsException'{0x00000000bf393960}> (0x00000000bf393960) 
thrown [s\src\hotspot\share\prims\jni.cpp, line 535]
Event: 372.534 Thread 0x000001ddb0d34f80 Exception <a 'sun/nio/fs/WindowsException'{0x00000000ba038468}> (0x00000000ba038468) 
thrown [s\src\hotspot\share\prims\jni.cpp, line 535]
Event: 372.641 Thread 0x000001ddb4e5bfa0 Exception <a 'sun/nio/fs/WindowsException'{0x00000000aa4288b8}> (0x00000000aa4288b8) 
thrown [s\src\hotspot\share\prims\jni.cpp, line 535]
Event: 372.722 Thread 0x000001ddb0d33540 Exception <a 'sun/nio/fs/WindowsException'{0x00000000fb806f10}> (0x00000000fb806f10) 
thrown [s\src\hotspot\share\prims\jni.cpp, line 535]
Event: 372.837 Thread 0x000001ddb4e5bfa0 Exception <a 'sun/nio/fs/WindowsException'{0x00000000bf4edb88}> (0x00000000bf4edb88) 
thrown [s\src\hotspot\share\prims\jni.cpp, line 535]
Event: 374.561 Thread 0x000001ddad74cfd0 Exception <a 'sun/nio/fs/WindowsException'{0x00000000ff89b5e8}> (0x00000000ff89b5e8) 
thrown [s\src\hotspot\share\prims\jni.cpp, line 535]
Event: 376.236 Thread 0x000001ddb0d300c0 Exception <a 'sun/nio/fs/WindowsException'{0x00000000aedd36e0}> (0x00000000aedd36e0) 
thrown [s\src\hotspot\share\prims\jni.cpp, line 535]

ZGC Phase Switch (0 events):
No events

VM Operations (20 events):
Event: 373.868 Executing VM operation: G1PauseCleanup
Event: 373.885 Executing VM operation: G1PauseCleanup done
Event: 374.063 Executing VM operation: G1CollectForAllocation (G1 Evacuation Pause)
Event: 374.082 Executing VM operation: G1CollectForAllocation (G1 Evacuation Pause) done
Event: 374.447 Executing VM operation: G1CollectForAllocation (G1 Evacuation Pause)
Event: 374.541 Executing VM operation: G1CollectForAllocation (G1 Evacuation Pause) done
Event: 374.809 Executing VM operation: G1CollectForAllocation (G1 Evacuation Pause)
Event: 374.822 Executing VM operation: G1CollectForAllocation (G1 Evacuation Pause) done
Event: 375.208 Executing VM operation: G1PauseRemark
Event: 375.217 Executing VM operation: G1PauseRemark done
Event: 375.410 Executing VM operation: G1CollectForAllocation (G1 Evacuation Pause)
Event: 375.426 Executing VM operation: G1CollectForAllocation (G1 Evacuation Pause) done
Event: 375.545 Executing VM operation: G1PauseCleanup
Event: 375.547 Executing VM operation: G1PauseCleanup done
Event: 375.800 Executing VM operation: G1CollectForAllocation (G1 Evacuation Pause)
Event: 375.817 Executing VM operation: G1CollectForAllocation (G1 Evacuation Pause) done
Event: 376.272 Executing VM operation: G1CollectForAllocation (G1 Evacuation Pause)
Event: 376.294 Executing VM operation: G1CollectForAllocation (G1 Evacuation Pause) done
Event: 376.673 Executing VM operation: G1CollectForAllocation (G1 Evacuation Pause)
Event: 376.694 Executing VM operation: G1CollectForAllocation (G1 Evacuation Pause) done

Memory protections (0 events):
No events

Nmethod flushes (20 events):
Event: 375.216 Thread 0x000001dda633abc0 flushing  nmethod 0x000001dd93239610
Event: 375.216 Thread 0x000001dda633abc0 flushing  nmethod 0x000001dd937af310
Event: 375.216 Thread 0x000001dda633abc0 flushing  nmethod 0x000001dd937b3a10
Event: 375.216 Thread 0x000001dda633abc0 flushing  nmethod 0x000001dd93a2db90
Event: 375.216 Thread 0x000001dda633abc0 flushing  nmethod 0x000001dd93a46590
Event: 375.216 Thread 0x000001dda633abc0 flushing  nmethod 0x000001dd93a47090
Event: 375.216 Thread 0x000001dda633abc0 flushing  nmethod 0x000001dd99c19a10
Event: 375.216 Thread 0x000001dda633abc0 flushing  nmethod 0x000001dd90c61290
Event: 375.216 Thread 0x000001dda633abc0 flushing  nmethod 0x000001dd90deba10
Event: 375.216 Thread 0x000001dda633abc0 flushing  nmethod 0x000001dd90fe0010
Event: 375.216 Thread 0x000001dda633abc0 flushing  nmethod 0x000001dd91240690
Event: 375.216 Thread 0x000001dda633abc0 flushing  nmethod 0x000001dd9124b910
Event: 375.216 Thread 0x000001dda633abc0 flushing  nmethod 0x000001dd913b3710
Event: 375.216 Thread 0x000001dda633abc0 flushing  nmethod 0x000001dd91612d90
Event: 375.216 Thread 0x000001dda633abc0 flushing  nmethod 0x000001dd91651610
Event: 375.216 Thread 0x000001dda633abc0 flushing  nmethod 0x000001dd913bc490
Event: 375.216 Thread 0x000001dda633abc0 flushing  nmethod 0x000001dd913d5290
Event: 375.216 Thread 0x000001dda633abc0 flushing  nmethod 0x000001dd91517a90
Event: 375.216 Thread 0x000001dda633abc0 flushing  nmethod 0x000001dd9151ba90
Event: 375.216 Thread 0x000001dda633abc0 flushing  nmethod 0x000001dd91653410

Events (20 events):
Event: 357.594 Thread 0x000001ddc77ac920 Thread exited: 0x000001ddc77ac920
Event: 357.594 Thread 0x000001ddc454f550 Thread exited: 0x000001ddc454f550
Event: 357.616 Thread 0x000001ddb440d160 Thread exited: 0x000001ddb440d160
Event: 357.706 Thread 0x000001ddb09b74d0 Thread added: 0x000001ddb6910070
Event: 357.708 Thread 0x000001ddb09b74d0 Thread added: 0x000001ddb6910740
Event: 357.719 Thread 0x000001ddb0827be0 Thread added: 0x000001ddc70b2b20
Event: 357.934 Thread 0x000001ddc70b2b20 Thread exited: 0x000001ddc70b2b20
Event: 358.101 Thread 0x000001ddb6910740 Thread exited: 0x000001ddb6910740
Event: 358.427 Thread 0x000001ddb0827be0 Thread exited: 0x000001ddb0827be0
Event: 358.557 Thread 0x000001ddb6910070 Thread exited: 0x000001ddb6910070
Event: 358.558 Thread 0x000001ddaf774a30 Thread exited: 0x000001ddaf774a30
Event: 358.671 Thread 0x000001ddb09b74d0 Thread added: 0x000001ddc552b550
Event: 358.671 Thread 0x000001ddb09b74d0 Thread added: 0x000001ddc552a7b0
Event: 359.345 Thread 0x000001ddc552a7b0 Thread exited: 0x000001ddc552a7b0
Event: 359.507 Thread 0x000001dda63bed70 Thread added: 0x000001ddb5e80ec0
Event: 359.969 Thread 0x000001ddb09b74d0 Thread added: 0x000001ddc70b2b20
Event: 359.993 Thread 0x000001ddb09b74d0 Thread added: 0x000001ddc552a7b0
Event: 360.245 Thread 0x000001ddb5e80ec0 Thread added: 0x000001ddaf7779e0
Event: 371.674 Thread 0x000001ddb5e80ec0 Thread exited: 0x000001ddb5e80ec0
Event: 376.716 Thread 0x000001ddaf7779e0 Thread exited: 0x000001ddaf7779e0


Dynamic libraries:
0x00007ff6b4da0000 - 0x00007ff6b4daa000 	C:\Program Files\Android\Android Studio\jbr\bin\java.exe
0x00007ff9407a0000 - 0x00007ff940a03000 	C:\WINDOWS\SYSTEM32\ntdll.dll
0x00007ff93f940000 - 0x00007ff93fa07000 	C:\WINDOWS\System32\KERNEL32.DLL
0x00007ff93e210000 - 0x00007ff93e5d7000 	C:\WINDOWS\System32\KERNELBASE.dll
0x00007ff93de40000 - 0x00007ff93df8c000 	C:\WINDOWS\System32\ucrtbase.dll
0x00007ff936d50000 - 0x00007ff936d6b000 	C:\Program Files\Android\Android Studio\jbr\bin\VCRUNTIME140.dll
0x00007ff91e230000 - 0x00007ff91e248000 	C:\Program Files\Android\Android Studio\jbr\bin\jli.dll
0x00007ff9403b0000 - 0x00007ff940579000 	C:\WINDOWS\System32\USER32.dll
0x00007ff925fc0000 - 0x00007ff926250000 	C:\WINDOWS\WinSxS\amd64_microsoft.windows.common-controls_6595b64144ccf1df_6.0.26100.3037_none_3e09262ce333c378\COMCTL32.dll
0x00007ff93dd50000 - 0x00007ff93dd77000 	C:\WINDOWS\System32\win32u.dll
0x00007ff93e760000 - 0x00007ff93e809000 	C:\WINDOWS\System32\msvcrt.dll
0x00007ff93fdb0000 - 0x00007ff93fdda000 	C:\WINDOWS\System32\GDI32.dll
0x00007ff93e0e0000 - 0x00007ff93e20b000 	C:\WINDOWS\System32\gdi32full.dll
0x00007ff93e030000 - 0x00007ff93e0d3000 	C:\WINDOWS\System32\msvcp_win.dll
0x00007ff93fde0000 - 0x00007ff93fe0f000 	C:\WINDOWS\System32\IMM32.DLL
0x00007ff937bd0000 - 0x00007ff937bdc000 	C:\Program Files\Android\Android Studio\jbr\bin\vcruntime140_1.dll
0x00007ff8f7880000 - 0x00007ff8f790d000 	C:\Program Files\Android\Android Studio\jbr\bin\msvcp140.dll
0x00007ff88c370000 - 0x00007ff88cffa000 	C:\Program Files\Android\Android Studio\jbr\bin\server\jvm.dll
0x00007ff93f870000 - 0x00007ff93f924000 	C:\WINDOWS\System32\ADVAPI32.dll
0x00007ff93e600000 - 0x00007ff93e6a6000 	C:\WINDOWS\System32\sechost.dll
0x00007ff93f3b0000 - 0x00007ff93f4c6000 	C:\WINDOWS\System32\RPCRT4.dll
0x00007ff940580000 - 0x00007ff9405f4000 	C:\WINDOWS\System32\WS2_32.dll
0x00007ff93d9c0000 - 0x00007ff93da0e000 	C:\WINDOWS\SYSTEM32\POWRPROF.dll
0x00007ff93a8d0000 - 0x00007ff93a906000 	C:\WINDOWS\SYSTEM32\WINMM.dll
0x00007ff93a910000 - 0x00007ff93a91b000 	C:\WINDOWS\SYSTEM32\VERSION.dll
0x00007ff93d9a0000 - 0x00007ff93d9b4000 	C:\WINDOWS\SYSTEM32\UMPDC.dll
0x00007ff93c970000 - 0x00007ff93c98a000 	C:\WINDOWS\SYSTEM32\kernel.appcore.dll
0x00007ff936d40000 - 0x00007ff936d4a000 	C:\Program Files\Android\Android Studio\jbr\bin\jimage.dll
0x00007ff92edf0000 - 0x00007ff92f031000 	C:\WINDOWS\SYSTEM32\DBGHELP.DLL
0x00007ff93fa20000 - 0x00007ff93fd9e000 	C:\WINDOWS\System32\combase.dll
0x00007ff93ef20000 - 0x00007ff93eff6000 	C:\WINDOWS\System32\OLEAUT32.dll
0x00007ff928780000 - 0x00007ff9287b9000 	C:\WINDOWS\SYSTEM32\dbgcore.DLL
0x00007ff93df90000 - 0x00007ff93e029000 	C:\WINDOWS\System32\bcryptPrimitives.dll
0x00007ff938320000 - 0x00007ff93832e000 	C:\Program Files\Android\Android Studio\jbr\bin\instrument.dll
0x00007ff936d20000 - 0x00007ff936d40000 	C:\Program Files\Android\Android Studio\jbr\bin\java.dll
0x00007ff936d00000 - 0x00007ff936d18000 	C:\Program Files\Android\Android Studio\jbr\bin\zip.dll
0x00007ff93e810000 - 0x00007ff93ef14000 	C:\WINDOWS\System32\SHELL32.dll
0x00007ff93b810000 - 0x00007ff93c047000 	C:\WINDOWS\SYSTEM32\windows.storage.dll
0x00007ff93f5b0000 - 0x00007ff93f699000 	C:\WINDOWS\System32\SHCORE.dll
0x00007ff93e700000 - 0x00007ff93e75d000 	C:\WINDOWS\System32\shlwapi.dll
0x00007ff93da50000 - 0x00007ff93da7e000 	C:\WINDOWS\SYSTEM32\profapi.dll
0x00007ff936cf0000 - 0x00007ff936d00000 	C:\Program Files\Android\Android Studio\jbr\bin\net.dll
0x00007ff933fc0000 - 0x00007ff9340de000 	C:\WINDOWS\SYSTEM32\WINHTTP.dll
0x00007ff93ce80000 - 0x00007ff93ceea000 	C:\WINDOWS\system32\mswsock.dll
0x00007ff936cd0000 - 0x00007ff936ce6000 	C:\Program Files\Android\Android Studio\jbr\bin\nio.dll
0x00007ff91dfd0000 - 0x00007ff91dfe0000 	C:\Program Files\Android\Android Studio\jbr\bin\verify.dll
0x00007ff91e250000 - 0x00007ff91e277000 	C:\Users\herna\.gradle\native\c067742578af261105cb4f569cf0c3c89f3d7b1fecec35dd04571415982c5e48\windows-amd64\native-platform.dll
0x00007ff8ecff0000 - 0x00007ff8ed134000 	C:\Users\herna\.gradle\native\100fb08df4bc3b14c8652ba06237920a3bd2aa13389f12d3474272988ae205f9\windows-amd64\native-platform-file-events.dll
0x00007ff936c50000 - 0x00007ff936c59000 	C:\Program Files\Android\Android Studio\jbr\bin\management.dll
0x00007ff921250000 - 0x00007ff92125b000 	C:\Program Files\Android\Android Studio\jbr\bin\management_ext.dll
0x00007ff940600000 - 0x00007ff940608000 	C:\WINDOWS\System32\PSAPI.DLL
0x00007ff93d120000 - 0x00007ff93d13c000 	C:\WINDOWS\SYSTEM32\CRYPTSP.dll
0x00007ff93c8b0000 - 0x00007ff93c8e8000 	C:\WINDOWS\system32\rsaenh.dll
0x00007ff93cf20000 - 0x00007ff93cf4b000 	C:\WINDOWS\SYSTEM32\USERENV.dll
0x00007ff93d2f0000 - 0x00007ff93d316000 	C:\WINDOWS\SYSTEM32\bcrypt.dll
0x00007ff93d140000 - 0x00007ff93d14c000 	C:\WINDOWS\SYSTEM32\CRYPTBASE.dll
0x00007ff93c350000 - 0x00007ff93c382000 	C:\WINDOWS\SYSTEM32\IPHLPAPI.DLL
0x00007ff93f930000 - 0x00007ff93f93a000 	C:\WINDOWS\System32\NSI.dll
0x00007ff936c60000 - 0x00007ff936c69000 	C:\Program Files\Android\Android Studio\jbr\bin\extnet.dll
0x00007ff936c70000 - 0x00007ff936c78000 	C:\WINDOWS\system32\wshunix.dll
0x00007ff93c390000 - 0x00007ff93c4b5000 	C:\WINDOWS\SYSTEM32\DNSAPI.dll
0x00007ff931920000 - 0x00007ff93192b000 	C:\Windows\System32\rasadhlp.dll
0x00007ff931e20000 - 0x00007ff931ea5000 	C:\WINDOWS\System32\fwpuclnt.dll
0x00007ff9263e0000 - 0x00007ff9263f8000 	C:\WINDOWS\system32\napinsp.dll
0x00007ff9263c0000 - 0x00007ff9263d2000 	C:\WINDOWS\System32\winrnr.dll
0x00007ff926390000 - 0x00007ff9263b2000 	C:\WINDOWS\system32\nlansp_c.dll
0x00007ff931f20000 - 0x00007ff931f36000 	C:\WINDOWS\system32\wshbth.dll
0x00007ff93ca90000 - 0x00007ff93cac5000 	C:\WINDOWS\SYSTEM32\ntmarta.dll

dbghelp: loaded successfully - version: 4.0.5 - missing functions: none
symbol engine: initialized successfully - sym options: 0x614 - pdb path: .;C:\Program Files\Android\Android Studio\jbr\bin;C:\WINDOWS\SYSTEM32;C:\WINDOWS\WinSxS\amd64_microsoft.windows.common-controls_6595b64144ccf1df_6.0.26100.3037_none_3e09262ce333c378;C:\Program Files\Android\Android Studio\jbr\bin\server;C:\Users\herna\.gradle\native\c067742578af261105cb4f569cf0c3c89f3d7b1fecec35dd04571415982c5e48\windows-amd64;C:\Users\herna\.gradle\native\100fb08df4bc3b14c8652ba06237920a3bd2aa13389f12d3474272988ae205f9\windows-amd64

VM Arguments:
jvm_args: --add-opens=java.base/java.util=ALL-UNNAMED --add-opens=java.base/java.lang=ALL-UNNAMED --add-opens=java.base/java.lang.invoke=ALL-UNNAMED --add-opens=java.prefs/java.util.prefs=ALL-UNNAMED --add-exports=jdk.compiler/com.sun.tools.javac.api=ALL-UNNAMED --add-exports=jdk.compiler/com.sun.tools.javac.util=ALL-UNNAMED --add-opens=java.base/java.nio.charset=ALL-UNNAMED --add-opens=java.base/java.net=ALL-UNNAMED --add-opens=java.base/java.util.concurrent.atomic=ALL-UNNAMED -Xmx2048m -Dfile.encoding=UTF-8 -Duser.country=MX -Duser.language=es -Duser.variant -javaagent:C:\Users\herna\.gradle\wrapper\dists\gradle-8.9-bin\90cnw93cvbtalezasaz0blq0a\gradle-8.9\lib\agents\gradle-instrumentation-agent-8.9.jar 
java_command: org.gradle.launcher.daemon.bootstrap.GradleDaemon 8.9
java_class_path (initial): C:\Users\herna\.gradle\wrapper\dists\gradle-8.9-bin\90cnw93cvbtalezasaz0blq0a\gradle-8.9\lib\gradle-daemon-main-8.9.jar
Launcher Type: SUN_STANDARD

[Global flags]
     intx CICompilerCount                          = 12                                        {product} {ergonomic}
     uint ConcGCThreads                            = 3                                         {product} {ergonomic}
     uint G1ConcRefinementThreads                  = 13                                        {product} {ergonomic}
   size_t G1HeapRegionSize                         = 1048576                                   {product} {ergonomic}
    uintx GCDrainStackTargetSize                   = 64                                        {product} {ergonomic}
   size_t InitialHeapSize                          = 257949696                                 {product} {ergonomic}
   size_t MarkStackSize                            = 4194304                                   {product} {ergonomic}
   size_t MaxHeapSize                              = 2147483648                                {product} {command line}
   size_t MaxNewSize                               = 1287651328                                {product} {ergonomic}
   size_t MinHeapDeltaBytes                        = 1048576                                   {product} {ergonomic}
   size_t MinHeapSize                              = 8388608                                   {product} {ergonomic}
    uintx NonNMethodCodeHeapSize                   = 7602480                                {pd product} {ergonomic}
    uintx NonProfiledCodeHeapSize                  = 122027880                              {pd product} {ergonomic}
    uintx ProfiledCodeHeapSize                     = 122027880                              {pd product} {ergonomic}
    uintx ReservedCodeCacheSize                    = 251658240                              {pd product} {ergonomic}
     bool SegmentedCodeCache                       = true                                      {product} {ergonomic}
   size_t SoftMaxHeapSize                          = 2147483648                             {manageable} {ergonomic}
     bool UseCompressedOops                        = true                           {product lp64_product} {ergonomic}
     bool UseG1GC                                  = true                                      {product} {ergonomic}
     bool UseLargePagesIndividualAllocation        = false                                  {pd product} {ergonomic}

Logging:
Log output configuration:
 #0: stdout all=warning uptime,level,tags foldmultilines=false
 #1: stderr all=off uptime,level,tags foldmultilines=false

Environment Variables:
JAVA_HOME=C:\Program Files\Amazon Corretto\jdk21.0.6_7
PATH=C:\Program Files\Amazon Corretto\jdk21.0.6_7\bin;C:\windows\system32;C:\windows;C:\windows\System32\Wbem;C:\windows\System32\WindowsPowerShell\v1.0\;C:\windows\System32\OpenSSH\;C:\Program Files\HP\HP One Agent;C:\WINDOWS\system32;C:\WINDOWS;C:\WINDOWS\System32\Wbem;C:\WINDOWS\System32\WindowsPowerShell\v1.0\;C:\WINDOWS\System32\OpenSSH\;C:\Program Files\Git\cmd;C:\maven\bin;C:\Program Files\nodejs\;C:\ProgramData\chocolatey\bin;C:\Users\herna\AppData\Local\Programs\Python\Python313\Scripts\;C:\Users\herna\AppData\Local\Programs\Python\Python313\;C:\Users\herna\AppData\Local\Microsoft\WindowsApps;C:\Users\herna\AppData\Local\Programs\Microsoft VS Code\bin;C:\Users\herna\AppData\Local\GitHubDesktop\bin;C:\Users\herna\AppData\Roaming\npm
USERNAME=herna
OS=Windows_NT
PROCESSOR_IDENTIFIER=AMD64 Family 25 Model 80 Stepping 0, AuthenticAMD
TMP=C:\Users\herna\AppData\Local\Temp
TEMP=C:\Users\herna\AppData\Local\Temp




Periodic native trim disabled

JNI global refs:
JNI global refs: 36, weak refs: 0

JNI global refs memory usage: 835, weak refs: 833

Process memory usage:
Resident Set Size: 2059492K (12% of 16088428K total physical memory with 3418764K free physical memory)

OOME stack traces (most recent first):
Classloader memory used:
Loader org.gradle.internal.classloader.VisitableURLClassLoader                         : 112M
Loader org.gradle.internal.classloader.VisitableURLClassLoader$InstrumentingVisitableURLClassLoader: 64255K
Loader bootstrap                                                                       : 40963K
Loader org.gradle.initialization.MixInLegacyTypesClassLoader                           : 16923K
Loader org.gradle.internal.classloader.VisitableURLClassLoader                         : 8711K
Loader jdk.internal.reflect.DelegatingClassLoader                                      : 932K
Loader jdk.internal.loader.ClassLoaders$PlatformClassLoader                            : 903K
Loader jdk.internal.jrtfs.JrtFileSystemProvider$JrtFsLoader                            : 341K
Loader jdk.internal.loader.ClassLoaders$AppClassLoader                                 : 230K
Loader org.gradle.groovy.scripts.internal.DefaultScriptCompilationHandler$ScriptClassLoader: 89056B
Loader org.codehaus.groovy.runtime.callsite.CallSiteClassLoader                        : 56648B
Loader sun.reflect.misc.MethodUtil                                                     : 2952B

Classes loaded by more than one classloader:
Class Program                                                                         : loaded 5 times (x 68B)
Class com.google.common.collect.ForwardingCollection                                  : loaded 3 times (x 126B)
Class com.google.common.collect.RegularImmutableSet                                   : loaded 3 times (x 144B)
Class com.google.common.collect.Iterators$MergingIterator                             : loaded 3 times (x 77B)
Class com.google.common.collect.ImmutableList$SubList                                 : loaded 3 times (x 204B)
Class com.google.common.collect.RegularImmutableMap$KeySet                            : loaded 3 times (x 146B)
Class com.google.common.collect.ForwardingObject                                      : loaded 3 times (x 68B)
Class com.google.common.collect.ImmutableSet$SetBuilderImpl                           : loaded 3 times (x 72B)
Class com.google.common.collect.ComparisonChain$InactiveComparisonChain               : loaded 3 times (x 76B)
Class com.google.common.collect.ImmutableList                                         : loaded 3 times (x 202B)
Class Build_gradle                                                                    : loaded 3 times (x 126B)
Class com.google.common.collect.ReverseOrdering                                       : loaded 3 times (x 111B)
Class com.google.common.base.CharMatcher$InRange                                      : loaded 3 times (x 107B)
Class com.google.common.collect.ImmutableSet$Builder                                  : loaded 3 times (x 81B)
Class com.google.common.collect.SetMultimap                                           : loaded 3 times (x 66B)
Class com.google.common.collect.ImmutableMapEntrySet$RegularEntrySet                  : loaded 3 times (x 147B)
Class com.google.common.collect.RangeSet                                              : loaded 3 times (x 66B)
Class com.google.common.base.CharMatcher$NamedFastMatcher                             : loaded 3 times (x 108B)
Class com.google.common.base.CharMatcher$IsEither                                     : loaded 3 times (x 107B)
Class com.google.common.base.CharMatcher$1                                            : loaded 3 times (x 109B)
Class com.google.common.base.Joiner$2                                                 : loaded 3 times (x 75B)
Class com.google.common.collect.RangeGwtSerializationDependencies                     : loaded 3 times (x 67B)
Class com.google.common.base.CharMatcher                                              : loaded 3 times (x 107B)
Class com.google.common.collect.PeekingIterator                                       : loaded 3 times (x 66B)
Class com.google.common.base.Joiner$1                                                 : loaded 3 times (x 76B)
Class com.google.common.collect.ByFunctionOrdering                                    : loaded 3 times (x 111B)
Class com.google.common.collect.ImmutableSetMultimap                                  : loaded 3 times (x 176B)
Class com.google.common.base.Preconditions                                            : loaded 3 times (x 67B)
Class com.google.common.base.CharMatcher$Is                                           : loaded 3 times (x 107B)
Class com.google.common.base.CharMatcher$Negated                                      : loaded 3 times (x 109B)
Class com.google.common.collect.RegularImmutableMap$BucketOverflowException           : loaded 3 times (x 78B)
Class com.google.common.collect.ImmutableSet$RegularSetBuilderImpl                    : loaded 3 times (x 73B)
Class com.google.common.collect.ImmutableRangeSet$ComplementRanges                    : loaded 3 times (x 203B)
Class org.gradle.internal.IoActions                                                   : loaded 3 times (x 67B)
Class com.google.common.collect.ImmutableList$1                                       : loaded 3 times (x 93B)
Class com.google.common.collect.NullsLastOrdering                                     : loaded 3 times (x 111B)
Class org.gradle.api.GradleException                                                  : loaded 3 times (x 78B)
Class com.google.common.collect.ImmutableEntry                                        : loaded 3 times (x 78B)
Class [Lcom.google.common.collect.AbstractMapEntry;                                   : loaded 3 times (x 65B)
Class com.google.common.base.CharMatcher$NegatedFastMatcher                           : loaded 3 times (x 109B)
Class com.google.common.collect.AbstractRangeSet                                      : loaded 3 times (x 110B)
Class com.google.common.base.Predicate                                                : loaded 3 times (x 66B)
Class com.google.common.collect.ImmutableMap                                          : loaded 3 times (x 116B)
Class com.google.common.base.CharMatcher$FastMatcher                                  : loaded 3 times (x 107B)
Class org.gradle.internal.Cast                                                        : loaded 3 times (x 67B)
Class org.gradle.api.Action                                                           : loaded 3 times (x 66B)
Class com.google.common.collect.RegularImmutableMap                                   : loaded 3 times (x 117B)
Class com.google.common.collect.ImmutableMap$MapViewOfValuesAsSingletonSets           : loaded 3 times (x 121B)
Class com.google.common.base.CharMatcher$Or                                           : loaded 3 times (x 108B)
Class com.google.common.base.CharMatcher$BitSetMatcher                                : loaded 3 times (x 108B)
Class com.google.common.collect.ImmutableSet                                          : loaded 3 times (x 141B)
Class com.google.common.collect.RegularImmutableMap$Values                            : loaded 3 times (x 203B)
Class com.google.common.collect.ImmutableRangeSet$Builder                             : loaded 3 times (x 73B)
Class com.google.common.collect.CompoundOrdering                                      : loaded 3 times (x 111B)
Class Build_gradle$1                                                                  : loaded 3 times (x 70B)
Class [Lcom.google.common.collect.ImmutableEntry;                                     : loaded 3 times (x 65B)
Class com.google.common.collect.ComparisonChain                                       : loaded 3 times (x 76B)
Class com.google.common.collect.RegularImmutableList                                  : loaded 3 times (x 208B)
Class com.google.common.base.Function                                                 : loaded 3 times (x 66B)
Class com.google.common.collect.ImmutableMapEntry$NonTerminalImmutableMapEntry        : loaded 3 times (x 81B)
Class com.google.common.collect.ImmutableMultimap                                     : loaded 3 times (x 143B)
Class com.google.common.collect.UnmodifiableListIterator                              : loaded 3 times (x 91B)
Class com.google.common.collect.ImmutableMapEntry                                     : loaded 3 times (x 81B)
Class com.google.common.collect.RegularImmutableSortedSet                             : loaded 3 times (x 295B)
Class com.google.common.base.CharMatcher$IsNot                                        : loaded 3 times (x 107B)
Class com.google.common.collect.ImmutableMap$SerializedForm                           : loaded 3 times (x 69B)
Class com.google.common.collect.LexicographicalOrdering                               : loaded 3 times (x 111B)
Class com.google.common.collect.ImmutableSortedSet                                    : loaded 3 times (x 295B)
Class com.google.common.collect.UsingToStringOrdering                                 : loaded 3 times (x 110B)
Class com.google.common.collect.ImmutableAsList                                       : loaded 3 times (x 205B)
Class com.google.common.collect.Iterators$9                                           : loaded 3 times (x 77B)
Class com.google.common.collect.Lists                                                 : loaded 3 times (x 67B)
Class com.google.common.collect.ImmutableSet$CachingAsList                            : loaded 3 times (x 143B)
Class com.google.common.base.CharMatcher$AnyOf                                        : loaded 3 times (x 108B)
Class com.google.common.collect.ImmutableCollection                                   : loaded 3 times (x 121B)
Class com.google.common.base.CharMatcher$ForPredicate                                 : loaded 3 times (x 108B)
Class com.google.common.collect.Iterators$5                                           : loaded 3 times (x 78B)
Class com.google.common.collect.ImmutableBiMap                                        : loaded 3 times (x 139B)
Class com.google.common.collect.Iterators$4                                           : loaded 3 times (x 78B)
Class com.google.common.collect.SortedIterable                                        : loaded 3 times (x 66B)
Class com.google.common.collect.ImmutableMap$IteratorBasedImmutableMap                : loaded 3 times (x 121B)
Class com.google.common.collect.SingletonImmutableSet                                 : loaded 3 times (x 142B)
Class com.google.common.collect.Iterators$1                                           : loaded 3 times (x 77B)
Class com.google.common.collect.ImmutableList$ReverseImmutableList                    : loaded 3 times (x 204B)
Class com.google.common.collect.ReverseNaturalOrdering                                : loaded 3 times (x 110B)
Class org.gradle.api.UncheckedIOException                                             : loaded 3 times (x 78B)
Class com.google.common.collect.SingletonImmutableList                                : loaded 3 times (x 203B)
Class com.google.common.collect.Iterables                                             : loaded 3 times (x 67B)
Class com.google.common.collect.Multimap                                              : loaded 3 times (x 66B)
Class com.google.common.collect.ImmutableMap$Builder                                  : loaded 3 times (x 78B)
Class com.google.common.collect.ImmutableMapEntrySet                                  : loaded 3 times (x 147B)
Class com.google.common.collect.AbstractIndexedListIterator                           : loaded 3 times (x 92B)
Class com.google.common.collect.ObjectArrays                                          : loaded 3 times (x 67B)
Class com.google.common.collect.Ordering                                              : loaded 3 times (x 110B)
Class [Lcom.google.common.collect.ImmutableMapEntry;                                  : loaded 3 times (x 65B)
Class com.google.common.collect.AbstractIterator                                      : loaded 3 times (x 78B)
Class com.google.common.collect.NullsFirstOrdering                                    : loaded 3 times (x 111B)
Class com.google.common.collect.BiMap                                                 : loaded 3 times (x 66B)
Class com.google.common.collect.ImmutableMap$1                                        : loaded 3 times (x 77B)
Class com.google.common.collect.IndexedImmutableSet                                   : loaded 3 times (x 146B)
Class com.google.common.base.CharMatcher$And                                          : loaded 3 times (x 108B)
Class com.google.common.collect.ImmutableRangeSet                                     : loaded 3 times (x 111B)
Class com.google.common.collect.Lists$StringAsImmutableList                           : loaded 3 times (x 203B)
Class com.google.common.collect.ExplicitOrdering                                      : loaded 3 times (x 111B)
Class com.google.common.collect.Iterators                                             : loaded 3 times (x 67B)
Class com.google.common.collect.Range                                                 : loaded 3 times (x 83B)
Class com.google.common.collect.RegularImmutableAsList                                : loaded 3 times (x 212B)
Class com.google.common.collect.ImmutableRangeSet$1                                   : loaded 3 times (x 205B)
Class com.google.common.collect.AbstractMultimap                                      : loaded 3 times (x 119B)
Class com.google.common.collect.ImmutableList$Builder                                 : loaded 3 times (x 73B)
Class com.google.common.collect.AbstractMapEntry                                      : loaded 3 times (x 77B)
Class com.google.common.collect.UnmodifiableIterator                                  : loaded 3 times (x 76B)
Class com.google.common.collect.ComparatorOrdering                                    : loaded 3 times (x 111B)
Class com.google.common.collect.Platform                                              : loaded 3 times (x 67B)
Class com.google.common.base.Joiner                                                   : loaded 3 times (x 75B)
Class com.google.common.collect.BaseImmutableMultimap                                 : loaded 3 times (x 119B)
Class com.google.common.collect.ImmutableCollection$Builder                           : loaded 3 times (x 72B)
Class com.google.common.collect.Iterators$ArrayItr                                    : loaded 3 times (x 93B)
Class com.google.common.collect.ImmutableRangeSet$AsSet                               : loaded 3 times (x 295B)
Class com.google.common.collect.AllEqualOrdering                                      : loaded 3 times (x 110B)
Class com.google.common.collect.ComparisonChain$1                                     : loaded 3 times (x 77B)
Class com.google.common.collect.NaturalOrdering                                       : loaded 3 times (x 111B)
Class com.google.common.collect.Iterators$PeekingImpl                                 : loaded 2 times (x 85B)
Class org.gradle.api.internal.DefaultClassPathProvider                                : loaded 2 times (x 72B)
Class com.google.common.collect.MapMakerInternalMap$Strength$1                        : loaded 2 times (x 76B)
Class com.google.common.collect.Maps$ViewCachingAbstractMap                           : loaded 2 times (x 121B)
Class com.google.common.hash.HashCode$BytesHashCode                                   : loaded 2 times (x 77B)
Class kotlin.jvm.internal.ArrayIteratorKt                                             : loaded 2 times (x 67B)
Class com.android.builder.model.v2.models.BasicAndroidProject                         : loaded 2 times (x 66B)
Class com.google.common.collect.Sets$2                                                : loaded 2 times (x 135B)
Class com.amazon.ion.impl.SharedSymbolTable                                           : loaded 2 times (x 89B)
Class com.amazon.ion.impl.bin.IonRawBinaryWriter                                      : loaded 2 times (x 165B)
Class com.amazon.ion.SymbolToken                                                      : loaded 2 times (x 66B)
Class kotlin.text.StringsKt__StringNumberConversionsJVMKt                             : loaded 2 times (x 67B)
Class kotlin.text.MatchResult                                                         : loaded 2 times (x 66B)
Class kotlin.sequences.SequenceScope                                                  : loaded 2 times (x 69B)
Class kotlin.sequences.Sequence                                                       : loaded 2 times (x 66B)
Class org.gradle.tooling.ToolingModelContract                                         : loaded 2 times (x 66B)
Class [Lorg.gradle.api.internal.ClassPathProvider;                                    : loaded 2 times (x 65B)
Class org.gradle.api.internal.ClassPathProvider                                       : loaded 2 times (x 66B)
Class com.google.common.collect.MapMakerInternalMap$Strength$2                        : loaded 2 times (x 76B)
Class [Lorg.objectweb.asm.AnnotationVisitor;                                          : loaded 2 times (x 65B)
Class com.google.common.collect.Sets$3                                                : loaded 2 times (x 135B)
Class com.google.common.util.concurrent.AbstractFuture$SafeAtomicHelper               : loaded 2 times (x 75B)
Class com.google.common.cache.LocalCache$LocalLoadingCache                            : loaded 2 times (x 130B)
Class com.google.common.base.AbstractIterator$State                                   : loaded 2 times (x 75B)
Class jdk.internal.jrtfs.SystemImage                                                  : loaded 2 times (x 70B)
Class com.amazon.ion.impl.lite.IonBoolLite                                            : loaded 2 times (x 174B)
Class org.gradle.internal.impldep.gnu.trove.TObjectHash$NULL                          : loaded 2 times (x 67B)
Class kotlin.collections.CollectionsKt___CollectionsKt$asSequence$$inlined$Sequence$1 : loaded 2 times (x 71B)
Class org.gradle.internal.service.UnknownServiceException                             : loaded 2 times (x 79B)
Class com.google.common.collect.MapMakerInternalMap$StrongValueEntry                  : loaded 2 times (x 66B)
Class org.jetbrains.kotlin.config.JvmDefaultMode                                      : loaded 2 times (x 75B)
Class com.google.common.io.ByteArrayDataInput                                         : loaded 2 times (x 66B)
Class com.google.common.hash.Hasher                                                   : loaded 2 times (x 66B)
Class com.google.common.collect.Sets$4                                                : loaded 2 times (x 135B)
Class org.objectweb.asm.ModuleVisitor                                                 : loaded 2 times (x 77B)
Class com.google.common.cache.LocalCache$Strength$1                                   : loaded 2 times (x 77B)
Class org.gradle.internal.impldep.gnu.trove.PrimeFinder                               : loaded 2 times (x 67B)
Class org.jetbrains.kotlin.idea.gradleTooling.model.kapt.KaptGradleModel              : loaded 2 times (x 66B)
Class org.jetbrains.kotlin.idea.gradleTooling.KotlinDslScriptAdditionalTask           : loaded 2 times (x 66B)
Class org.jetbrains.plugins.gradle.model.ClasspathEntryModel                          : loaded 2 times (x 66B)
Class [Lorg.apache.commons.compress.archivers.zip.ZipArchiveEntry$NameSource;         : loaded 2 times (x 65B)
Class com.google.common.util.concurrent.SettableFuture                                : loaded 2 times (x 110B)
Class com.google.common.cache.LocalCache$Strength$2                                   : loaded 2 times (x 77B)
Class com.amazon.ion.IonTimestamp                                                     : loaded 2 times (x 66B)
Class com.amazon.ion.impl.bin.PooledBlockAllocatorProvider$PooledBlockAllocator       : loaded 2 times (x 77B)
Class org.jetbrains.plugins.gradle.tooling.serialization.GradleExtensionsSerializationService: loaded 2 times (x 73B)
Class com.android.ide.gradle.model.AdditionalClassifierArtifactsModelParameter        : loaded 2 times (x 66B)
Class org.gradle.api.JavaVersion                                                      : loaded 2 times (x 75B)
Class org.gradle.tooling.model.Dependency                                             : loaded 2 times (x 66B)
Class com.google.common.collect.Interners$InternerImpl                                : loaded 2 times (x 71B)
Class com.google.common.collect.Interner                                              : loaded 2 times (x 66B)
Class com.google.common.collect.TransformedIterator                                   : loaded 2 times (x 76B)
Class com.google.common.io.ByteStreams                                                : loaded 2 times (x 67B)
Class com.android.builder.model.v2.ide.AbstractArtifact                               : loaded 2 times (x 66B)
Class org.jetbrains.kotlin.idea.gradleTooling.model.allopen.AllOpenModel              : loaded 2 times (x 66B)
Class org.gradle.internal.impldep.gnu.trove.TObjectIntHashMap                         : loaded 2 times (x 105B)
Class com.google.common.cache.LocalCache$Strength$3                                   : loaded 2 times (x 77B)
Class com.google.common.collect.MapDifference                                         : loaded 2 times (x 66B)
Class com.google.common.base.Splitter$1                                               : loaded 2 times (x 73B)
Class com.amazon.ion.IonDatagram                                                      : loaded 2 times (x 66B)
Class com.amazon.ion.impl._Private_RecyclingStack$ElementFactory                      : loaded 2 times (x 66B)
Class com.amazon.ion.impl.bin.IonManagedBinaryWriter$ImportedSymbolResolverMode$1$1   : loaded 2 times (x 74B)
Class com.amazon.ion.impl._Private_ByteTransferSink                                   : loaded 2 times (x 66B)
Class com.intellij.openapi.externalSystem.model.project.dependencies.ResolutionState  : loaded 2 times (x 75B)
Class kotlin.text.StringsKt__RegexExtensionsJVMKt                                     : loaded 2 times (x 67B)
Class kotlin.collections.ArraysKt___ArraysJvmKt                                       : loaded 2 times (x 67B)
Class kotlin.collections.CollectionsKt__CollectionsKt                                 : loaded 2 times (x 67B)
Class com.google.common.collect.MapMaker$Dummy                                        : loaded 2 times (x 75B)
Class org.objectweb.asm.tree.LdcInsnNode                                              : loaded 2 times (x 74B)
Class org.objectweb.asm.FieldWriter                                                   : loaded 2 times (x 74B)
Class com.google.common.cache.CacheBuilder$NullListener                               : loaded 2 times (x 78B)
Class org.jetbrains.plugins.gradle.model.ExternalLibraryDependency                    : loaded 2 times (x 66B)
Class kotlin.text.Regex$Companion                                                     : loaded 2 times (x 67B)
Class org.gradle.internal.classpath.TransformedClassPath                              : loaded 2 times (x 92B)
Class com.google.common.collect.ImmutableListMultimap                                 : loaded 2 times (x 172B)
Class com.google.common.collect.Maps$IteratorBasedAbstractMap$1                       : loaded 2 times (x 134B)
Class com.intellij.gradle.toolingExtension.impl.model.buildScriptClasspathModel.GradleBuildScriptClasspathSerializationService$ReadContext: loaded 2 times (x 68B)
Class com.google.common.cache.CacheLoader$FunctionToCacheLoader                       : loaded 2 times (x 71B)
Class com.amazon.ion.impl._Private_IonContainer                                       : loaded 2 times (x 66B)
Class com.google.common.base.Splitter                                                 : loaded 2 times (x 68B)
Class jdk.internal.jrtfs.SystemImage$1                                                : loaded 2 times (x 74B)
Class com.amazon.ion.IonValue                                                         : loaded 2 times (x 66B)
Class kotlin.jvm.internal.FunctionReference                                           : loaded 2 times (x 118B)
Class [Lkotlin.coroutines.intrinsics.CoroutineSingletons;                             : loaded 2 times (x 65B)
Class kotlin.jvm.internal.FunctionBase                                                : loaded 2 times (x 66B)
Class kotlin.enums.EnumEntriesList                                                    : loaded 2 times (x 219B)
Class org.jetbrains.kotlin.config.LanguageFeature                                     : loaded 2 times (x 76B)
Class com.google.common.collect.EmptyImmutableListMultimap                            : loaded 2 times (x 172B)
Class org.objectweb.asm.AnnotationVisitor                                             : loaded 2 times (x 74B)
Class com.google.common.collect.Sets$1                                                : loaded 2 times (x 135B)
Class com.google.common.base.MoreObjects                                              : loaded 2 times (x 67B)
Class jdk.internal.jrtfs.SystemImage$2                                                : loaded 2 times (x 72B)
Class com.amazon.ion.impl.bin.IonRawBinaryWriter$ContainerType                        : loaded 2 times (x 75B)
Class com.amazon.ion.impl._Private_IonTextWriterBuilder$Mutable                       : loaded 2 times (x 97B)
Class kotlin.comparisons.ComparisonsKt___ComparisonsJvmKt                             : loaded 2 times (x 67B)
Class kotlin.collections.CollectionsKt__IteratorsJVMKt                                : loaded 2 times (x 67B)
Class org.jetbrains.kotlin.config.LanguageOrApiVersion                                : loaded 2 times (x 66B)
Class [Lorg.objectweb.asm.Attribute;                                                  : loaded 2 times (x 65B)
Class com.android.builder.model.v2.ide.TestInfo$Execution                             : loaded 2 times (x 75B)
Class [Lorg.objectweb.asm.Type;                                                       : loaded 2 times (x 65B)
Class com.android.ide.common.gradle.Numeric                                           : loaded 2 times (x 73B)
Class org.apache.commons.compress.archivers.zip.X000A_NTFS                            : loaded 2 times (x 96B)
Class org.jetbrains.plugins.gradle.model.IntelliJSettings                             : loaded 2 times (x 66B)
Class org.jetbrains.kotlin.idea.gradleTooling.KotlinSourceSetContainer                : loaded 2 times (x 66B)
Class ijInit1_ce7xyvnbfh9vvjea6jb7aghcr                                               : loaded 2 times (x 175B)
Class kotlin.Result                                                                   : loaded 2 times (x 68B)
Class org.gradle.internal.service.ServiceLocator                                      : loaded 2 times (x 66B)
Class org.objectweb.asm.tree.AnnotationNode                                           : loaded 2 times (x 76B)
Class com.google.common.collect.HashBiMap$BiEntry                                     : loaded 2 times (x 79B)
Class com.google.common.base.Ascii                                                    : loaded 2 times (x 67B)
Class com.google.common.collect.SingletonImmutableBiMap                               : loaded 2 times (x 139B)
Class com.google.common.cache.LocalCache$1                                            : loaded 2 times (x 85B)
Class com.google.common.collect.Iterators$EmptyModifiableIterator                     : loaded 2 times (x 82B)
Class jdk.internal.jrtfs.JrtFileSystemProvider                                        : loaded 2 times (x 97B)
Class com.amazon.ion.impl.IonWriterSystem                                             : loaded 2 times (x 167B)
Class com.amazon.ion.impl.bin.Symbols$2                                               : loaded 2 times (x 103B)
Class com.amazon.ion.impl.bin._Private_IonManagedWriter                               : loaded 2 times (x 66B)
Class org.jetbrains.kotlin.android.synthetic.idea.AndroidExtensionsGradleModel        : loaded 2 times (x 66B)
Class com.intellij.gradle.toolingExtension.util.GradleVersionUtil                     : loaded 2 times (x 67B)
Class com.android.ide.gradle.model.GradlePropertiesModel                              : loaded 2 times (x 66B)
Class kotlin.sequences.TransformingSequence$iterator$1                                : loaded 2 times (x 75B)
Class kotlin.Pair                                                                     : loaded 2 times (x 68B)
Class org.gradle.tooling.internal.adapter.ProtocolToModelAdapter$SupportedPropertyInvoker: loaded 2 times (x 72B)
Class org.gradle.tooling.model.UnsupportedMethodException                             : loaded 2 times (x 78B)
Class com.google.common.collect.MapMakerInternalMap$AbstractStrongKeyEntry            : loaded 2 times (x 76B)
Class com.android.builder.model.v2.ide.BytecodeTransformation                         : loaded 2 times (x 75B)
Class org.apache.commons.compress.archivers.ArchiveOutputStream                       : loaded 2 times (x 92B)
Class com.google.common.collect.Sets$ImprovedAbstractSet                              : loaded 2 times (x 131B)
Class com.google.common.collect.AbstractSetMultimap                                   : loaded 2 times (x 170B)
Class org.gradle.tooling.internal.gradle.DefaultProjectIdentifier                     : loaded 2 times (x 82B)
Class com.google.common.cache.LocalCache$2                                            : loaded 2 times (x 138B)
Class kotlin.text.StringsKt__AppendableKt                                             : loaded 2 times (x 67B)
Class com.amazon.ion.impl.lite.IonContainerLite                                       : loaded 2 times (x 244B)
Class com.amazon.ion.IonBufferConfiguration$OversizedSymbolTableHandler               : loaded 2 times (x 66B)
Class com.amazon.ion.system.IonWriterBuilder                                          : loaded 2 times (x 70B)
Class org.jetbrains.plugins.gradle.tooling.serialization.ToolingStreamApiUtils        : loaded 2 times (x 67B)
Class com.amazon.ion.facet.Faceted                                                    : loaded 2 times (x 66B)
Class kotlin.collections.CollectionsKt__MutableCollectionsKt                          : loaded 2 times (x 67B)
Class com.android.builder.model.v2.ide.CodeShrinker                                   : loaded 2 times (x 75B)
Class com.google.common.hash.AbstractHashFunction                                     : loaded 2 times (x 91B)
Class com.amazon.ion.IonWriter                                                        : loaded 2 times (x 66B)
Class com.google.common.util.concurrent.AbstractFuture$UnsafeAtomicHelper$1           : loaded 2 times (x 72B)
Class com.amazon.ion.impl.bin._Private_IonRawWriter                                   : loaded 2 times (x 66B)
Class com.amazon.ion.impl.bin.utf8.Poolable                                           : loaded 2 times (x 75B)
Class com.amazon.ion.IonSymbol                                                        : loaded 2 times (x 66B)
Class org.jetbrains.plugins.gradle.tooling.serialization.AnnotationProcessingModelSerializationService$WriteContext: loaded 2 times (x 68B)
Class org.gradle.internal.impldep.gnu.trove.THash                                     : loaded 2 times (x 77B)
Class kotlin.io.TerminateException                                                    : loaded 2 times (x 78B)
Class kotlin.io.FilesKt__FilePathComponentsKt                                         : loaded 2 times (x 67B)
Class kotlin.reflect.KCallable                                                        : loaded 2 times (x 66B)
Class com.google.common.base.Optional                                                 : loaded 2 times (x 76B)
Class com.amazon.ion.impl.bin.IonRawBinaryWriter$PreallocationMode                    : loaded 2 times (x 78B)
Class com.google.common.util.concurrent.AbstractFuture$Trusted                        : loaded 2 times (x 66B)
Class com.amazon.ion.impl.lite.IonSystemLite                                          : loaded 2 times (x 271B)
Class com.google.common.base.CharMatcher$RangesMatcher                                : loaded 2 times (x 108B)
Class com.amazon.ion.impl.lite.IonStructLite                                          : loaded 2 times (x 294B)
Class com.amazon.ion.impl._Private_ReaderWriter                                       : loaded 2 times (x 66B)
Class com.amazon.ion.impl.bin.AbstractSymbolTable                                     : loaded 2 times (x 103B)
Class com.amazon.ion.Decimal                                                          : loaded 2 times (x 129B)
Class com.amazon.ion.impl.bin._Private_IonManagedBinaryWriterBuilder$AllocatorMode$1  : loaded 2 times (x 76B)
Class org.jetbrains.plugins.gradle.tooling.serialization.ProjectDependenciesSerializationService$WriteContext: loaded 2 times (x 68B)
Class org.jetbrains.plugins.gradle.tooling.serialization.ProjectDependenciesSerializationService: loaded 2 times (x 73B)
Class kotlin.collections.AbstractIterator                                             : loaded 2 times (x 79B)
Class kotlin.text.CharsKt                                                             : loaded 2 times (x 67B)
Class org.gradle.tooling.model.kotlin.dsl.KotlinDslScriptModel                        : loaded 2 times (x 66B)
Class org.gradle.tooling.internal.adapter.CollectionMapper                            : loaded 2 times (x 69B)
Class [Lcom.android.builder.model.v2.ide.LibraryType;                                 : loaded 2 times (x 65B)
Class com.android.builder.model.v2.ide.LibraryType                                    : loaded 2 times (x 75B)
Class com.google.common.io.ByteSink$AsCharSink                                        : loaded 2 times (x 76B)
Class org.apache.commons.compress.archivers.zip.GeneralPurposeBit                     : loaded 2 times (x 67B)
Class com.google.common.collect.ListMultimap                                          : loaded 2 times (x 66B)
Class com.google.common.util.concurrent.UncheckedExecutionException                   : loaded 2 times (x 78B)
Class com.google.common.collect.ImmutableEnumMap                                      : loaded 2 times (x 121B)
Class org.gradle.kotlin.dsl.VersionCatalogAccessorsKt                                 : loaded 2 times (x 67B)
Class jdk.internal.jimage.ImageLocation                                               : loaded 2 times (x 86B)
Class jdk.internal.jrtfs.JrtDirectoryStream$1                                         : loaded 2 times (x 79B)
Class com.amazon.ion.impl.lite.IonFloatLite                                           : loaded 2 times (x 182B)
Class com.amazon.ion.impl._Private_IonTextWriterBuilder                               : loaded 2 times (x 97B)
Class com.amazon.ion.impl.bin._Private_IonManagedBinaryWriterBuilder$AllocatorMode$2  : loaded 2 times (x 76B)
Class org.gradle.internal.impldep.gnu.trove.Equality                                  : loaded 2 times (x 66B)
Class com.android.ide.gradle.model.ArtifactIdentifierImpl                             : loaded 2 times (x 73B)
Class org.apache.commons.compress.archivers.zip.X7875_NewUnix                         : loaded 2 times (x 88B)
Class com.google.common.collect.ImmutableSortedSetFauxverideShim                      : loaded 2 times (x 143B)
Class com.google.common.base.CharMatcher$JavaLetterOrDigit                            : loaded 2 times (x 107B)
Class org.jetbrains.plugins.gradle.ExternalDependencyId                               : loaded 2 times (x 66B)
Class com.amazon.ion.impl._Private_RecyclingStack                                     : loaded 2 times (x 68B)
Class com.amazon.ion.impl._Private_IonReaderBuilder                                   : loaded 2 times (x 91B)
Class com.amazon.ion.IonMutableCatalog                                                : loaded 2 times (x 66B)
Class com.intellij.gradle.toolingExtension.impl.model.buildScriptClasspathModel.GradleBuildScriptClasspathSerializationService$WriteContext: loaded 2 times (x 68B)
Class org.gradle.tooling.internal.adapter.ProtocolToModelAdapter                      : loaded 2 times (x 76B)
Class org.gradle.internal.InternalTransformer                                         : loaded 2 times (x 66B)
Class com.google.common.collect.AbstractMapBasedMultimap$KeySet$1                     : loaded 2 times (x 78B)
Class com.android.builder.model.v2.ide.AndroidGradlePluginProjectFlags$BooleanFlag    : loaded 2 times (x 75B)
Class org.apache.commons.compress.archivers.zip.JarMarker                             : loaded 2 times (x 76B)
Class com.google.common.collect.HashMultimapGwtSerializationDependencies              : loaded 2 times (x 170B)
Class com.android.ide.common.gradle.Separator                                         : loaded 2 times (x 75B)
Class org.objectweb.asm.ClassWriter                                                   : loaded 2 times (x 102B)
Class com.google.common.cache.CacheLoader$UnsupportedLoadingOperationException        : loaded 2 times (x 78B)
Class com.android.builder.model.v2.models.AndroidDsl                                  : loaded 2 times (x 66B)
Class jdk.internal.jimage.ImageBufferCache$1                                          : loaded 2 times (x 79B)
Class org.gradle.internal.impldep.gnu.trove.TObjectCanonicalHashingStrategy           : loaded 2 times (x 76B)
Class kotlin.collections.ArraysKt___ArraysKt$asSequence$$inlined$Sequence$1           : loaded 2 times (x 71B)
Class kotlin.collections.MapsKt__MapsJVMKt                                            : loaded 2 times (x 67B)
Class kotlin.collections.EmptyList                                                    : loaded 2 times (x 170B)
Class org.gradle.internal.time.DefaultTimer                                           : loaded 2 times (x 76B)
Class org.gradle.internal.classloader.ClasspathUtil$1                                 : loaded 2 times (x 72B)
Class org.objectweb.asm.tree.LookupSwitchInsnNode                                     : loaded 2 times (x 74B)
Class org.apache.commons.compress.archivers.zip.ZipEncodingHelper                     : loaded 2 times (x 67B)
Class com.google.common.base.Objects                                                  : loaded 2 times (x 67B)
Class org.objectweb.asm.FieldVisitor                                                  : loaded 2 times (x 73B)
Class org.objectweb.asm.tree.ClassNode                                                : loaded 2 times (x 87B)
Class org.gradle.api.internal.classpath.EffectiveClassPath                            : loaded 2 times (x 86B)
Class kotlin.sequences.SequencesKt___SequencesKt$flatMap$2                            : loaded 2 times (x 121B)
Class jdk.internal.jimage.ImageBufferCache$2                                          : loaded 2 times (x 87B)
Class com.amazon.ion.impl.bin.PooledBlockAllocatorProvider$PooledBlockAllocator$1     : loaded 2 times (x 75B)
Class com.amazon.ion.impl.lite.IonStringLite                                          : loaded 2 times (x 208B)
Class org.gradle.tooling.internal.adapter.ProtocolToModelAdapter$ViewKey              : loaded 2 times (x 68B)
Class org.gradle.api.internal.classpath.DefaultModuleRegistry$DefaultModule           : loaded 2 times (x 82B)
Class com.android.ide.common.repository.AgpVersion                                    : loaded 2 times (x 71B)
Class org.jetbrains.plugins.gradle.tooling.serialization.internal.IdeaProjectSerializationService: loaded 2 times (x 73B)
Class com.android.builder.model.v2.CustomSourceDirectory                              : loaded 2 times (x 66B)
Class com.google.common.primitives.Ints                                               : loaded 2 times (x 67B)
Class org.jetbrains.kotlin.idea.projectModel.KotlinTaskProperties                     : loaded 2 times (x 66B)
Class com.amazon.ion.impl.bin.Block                                                   : loaded 2 times (x 75B)
Class org.jetbrains.kotlin.idea.gradleTooling.model.lombok.LombokModel                : loaded 2 times (x 66B)
Class kotlin.ResultKt                                                                 : loaded 2 times (x 67B)
Class org.gradle.tooling.internal.adapter.ProtocolToModelAdapter$PropertyCachingMethodInvoker: loaded 2 times (x 72B)
Class com.android.builder.model.v2.models.ProjectSyncIssues                           : loaded 2 times (x 66B)
Class com.google.common.math.MathPreconditions                                        : loaded 2 times (x 67B)
Class com.google.common.collect.Multiset                                              : loaded 2 times (x 66B)
Class com.google.common.collect.ArrayListMultimapGwtSerializationDependencies         : loaded 2 times (x 168B)
Class org.apache.commons.compress.archivers.zip.ZipUtil                               : loaded 2 times (x 67B)
Class [Lcom.android.ide.common.repository.AgpVersion$PreviewKind;                     : loaded 2 times (x 65B)
Class com.amazon.ion.impl.bin.utf8.Utf8StringEncoderPool$1                            : loaded 2 times (x 72B)
Class com.amazon.ion.impl.lite.IonLoaderLite                                          : loaded 2 times (x 78B)
Class com.amazon.ion.impl.lite.IonContext                                             : loaded 2 times (x 66B)
Class com.amazon.ion.impl.IonWriterSystemText                                         : loaded 2 times (x 186B)
Class [Lcom.amazon.ion.impl.bin.IonManagedBinaryWriter$ImportedSymbolResolverMode;    : loaded 2 times (x 65B)
Class com.amazon.ion.ValueFactory                                                     : loaded 2 times (x 66B)
Class org.jetbrains.plugins.gradle.model.ExternalTask                                 : loaded 2 times (x 66B)
Class sync_studio_tooling2_2pnwwwdiberlnkrdnv8lp0iu6                                  : loaded 2 times (x 175B)
Class kotlin.collections.ArraysKt__ArraysKt                                           : loaded 2 times (x 67B)
Class kotlin.Result$Failure                                                           : loaded 2 times (x 68B)
Class org.gradle.internal.time.DefaultCountdownTimer                                  : loaded 2 times (x 84B)
Class org.apache.commons.compress.archivers.EntryStreamOffsets                        : loaded 2 times (x 66B)
Class org.gradle.internal.classloader.ClassLoaderVisitor                              : loaded 2 times (x 72B)
Class com.amazon.ion.impl._Private_IonReaderBuilder$TwoElementSequenceInputStream     : loaded 2 times (x 88B)
Class com.amazon.ion.impl.bin.IonManagedBinaryWriter$SymbolResolver                   : loaded 2 times (x 66B)
Class com.amazon.ion.impl._Private_SymbolToken                                        : loaded 2 times (x 66B)
Class com.amazon.ion.impl.bin._Private_IonManagedBinaryWriterBuilder$AllocatorMode    : loaded 2 times (x 76B)
Class org.jetbrains.plugins.gradle.tooling.util.ObjectCollector                       : loaded 2 times (x 68B)
Class org.jetbrains.plugins.gradle.model.GradleTaskModel                              : loaded 2 times (x 66B)
Class kotlin.collections.SetsKt__SetsJVMKt                                            : loaded 2 times (x 67B)
Class org.gradle.tooling.internal.adapter.ProtocolToModelAdapter$AdaptingMethodInvoker: loaded 2 times (x 72B)
Class org.gradle.tooling.internal.gradle.DefaultBuildIdentifier                       : loaded 2 times (x 75B)
Class kotlin.Function                                                                 : loaded 2 times (x 66B)
Class org.gradle.api.internal.classpath.Module                                        : loaded 2 times (x 66B)
Class org.apache.commons.compress.archivers.zip.X0014_X509Certificates                : loaded 2 times (x 86B)
Class com.google.common.cache.Weigher                                                 : loaded 2 times (x 66B)
Class com.intellij.openapi.externalSystem.model.project.IExternalSystemSourceType     : loaded 2 times (x 66B)
Class com.amazon.ion.impl._Private_IonReaderBuilder$Mutable                           : loaded 2 times (x 91B)
Class kotlin.io.FileAlreadyExistsException                                            : loaded 2 times (x 78B)
Class kotlin.internal.ProgressionUtilKt                                               : loaded 2 times (x 67B)
Class org.gradle.api.internal.classpath.UnknownModuleException                        : loaded 2 times (x 78B)
Class org.jetbrains.kotlin.config.ApiVersion                                          : loaded 2 times (x 82B)
Class org.apache.commons.compress.archivers.ArchiveEntry                              : loaded 2 times (x 66B)
Class com.google.common.collect.AbstractMapBasedMultimap$WrappedNavigableSet          : loaded 2 times (x 276B)
Class com.google.common.base.Stopwatch                                                : loaded 2 times (x 68B)
Class com.google.common.cache.LocalCache$Strength                                     : loaded 2 times (x 77B)
Class com.google.common.cache.Cache                                                   : loaded 2 times (x 66B)
Class com.google.gson.stream.JsonReader$1                                             : loaded 2 times (x 68B)
Class jdk.internal.jimage.ImageHeader                                                 : loaded 2 times (x 67B)
Class org.jetbrains.plugins.gradle.tooling.serialization.ProjectDependenciesSerializationService$ReadContext: loaded 2 times (x 68B)
Class org.gradle.internal.impldep.gnu.trove.TObjectIdentityHashingStrategy            : loaded 2 times (x 74B)
Class com.intellij.openapi.externalSystem.model.project.dependencies.ProjectDependencies: loaded 2 times (x 66B)
Class kotlin.sequences.DistinctIterator                                               : loaded 2 times (x 79B)
Class com.google.common.io.Files$2                                                    : loaded 2 times (x 72B)
Class org.apache.commons.compress.archivers.zip.UnicodePathExtraField                 : loaded 2 times (x 89B)
Class com.google.common.io.AppendableWriter                                           : loaded 2 times (x 96B)
Class com.google.common.util.concurrent.AbstractFuture$Cancellation                   : loaded 2 times (x 68B)
Class kotlin.collections.AbstractList$Companion                                       : loaded 2 times (x 67B)
Class com.google.common.base.NullnessCasts                                            : loaded 2 times (x 67B)
Class com.google.common.base.Present                                                  : loaded 2 times (x 77B)
Class org.objectweb.asm.tree.FrameNode                                                : loaded 2 times (x 75B)
Class org.objectweb.asm.tree.LineNumberNode                                           : loaded 2 times (x 75B)
Class org.apache.commons.compress.archivers.zip.ZipLong                               : loaded 2 times (x 67B)
Class com.google.common.collect.AbstractMapBasedMultimap$WrappedCollection$WrappedIterator: loaded 2 times (x 80B)
Class com.google.common.cache.RemovalListener                                         : loaded 2 times (x 66B)
Class com.amazon.ion.IonBufferConfiguration                                           : loaded 2 times (x 69B)
Class com.amazon.ion.impl.bin.Symbols                                                 : loaded 2 times (x 67B)
Class org.jetbrains.plugins.gradle.tooling.serialization.RepositoriesModelSerializationService: loaded 2 times (x 78B)
Class com.android.ide.gradle.model.artifacts.AdditionalClassifierArtifactsModel       : loaded 2 times (x 66B)
Class org.gradle.tooling.internal.gradle.GradleProjectIdentity                        : loaded 2 times (x 66B)
Class org.gradle.api.internal.DefaultClassPathRegistry                                : loaded 2 times (x 72B)
Class org.jetbrains.kotlin.cli.common.messages.MessageCollector                       : loaded 2 times (x 66B)
Class [Lorg.jetbrains.kotlin.config.JvmDefaultMode;                                   : loaded 2 times (x 65B)
Class com.google.common.collect.ImmutableMultimap$Keys                                : loaded 2 times (x 162B)
Class com.android.builder.model.v2.ide.JavaArtifact                                   : loaded 2 times (x 66B)
Class com.google.common.primitives.IntsMethodsForWeb                                  : loaded 2 times (x 67B)
Class kotlin.sequences.SequencesKt___SequencesKt                                      : loaded 2 times (x 67B)
Class [Lcom.amazon.ion.impl.bin.AbstractIonWriter$WriteValueOptimization;             : loaded 2 times (x 65B)
Class org.jetbrains.plugins.gradle.tooling.serialization.RepositoriesModelSerializationService$ReadContext: loaded 2 times (x 68B)
Class kotlin.ranges.ClosedRange                                                       : loaded 2 times (x 66B)
Class org.gradle.api.internal.ClassPathRegistry                                       : loaded 2 times (x 66B)
Class org.gradle.internal.classpath.DefaultClassPath$ImmutableUniqueList              : loaded 2 times (x 195B)
Class com.google.common.collect.MapMakerInternalMap$Segment                           : loaded 2 times (x 138B)
Class org.apache.commons.compress.archivers.zip.ZipShort                              : loaded 2 times (x 67B)
Class com.google.common.base.ExtraObjectsMethodsForWeb                                : loaded 2 times (x 67B)
Class jdk.internal.jimage.decompressor.ResourceDecompressor                           : loaded 2 times (x 66B)
Class com.amazon.ion.impl.bin.IonManagedBinaryWriter$UserState                        : loaded 2 times (x 81B)
Class com.amazon.ion.impl._Private_IonWriter                                          : loaded 2 times (x 66B)
Class com.amazon.ion.impl.bin._Private_IonManagedBinaryWriterBuilder                  : loaded 2 times (x 68B)
Class org.jetbrains.plugins.gradle.tooling.serialization.internal.adapter.InternalBuildIdentifier: loaded 2 times (x 71B)
Class com.intellij.gradle.toolingExtension.impl.model.projectModel.GradleExternalProjectSerializationService$WriteContext: loaded 2 times (x 69B)
Class kotlin.text.StringsKt__StringsJVMKt                                             : loaded 2 times (x 67B)
Class kotlin.collections.IntIterator                                                  : loaded 2 times (x 78B)
Class com.google.common.collect.NullnessCasts                                         : loaded 2 times (x 67B)
Class kotlin.text.MatcherMatchResult$groupValues$1                                    : loaded 2 times (x 194B)
Class org.jetbrains.kotlin.config.JvmDefaultMode$Companion                            : loaded 2 times (x 67B)
Class com.google.common.io.ByteSink                                                   : loaded 2 times (x 72B)
Class com.android.builder.model.v2.dsl.SigningConfig                                  : loaded 2 times (x 66B)
Class org.objectweb.asm.tree.UnsupportedClassVersionException                         : loaded 2 times (x 78B)
Class com.android.builder.model.v2.models.AndroidProject                              : loaded 2 times (x 66B)
Class com.android.builder.model.v2.AndroidModel                                       : loaded 2 times (x 66B)
Class com.google.common.cache.CacheBuilder                                            : loaded 2 times (x 68B)
Class com.amazon.ion.impl.bin.IonManagedBinaryWriter$ImportedSymbolResolverMode$2     : loaded 2 times (x 76B)
Class Settings_gradle$1                                                               : loaded 2 times (x 70B)
Class [Lcom.amazon.ion.SymbolToken;                                                   : loaded 2 times (x 65B)
Class kotlin.text.StringsKt__IndentKt                                                 : loaded 2 times (x 67B)
Class kotlin.collections.SetsKt                                                       : loaded 2 times (x 67B)
Class com.google.common.base.CharMatcher$None                                         : loaded 2 times (x 108B)
Class org.gradle.internal.classpath.ClassPath                                         : loaded 2 times (x 66B)
Class com.google.common.collect.Interners$InternerBuilder                             : loaded 2 times (x 72B)
Class com.google.common.io.Files$FileByteSource                                       : loaded 2 times (x 81B)
Class org.objectweb.asm.tree.IincInsnNode                                             : loaded 2 times (x 74B)
Class org.apache.commons.compress.archivers.zip.UnsupportedZipFeatureException        : loaded 2 times (x 80B)
Class com.google.common.collect.AbstractMapBasedMultimap$WrappedSortedSet             : loaded 2 times (x 224B)
Class com.google.common.hash.AbstractHasher                                           : loaded 2 times (x 138B)
Class com.google.common.base.JdkPattern                                               : loaded 2 times (x 71B)
Class org.jetbrains.plugins.gradle.model.ExternalProjectDependency                    : loaded 2 times (x 66B)
Class org.jetbrains.plugins.gradle.tooling.serialization.KotlinDslScriptsModelSerializationService: loaded 2 times (x 77B)
Class kotlin.reflect.KFunction                                                        : loaded 2 times (x 66B)
Class kotlin.collections.ArrayDeque                                                   : loaded 2 times (x 203B)
Class org.objectweb.asm.tree.InnerClassNode                                           : loaded 2 times (x 69B)
Class org.objectweb.asm.tree.TypeInsnNode                                             : loaded 2 times (x 75B)
Class com.google.common.io.CharStreams$NullWriter                                     : loaded 2 times (x 95B)
Class org.objectweb.asm.SymbolTable$Entry                                             : loaded 2 times (x 70B)
Class com.google.common.util.concurrent.AbstractFuture$AtomicHelper                   : loaded 2 times (x 74B)
Class com.google.gson.internal.JsonReaderInternalAccess                               : loaded 2 times (x 68B)
Class com.amazon.ion.impl.bin.IonRawBinaryWriter$PatchList$Node                       : loaded 2 times (x 68B)
Class com.amazon.ion.system.IonSystemBuilder$Mutable                                  : loaded 2 times (x 71B)
Class com.amazon.ion.impl.bin.IonManagedBinaryWriter$SymbolResolverBuilder            : loaded 2 times (x 66B)
Class org.jetbrains.plugins.gradle.tooling.serialization.ExternalTestsSerializationService$WriteContext: loaded 2 times (x 68B)
Class org.jetbrains.kotlin.idea.gradleTooling.KotlinGradleModel                       : loaded 2 times (x 66B)
Class kotlin.collections.MapsKt__MapsKt                                               : loaded 2 times (x 67B)
Class kotlin.jvm.internal.Lambda                                                      : loaded 2 times (x 71B)
Class com.android.builder.model.v2.ide.Variant                                        : loaded 2 times (x 66B)
Class org.objectweb.asm.Edge                                                          : loaded 2 times (x 68B)
Class com.google.common.base.Suppliers$SupplierOfInstance                             : loaded 2 times (x 75B)
Class org.apache.commons.compress.archivers.zip.ZipArchiveOutputStream                : loaded 2 times (x 112B)
Class jdk.internal.jimage.ImageStringsReader                                          : loaded 2 times (x 76B)
Class com.amazon.ion.impl.bin.IonManagedBinaryWriter$LocalSymbolTableView             : loaded 2 times (x 103B)
Class com.android.ide.gradle.model.ArtifactIdentifier                                 : loaded 2 times (x 66B)
Class org.gradle.tooling.model.Model                                                  : loaded 2 times (x 66B)
Class org.objectweb.asm.tree.LabelNode                                                : loaded 2 times (x 76B)
Class org.objectweb.asm.tree.RecordComponentNode                                      : loaded 2 times (x 75B)
Class org.apache.commons.compress.utils.ByteUtils                                     : loaded 2 times (x 67B)
Class com.google.common.cache.LocalCache$ComputingValueReference                      : loaded 2 times (x 92B)
Class org.apache.commons.compress.archivers.zip.X0015_CertificateIdForFile            : loaded 2 times (x 89B)
Class org.jetbrains.kotlin.config.LanguageVersionSettings                             : loaded 2 times (x 66B)
Class com.amazon.ion.impl.bin.IonRawBinaryWriter$PatchList                            : loaded 2 times (x 81B)
Class com.amazon.ion.UnknownSymbolException                                           : loaded 2 times (x 82B)
Class com.android.ide.gradle.model.composites.BuildMap                                : loaded 2 times (x 66B)
Class kotlin.text.MatchResult$Destructured                                            : loaded 2 times (x 68B)
Class kotlin.Metadata                                                                 : loaded 2 times (x 66B)
Class kotlin.UninitializedPropertyAccessException                                     : loaded 2 times (x 78B)
Class com.google.common.collect.AbstractMapBasedMultimap$AsMap$AsMapEntries           : loaded 2 times (x 134B)
Class com.android.builder.model.v2.ide.Library                                        : loaded 2 times (x 66B)
Class com.android.builder.model.v2.ide.ArtifactDependenciesAdjacencyList              : loaded 2 times (x 66B)
Class com.android.builder.model.v2.models.Versions                                    : loaded 2 times (x 66B)
Class com.google.common.cache.LocalCache$Segment                                      : loaded 2 times (x 150B)
Class jdk.internal.jimage.ImageReader                                                 : loaded 2 times (x 71B)
Class org.jetbrains.plugins.gradle.model.IntelliJProjectSettings                      : loaded 2 times (x 66B)
Class org.jetbrains.kotlin.idea.gradleTooling.model.annotation.AnnotationBasedPluginModel: loaded 2 times (x 66B)
Class kotlin.sequences.SequencesKt___SequencesKt$filterNotNull$1                      : loaded 2 times (x 74B)
Class org.gradle.tooling.internal.adapter.ProtocolToModelAdapter$MethodInvocationCache: loaded 2 times (x 69B)
Class org.jetbrains.kotlin.utils.DescriptionAware                                     : loaded 2 times (x 66B)
Class com.android.builder.model.v2.models.ndk.NativeModule                            : loaded 2 times (x 66B)
Class org.gradle.internal.classloader.DefaultClassLoaderFactory                       : loaded 2 times (x 78B)
Class [Lorg.objectweb.asm.SymbolTable$Entry;                                          : loaded 2 times (x 65B)
Class com.google.common.cache.CacheLoader                                             : loaded 2 times (x 70B)
Class org.jetbrains.kotlin.idea.gradleTooling.model.noarg.NoArgModel                  : loaded 2 times (x 66B)
Class com.intellij.util.containers.IntObjectHashMap$ArrayProducer                     : loaded 2 times (x 66B)
Class com.google.common.collect.AbstractListMultimap                                  : loaded 2 times (x 168B)
Class jdk.internal.jimage.ImageReader$SharedImageReader                               : loaded 2 times (x 91B)
Class org.jetbrains.plugins.gradle.model.ExternalDependency                           : loaded 2 times (x 66B)
Class com.intellij.util.containers.IntObjectHashMap                                   : loaded 2 times (x 68B)
Class org.gradle.internal.installation.GradleInstallation$1                           : loaded 2 times (x 71B)
Class org.gradle.api.internal.classpath.ModuleRegistry                                : loaded 2 times (x 66B)
Class com.android.ide.common.repository.AgpVersion$PreviewKind$Companion              : loaded 2 times (x 67B)
Class com.android.builder.model.v2.ide.PrivacySandboxSdkInfo                          : loaded 2 times (x 66B)
Class com.google.common.util.concurrent.internal.InternalFutureFailureAccess          : loaded 2 times (x 68B)
Class com.amazon.ion.impl.bin.IonManagedBinaryWriter$ImportedSymbolResolverMode$1     : loaded 2 times (x 76B)
Class com.google.common.collect.ImmutableSet$JdkBackedSetBuilderImpl                  : loaded 2 times (x 72B)
Class com.google.common.base.Splitter$SplittingIterator                               : loaded 2 times (x 80B)
Class jdk.internal.jimage.decompressor.ResourceDecompressorFactory                    : loaded 2 times (x 70B)
Class com.amazon.ion.impl.bin.IonManagedBinaryWriter$SymbolState$1                    : loaded 2 times (x 76B)
Class com.amazon.ion.impl.LocalSymbolTableAsStruct$Factory                            : loaded 2 times (x 75B)
Class [Lcom.amazon.ion.IonType;                                                       : loaded 2 times (x 65B)
Class com.intellij.gradle.toolingExtension.impl.model.sourceSetDependencyModel.GradleSourceSetDependencySerialisationService$SourceSetDependencyModelReadContext: loaded 2 times (x 68B)
Class com.intellij.gradle.toolingExtension.impl.model.dependencyModel.DependencyReadContext: loaded 2 times (x 68B)
Class org.jetbrains.plugins.gradle.model.VersionCatalogsModel                         : loaded 2 times (x 66B)
Class com.intellij.gradle.toolingExtension.impl.model.taskIndex.GradleTaskRequest     : loaded 2 times (x 66B)
Class org.gradle.tooling.internal.adapter.ObjectGraphAdapter                          : loaded 2 times (x 66B)
Class com.google.common.collect.ImmutableMultimap$Values                              : loaded 2 times (x 122B)
Class com.google.common.io.Closer$SuppressingSuppressor                               : loaded 2 times (x 71B)
Class com.android.builder.model.v2.ide.Installation                                   : loaded 2 times (x 66B)
Class org.apache.commons.compress.archivers.zip.X0017_StrongEncryptionHeader          : loaded 2 times (x 92B)
Class com.google.common.collect.HashBiMap$Inverse                                     : loaded 2 times (x 138B)
Class com.google.common.util.concurrent.AbstractFuture$UnsafeAtomicHelper             : loaded 2 times (x 74B)
Class com.google.common.cache.LocalCache$LocalManualCache$1                           : loaded 2 times (x 71B)
Class com.amazon.ion.impl.lite.IonSymbolLite                                          : loaded 2 times (x 242B)
Class org.jetbrains.plugins.gradle.model.ProjectImportModelProvider                   : loaded 2 times (x 66B)
Class com.amazon.ion.impl.bin.IonManagedBinaryWriter$SymbolState$2                    : loaded 2 times (x 76B)
Class com.amazon.ion.IonNull                                                          : loaded 2 times (x 66B)
Class com.google.common.collect.ImmutableSortedAsList                                 : loaded 2 times (x 217B)
Class kotlin.text.RegexKt                                                             : loaded 2 times (x 67B)
Class kotlin.coroutines.intrinsics.IntrinsicsKt__IntrinsicsKt                         : loaded 2 times (x 67B)
Class org.jetbrains.kotlin.config.AnalysisFlag                                        : loaded 2 times (x 68B)
Class com.android.builder.model.v2.models.ModelBuilderParameter                       : loaded 2 times (x 66B)
Class org.apache.commons.compress.archivers.zip.ZipArchiveEntry                       : loaded 2 times (x 154B)
Class [Lcom.amazon.ion.impl.bin.IonRawBinaryWriter$StreamCloseMode;                   : loaded 2 times (x 65B)
Class org.jetbrains.kotlin.idea.gradleTooling.AndroidAwareGradleModelProvider$Companion: loaded 2 times (x 67B)
Class jdk.internal.jimage.ImageReader$Node                                            : loaded 2 times (x 80B)
Class com.amazon.ion.impl.bin.IonRawBinaryWriter$ContainerInfo                        : loaded 2 times (x 72B)
Class com.amazon.ion.impl.bin.IonManagedBinaryWriter$SymbolState$3                    : loaded 2 times (x 76B)
Class com.amazon.ion.impl.bin.IonRawBinaryWriter$StreamFlushMode                      : loaded 2 times (x 75B)
Class com.amazon.ion.IonBinaryWriter                                                  : loaded 2 times (x 66B)
Class com.intellij.gradle.toolingExtension.impl.model.sourceSetArtifactIndex.GradleSourceSetArtifactBuildRequest: loaded 2 times (x 66B)
Class kotlin.io.FilesKt__UtilsKt                                                      : loaded 2 times (x 67B)
Class com.google.common.collect.Lists$TransformingRandomAccessList                    : loaded 2 times (x 195B)
Class kotlin.collections.CollectionsKt__CollectionsJVMKt                              : loaded 2 times (x 67B)
Class org.gradle.api.internal.classpath.DefaultModuleRegistry                         : loaded 2 times (x 79B)
Class com.google.common.util.concurrent.ListenableFuture                              : loaded 2 times (x 66B)
Class com.google.common.cache.ReferenceEntry                                          : loaded 2 times (x 66B)
Class com.google.common.base.Platform$JdkPatternCompiler                              : loaded 2 times (x 71B)
Class com.google.common.base.Converter                                                : loaded 2 times (x 86B)
Class com.google.common.base.Suppliers                                                : loaded 2 times (x 67B)
Class com.google.common.base.CharMatcher$Any                                          : loaded 2 times (x 108B)
Class jdk.internal.jimage.BasicImageReader$1                                          : loaded 2 times (x 73B)
Class com.amazon.ion.impl.bin.IonManagedBinaryWriter$SymbolState$4                    : loaded 2 times (x 76B)
Class org.jetbrains.plugins.gradle.tooling.serialization.internal.IdeaProjectSerializationService$WriteContext$1: loaded 2 times (x 79B)
Class org.jetbrains.plugins.gradle.model.ExternalProject                              : loaded 2 times (x 66B)
Class kotlin.collections.CollectionsKt__IteratorsKt                                   : loaded 2 times (x 67B)
Class kotlin.sequences.SequencesKt                                                    : loaded 2 times (x 67B)
Class org.objectweb.asm.tree.IntInsnNode                                              : loaded 2 times (x 75B)
Class [Lcom.android.builder.model.v2.ide.CodeShrinker;                                : loaded 2 times (x 65B)
Class com.google.common.hash.HashFunction                                             : loaded 2 times (x 66B)
Class com.google.common.util.concurrent.AbstractFuture                                : loaded 2 times (x 102B)
Class com.google.common.base.FunctionalEquivalence                                    : loaded 2 times (x 79B)
Class [Lcom.google.common.cache.CacheBuilder$OneWeigher;                              : loaded 2 times (x 65B)
Class com.google.common.collect.AbstractMapBasedMultimap                              : loaded 2 times (x 135B)
Class org.objectweb.asm.MethodTooLargeException                                       : loaded 2 times (x 79B)
Class com.amazon.ion.impl.bin.utf8.Pool                                               : loaded 2 times (x 70B)
Class com.amazon.ion.impl._Private_SymtabExtendsCache                                 : loaded 2 times (x 68B)
Class org.jetbrains.plugins.gradle.tooling.serialization.internal.IdeaProjectSerializationService$WriteContext$2: loaded 2 times (x 79B)
Class kotlin.text.StringsKt                                                           : loaded 2 times (x 67B)
Class org.jetbrains.kotlin.config.ExplicitApiMode                                     : loaded 2 times (x 75B)
Class com.google.common.collect.ImmutableMultiset                                     : loaded 2 times (x 159B)
Class org.objectweb.asm.tree.InsnNode                                                 : loaded 2 times (x 74B)
Class org.apache.commons.compress.archivers.zip.UnixStat                              : loaded 2 times (x 66B)
Class com.google.common.io.CharStreams                                                : loaded 2 times (x 67B)
Class com.google.common.hash.HashCode                                                 : loaded 2 times (x 76B)
Class org.objectweb.asm.RecordComponentVisitor                                        : loaded 2 times (x 73B)
Class com.google.common.cache.CacheLoader$SupplierToCacheLoader                       : loaded 2 times (x 71B)
Class com.amazon.ion.impl._Private_IonSymbol                                          : loaded 2 times (x 66B)
Class com.amazon.ion.impl.lite.IonValueLite                                           : loaded 2 times (x 143B)
Class com.amazon.ion.IonContainer                                                     : loaded 2 times (x 66B)
Class com.amazon.ion.impl.bin.PooledBlockAllocatorProvider                            : loaded 2 times (x 69B)
Class org.jetbrains.plugins.gradle.tooling.serialization.AnnotationProcessingModelSerializationService$ReadContext: loaded 2 times (x 68B)
Class org.jetbrains.plugins.gradle.tooling.serialization.internal.IdeaProjectSerializationService$WriteContext$3: loaded 2 times (x 79B)
Class com.android.ide.gradle.model.artifacts.AdditionalClassifierArtifacts            : loaded 2 times (x 66B)
Class org.gradle.util.internal.DefaultGradleVersion$Stage                             : loaded 2 times (x 71B)
Class kotlin.coroutines.jvm.internal.RestrictedContinuationImpl                       : loaded 2 times (x 83B)
Class org.objectweb.asm.tree.ParameterNode                                            : loaded 2 times (x 69B)
Class com.google.common.collect.MapMakerInternalMap$Strength                          : loaded 2 times (x 76B)
Class com.google.common.collect.Maps$EntryTransformer                                 : loaded 2 times (x 66B)
Class jdk.internal.jimage.decompressor.Decompressor                                   : loaded 2 times (x 68B)
Class jdk.internal.jimage.ImageReader$Resource                                        : loaded 2 times (x 80B)
Class org.jetbrains.kotlin.idea.gradleTooling.AndroidAwareGradleModelProvider         : loaded 2 times (x 79B)
Class org.jetbrains.plugins.gradle.tooling.serialization.internal.IdeaProjectSerializationService$WriteContext$4: loaded 2 times (x 79B)
Class com.intellij.gradle.toolingExtension.impl.model.sourceSetDependencyModel.GradleSourceSetDependencySerialisationService$Companion: loaded 2 times (x 67B)
Class [Lkotlin.Pair;                                                                  : loaded 2 times (x 65B)
Class kotlin.text.StringsKt__StringNumberConversionsKt                                : loaded 2 times (x 67B)
Class kotlin.io.FilesKt__FileReadWriteKt                                              : loaded 2 times (x 67B)
Class kotlin.text.MatchNamedGroupCollection                                           : loaded 2 times (x 66B)
Class kotlin.jvm.internal.markers.KMutableList                                        : loaded 2 times (x 66B)
Class org.gradle.internal.time.MonotonicClock                                         : loaded 2 times (x 73B)
Class org.gradle.internal.service.ServiceLookupException                              : loaded 2 times (x 78B)
Class org.objectweb.asm.tree.AbstractInsnNode                                         : loaded 2 times (x 74B)
Class com.google.common.hash.AbstractByteHasher                                       : loaded 2 times (x 143B)
Class com.google.common.collect.Lists$ReverseList                                     : loaded 2 times (x 196B)
Class com.google.common.collect.MapMakerInternalMap$StrongKeyDummyValueEntry$LinkedStrongKeyDummyValueEntry: loaded 2 times (x 78B)
Class [Lcom.google.common.cache.LocalCache$EntryFactory;                              : loaded 2 times (x 65B)
Class com.google.common.base.CharMatcher$JavaLetter                                   : loaded 2 times (x 107B)
Class jdk.internal.jrtfs.JrtFileAttributes                                            : loaded 2 times (x 79B)
Class com.amazon.ion.BufferConfiguration$Builder                                      : loaded 2 times (x 74B)
Class org.jetbrains.plugins.gradle.tooling.serialization.internal.IdeaProjectSerializationService$WriteContext$5: loaded 2 times (x 79B)
Class org.gradle.internal.operations.MultipleBuildOperationFailures                   : loaded 2 times (x 91B)
Class [Lkotlin.sequences.Sequence;                                                    : loaded 2 times (x 65B)
Class kotlin.sequences.SequencesKt___SequencesKt$sortedWith$1                         : loaded 2 times (x 71B)
Class com.google.common.primitives.Booleans                                           : loaded 2 times (x 67B)
Class org.gradle.internal.classloader.ClassLoaderFactory                              : loaded 2 times (x 66B)
Class org.gradle.tooling.internal.adapter.MethodInvocation                            : loaded 2 times (x 81B)
Class com.android.builder.model.v2.ide.LibraryInfo                                    : loaded 2 times (x 66B)
Class com.google.common.collect.AbstractSortedKeySortedSetMultimap                    : loaded 2 times (x 215B)
Class com.google.common.cache.LocalCache$LocalManualCache                             : loaded 2 times (x 95B)
Class kotlin.sequences.TransformingSequence                                           : loaded 2 times (x 71B)
Class com.google.common.base.CommonPattern                                            : loaded 2 times (x 70B)
Class com.amazon.ion.impl.bin.IntList                                                 : loaded 2 times (x 73B)
Class com.amazon.ion.impl.lite._Private_LiteDomTrampoline                             : loaded 2 times (x 67B)
Class com.amazon.ion.IonType                                                          : loaded 2 times (x 75B)
Class org.jetbrains.plugins.gradle.tooling.serialization.internal.IdeaProjectSerializationService$WriteContext$6: loaded 2 times (x 79B)
Class org.jetbrains.plugins.gradle.tooling.util.IntObjectMap                          : loaded 2 times (x 69B)
Class org.gradle.internal.service.CachingServiceLocator                               : loaded 2 times (x 78B)
Class com.google.common.collect.AbstractMapBasedMultimap$KeySet                       : loaded 2 times (x 133B)
Class com.google.common.collect.Streams                                               : loaded 2 times (x 67B)
Class org.apache.commons.compress.archivers.zip.ExtraFieldParsingBehavior             : loaded 2 times (x 66B)
Class com.intellij.util.ThrowableConsumer                                             : loaded 2 times (x 66B)
Class com.google.common.math.IntMath                                                  : loaded 2 times (x 67B)
Class com.amazon.ion.impl.lite.ValueFactoryLite                                       : loaded 2 times (x 214B)
Class org.jetbrains.plugins.gradle.tooling.serialization.internal.IdeaProjectSerializationService$WriteContext$7: loaded 2 times (x 79B)
Class org.jetbrains.plugins.gradle.model.RepositoryModels                             : loaded 2 times (x 66B)
Class kotlin.jvm.internal.Intrinsics$Kotlin                                           : loaded 2 times (x 67B)
Class kotlin.collections.AbstractList$SubList                                         : loaded 2 times (x 194B)
Class kotlin.jvm.internal.CallableReference                                           : loaded 2 times (x 102B)
Class com.google.common.collect.MapMakerInternalMap$InternalEntry                     : loaded 2 times (x 66B)
Class [Lorg.apache.commons.compress.archivers.zip.ZipExtraField;                      : loaded 2 times (x 65B)
Class [Lcom.google.common.collect.HashBiMap$BiEntry;                                  : loaded 2 times (x 65B)
Class org.objectweb.asm.commons.InstructionAdapter                                    : loaded 2 times (x 184B)
Class com.google.common.collect.Iterators$10                                          : loaded 2 times (x 77B)
Class jdk.internal.jimage.decompressor.StringSharingDecompressorFactory               : loaded 2 times (x 70B)
Class com.google.common.base.CharMatcher$JavaDigit                                    : loaded 2 times (x 107B)
Class com.amazon.ion.impl.bin.WriteBuffer                                             : loaded 2 times (x 74B)
Class com.amazon.ion.impl.bin.IonManagedBinaryWriter                                  : loaded 2 times (x 162B)
Class org.jetbrains.plugins.gradle.tooling.serialization.internal.IdeaProjectSerializationService$WriteContext$8: loaded 2 times (x 79B)
Class [Lorg.gradle.api.JavaVersion;                                                   : loaded 2 times (x 65B)
Class kotlin.ranges.IntRange                                                          : loaded 2 times (x 89B)
Class org.gradle.tooling.model.idea.IdeaDependencyScope                               : loaded 2 times (x 66B)
Class org.gradle.internal.time.TimeSource                                             : loaded 2 times (x 66B)
Class org.gradle.tooling.model.kotlin.dsl.KotlinDslScriptsModel                       : loaded 2 times (x 66B)
Class org.objectweb.asm.ClassVisitor                                                  : loaded 2 times (x 84B)
Class org.objectweb.asm.tree.TableSwitchInsnNode                                      : loaded 2 times (x 75B)
Class com.android.builder.model.v2.ide.TestInfo                                       : loaded 2 times (x 66B)
Class org.apache.commons.compress.archivers.zip.X0019_EncryptionRecipientCertificateList: loaded 2 times (x 86B)
Class com.google.common.base.Predicates                                               : loaded 2 times (x 67B)
Class com.google.common.base.Equivalence                                              : loaded 2 times (x 78B)
Class [Lorg.objectweb.asm.Symbol;                                                     : loaded 2 times (x 65B)
Class com.android.utils.FileUtils                                                     : loaded 2 times (x 67B)
Class com.amazon.ion.impl.lite.IonBlobLite                                            : loaded 2 times (x 215B)
Class com.amazon.ion.impl.LocalSymbolTable                                            : loaded 2 times (x 117B)
Class org.jetbrains.plugins.gradle.tooling.serialization.SerializationService         : loaded 2 times (x 66B)
Class org.gradle.tooling.internal.gradle.GradleBuildIdentity                          : loaded 2 times (x 66B)
Class kotlin.enums.EnumEntries                                                        : loaded 2 times (x 66B)
Class com.android.builder.model.v2.ide.JavaCompileOptions                             : loaded 2 times (x 66B)
Class org.objectweb.asm.tree.VarInsnNode                                              : loaded 2 times (x 75B)
Class com.google.common.collect.IndexedImmutableSet$1                                 : loaded 2 times (x 208B)
Class com.google.common.hash.Hashing                                                  : loaded 2 times (x 67B)
Class com.google.common.cache.CacheBuilder$OneWeigher                                 : loaded 2 times (x 78B)
Class com.android.builder.model.v2.ide.AaptOptions$Namespacing                        : loaded 2 times (x 75B)
Class com.amazon.ion.IonList                                                          : loaded 2 times (x 66B)
Class org.jetbrains.plugins.gradle.tooling.serialization.internal.adapter.Supplier    : loaded 2 times (x 66B)
Class org.gradle.tooling.internal.adapter.ProtocolToModelAdapter$MixInMappingAction   : loaded 2 times (x 76B)
Class org.gradle.internal.exceptions.ResolutionProvider                               : loaded 2 times (x 66B)
Class org.objectweb.asm.tree.ModuleNode                                               : loaded 2 times (x 79B)
Class com.google.common.collect.TreeMultimap                                          : loaded 2 times (x 224B)
Class com.google.common.collect.ImmutableBiMapFauxverideShim                          : loaded 2 times (x 116B)
Class jdk.internal.jimage.ImageBufferCache                                            : loaded 2 times (x 67B)
Class jdk.internal.jrtfs.JrtPath                                                      : loaded 2 times (x 114B)
Class com.amazon.ion.IonSystem                                                        : loaded 2 times (x 66B)
Class com.amazon.ion.impl.bin.IonManagedBinaryWriter$ImportedSymbolContext            : loaded 2 times (x 68B)
Class kotlin.text.MatchResult$DefaultImpls                                            : loaded 2 times (x 67B)
Class org.gradle.tooling.model.idea.IdeaCompilerOutput                                : loaded 2 times (x 66B)
Class org.gradle.tooling.model.ProjectIdentifier                                      : loaded 2 times (x 66B)
Class org.gradle.internal.classloader.ClasspathUtil                                   : loaded 2 times (x 67B)
Class com.android.builder.model.v2.ide.ComponentInfo                                  : loaded 2 times (x 66B)
Class org.objectweb.asm.tree.MethodNode                                               : loaded 2 times (x 106B)
Class org.apache.commons.compress.archivers.zip.PKWareExtraHeader                     : loaded 2 times (x 86B)
Class org.apache.commons.compress.archivers.zip.ZipArchiveEntry$NameSource            : loaded 2 times (x 75B)
Class org.jetbrains.kotlin.config.ExplicitApiMode$Companion                           : loaded 2 times (x 67B)
Class org.jetbrains.kotlin.tooling.core.HasExtras                                     : loaded 2 times (x 66B)
Class com.google.common.base.Charsets                                                 : loaded 2 times (x 67B)
Class com.google.common.util.concurrent.Uninterruptibles                              : loaded 2 times (x 67B)
Class com.android.builder.model.v2.ide.ProjectType                                    : loaded 2 times (x 75B)
Class com.intellij.gradle.toolingExtension.impl.model.sourceSetModel.GradleSourceSetSerialisationService: loaded 2 times (x 73B)
Class kotlin.io.FileSystemException                                                   : loaded 2 times (x 78B)
Class com.android.builder.model.v2.dsl.BaseConfig                                     : loaded 2 times (x 66B)
Class org.objectweb.asm.tree.FieldNode                                                : loaded 2 times (x 76B)
Class com.google.common.collect.Maps                                                  : loaded 2 times (x 67B)
Class com.google.common.base.CharMatcher$JavaUpperCase                                : loaded 2 times (x 107B)
Class com.amazon.ion.impl.lite.IonIntLite                                             : loaded 2 times (x 185B)
Class com.amazon.ion.util._Private_FastAppendable                                     : loaded 2 times (x 66B)
Class [Lcom.amazon.ion.impl.bin.IonRawBinaryWriter$PreallocationMode;                 : loaded 2 times (x 65B)
Class kotlin.sequences.DistinctSequence                                               : loaded 2 times (x 71B)
Class org.gradle.internal.time.TimeSource$1                                           : loaded 2 times (x 73B)
Class kotlin.jvm.internal.DefaultConstructorMarker                                    : loaded 2 times (x 67B)
Class org.gradle.api.specs.Spec                                                       : loaded 2 times (x 66B)
Class com.google.common.collect.MapMaker                                              : loaded 2 times (x 68B)
Class com.google.common.collect.AbstractSortedSetMultimap                             : loaded 2 times (x 210B)
Class com.google.common.collect.TransformedListIterator                               : loaded 2 times (x 89B)
Class jdk.internal.jimage.ImageReader$SharedImageReader$LocationVisitor               : loaded 2 times (x 66B)
Class com.amazon.ion.impl.lite.IonSexpLite                                            : loaded 2 times (x 486B)
Class com.amazon.ion.impl.lite.IonListLite                                            : loaded 2 times (x 486B)
Class com.amazon.ion.IonFloat                                                         : loaded 2 times (x 66B)
Class com.google.common.cache.LocalCache$LoadingValueReference                        : loaded 2 times (x 92B)
Class com.amazon.ion.impl.LocalSymbolTable$Factory                                    : loaded 2 times (x 73B)
Class com.amazon.ion.impl.bin.IonManagedBinaryWriter$ImportedSymbolResolverMode       : loaded 2 times (x 76B)
Class com.intellij.gradle.toolingExtension.impl.model.buildScriptClasspathModel.GradleBuildScriptClasspathSerializationService: loaded 2 times (x 73B)
Class kotlin.jvm.internal.ArrayIterator                                               : loaded 2 times (x 75B)
Class org.gradle.tooling.internal.adapter.TargetTypeProvider                          : loaded 2 times (x 66B)
Class com.google.common.collect.CollectSpliterators                                   : loaded 2 times (x 67B)
Class com.google.common.collect.AbstractMapBasedMultimap$AsMap                        : loaded 2 times (x 124B)
Class com.google.common.collect.MapMakerInternalMap$StrongKeyDummyValueEntry          : loaded 2 times (x 78B)
Class com.google.common.io.LineReader$1                                               : loaded 2 times (x 71B)
Class com.google.common.base.Platform                                                 : loaded 2 times (x 67B)
Class jdk.internal.jimage.decompressor.ResourceDecompressorRepository                 : loaded 2 times (x 67B)
Class org.jetbrains.plugins.gradle.model.FileCollectionDependency                     : loaded 2 times (x 66B)
Class com.amazon.ion.impl.LocalSymbolTableAsStruct                                    : loaded 2 times (x 122B)
Class com.amazon.ion.impl.lite.IonTimestampLite                                       : loaded 2 times (x 188B)
Class org.gradle.internal.impldep.gnu.trove.TObjectHashingStrategy                    : loaded 2 times (x 66B)
Class com.intellij.gradle.toolingExtension.impl.model.utilDummyModel.DummyModel       : loaded 2 times (x 66B)
Class kotlin.collections.EmptyIterator                                                : loaded 2 times (x 85B)
Class kotlin.text.StringsKt__RegexExtensionsKt                                        : loaded 2 times (x 67B)
Class org.gradle.internal.time.Clock                                                  : loaded 2 times (x 66B)
Class com.google.common.collect.AbstractMapBasedMultimap$WrappedList                  : loaded 2 times (x 201B)
Class com.android.builder.model.v2.dsl.ProductFlavor                                  : loaded 2 times (x 66B)
Class [Lorg.objectweb.asm.tree.AbstractInsnNode;                                      : loaded 2 times (x 65B)
Class org.objectweb.asm.tree.LocalVariableAnnotationNode                              : loaded 2 times (x 78B)
Class [Lcom.android.builder.model.v2.ide.TestInfo$Execution;                          : loaded 2 times (x 65B)
Class [Lorg.apache.commons.compress.archivers.zip.ZipMethod;                          : loaded 2 times (x 65B)
Class kotlin.ranges.IntProgression$Companion                                          : loaded 2 times (x 67B)
Class [Lorg.objectweb.asm.AnnotationWriter;                                           : loaded 2 times (x 65B)
Class com.google.common.primitives.Ints$IntConverter                                  : loaded 2 times (x 86B)
Class com.google.common.collect.Maps$8                                                : loaded 2 times (x 78B)
Class jdk.internal.jimage.ImageReader$Directory                                       : loaded 2 times (x 80B)
Class com.amazon.ion.IonString                                                        : loaded 2 times (x 66B)
Class org.jetbrains.plugins.gradle.model.jar.JarTaskManifestConfiguration             : loaded 2 times (x 66B)
Class org.jetbrains.plugins.gradle.model.GradleSourceSetDependencyModel               : loaded 2 times (x 66B)
Class kotlin.io.FilePathComponents                                                    : loaded 2 times (x 68B)
Class kotlin.sequences.SequencesKt__SequencesJVMKt                                    : loaded 2 times (x 67B)
Class kotlin.coroutines.jvm.internal.RestrictedSuspendLambda                          : loaded 2 times (x 87B)
Class org.gradle.tooling.internal.adapter.TypeInspector                               : loaded 2 times (x 69B)
Class org.gradle.tooling.internal.adapter.ProtocolToModelAdapter$NoOpDecoration       : loaded 2 times (x 75B)
Class org.gradle.tooling.model.Element                                                : loaded 2 times (x 66B)
Class kotlin.collections.AbstractList                                                 : loaded 2 times (x 193B)
Class kotlin.collections.AbstractCollection                                           : loaded 2 times (x 113B)
Class [Lcom.google.common.collect.Iterators$EmptyModifiableIterator;                  : loaded 2 times (x 65B)
Class com.google.common.collect.Lists$ReverseList$1                                   : loaded 2 times (x 95B)
Class org.jetbrains.plugins.gradle.model.AnnotationProcessingModel                    : loaded 2 times (x 66B)
Class org.jetbrains.kotlin.tooling.core.Extras                                        : loaded 2 times (x 66B)
Class com.google.common.collect.Sets$SetView                                          : loaded 2 times (x 134B)
Class com.google.common.cache.LocalCache$StrongValueReference                         : loaded 2 times (x 86B)
Class com.google.common.util.concurrent.AbstractFuture$SynchronizedHelper             : loaded 2 times (x 74B)
Class com.google.common.base.CharMatcher$Invisible                                    : loaded 2 times (x 108B)
Class com.amazon.ion.BufferConfiguration                                              : loaded 2 times (x 69B)
Class com.amazon.ion.system.SimpleCatalog                                             : loaded 2 times (x 87B)
Class com.intellij.gradle.toolingExtension.impl.model.taskModel.GradleTaskSerialisationService: loaded 2 times (x 72B)
Class com.android.ide.gradle.model.LegacyV1AgpVersionModel                            : loaded 2 times (x 66B)
Class kotlin.text.StringsKt__StringBuilderJVMKt                                       : loaded 2 times (x 67B)
Class kotlin.text.Regex                                                               : loaded 2 times (x 68B)
Class kotlin.sequences.SequencesKt__SequenceBuilderKt$sequence$$inlined$Sequence$1    : loaded 2 times (x 71B)
Class [Lorg.jetbrains.kotlin.config.JVMAssertionsMode;                                : loaded 2 times (x 65B)
Class org.jetbrains.kotlin.config.JVMAssertionsMode                                   : loaded 2 times (x 75B)
Class com.google.common.graph.SuccessorsFunction                                      : loaded 2 times (x 66B)
Class org.apache.commons.compress.archivers.zip.UnicodeCommentExtraField              : loaded 2 times (x 89B)
Class [Lcom.google.gson.stream.JsonToken;                                             : loaded 2 times (x 65B)
Class org.objectweb.asm.Type                                                          : loaded 2 times (x 68B)
Class org.jetbrains.plugins.gradle.tooling.util.IntObjectMap$1                        : loaded 2 times (x 73B)
Class org.gradle.internal.impldep.com.google.common.base.Preconditions                : loaded 2 times (x 67B)
Class org.gradle.tooling.model.internal.ImmutableDomainObjectSet                      : loaded 2 times (x 151B)
Class org.gradle.internal.classloader.VisitableURLClassLoader$InstrumentingVisitableURLClassLoader: loaded 2 times (x 119B)
Class com.google.common.collect.MapMakerInternalMap$StrongKeyDummyValueEntry$Helper   : loaded 2 times (x 75B)
Class com.google.common.io.Files$FileByteSink                                         : loaded 2 times (x 73B)
Class com.android.builder.model.v2.ide.AndroidGradlePluginProjectFlags                : loaded 2 times (x 66B)
Class [Lcom.android.builder.model.v2.ide.AndroidGradlePluginProjectFlags$BooleanFlag; : loaded 2 times (x 65B)
Class com.android.builder.model.v2.ide.BasicVariant                                   : loaded 2 times (x 66B)
Class org.apache.commons.compress.archivers.zip.X0016_CertificateIdForCentralDirectory: loaded 2 times (x 89B)
Class org.objectweb.asm.ByteVector                                                    : loaded 2 times (x 75B)
Class [Lcom.google.common.cache.CacheBuilder$NullListener;                            : loaded 2 times (x 65B)
Class com.google.common.math.IntMath$1                                                : loaded 2 times (x 67B)
Class [Lcom.amazon.ion.impl.bin.IonRawBinaryWriter$StreamFlushMode;                   : loaded 2 times (x 65B)
Class com.amazon.ion.UnsupportedIonVersionException                                   : loaded 2 times (x 81B)
Class kotlin.comparisons.ComparisonsKt__ComparisonsKt                                 : loaded 2 times (x 67B)
Class kotlin.ranges.RangesKt__RangesKt                                                : loaded 2 times (x 67B)
Class kotlin.collections.SetsKt___SetsKt                                              : loaded 2 times (x 67B)
Class kotlin.sequences.SequencesKt__SequencesKt                                       : loaded 2 times (x 67B)
Class kotlin.coroutines.Continuation                                                  : loaded 2 times (x 66B)
Class org.gradle.internal.classloader.VisitableURLClassLoader$Spec                    : loaded 2 times (x 70B)
Class org.gradle.internal.classpath.DefaultClassPath                                  : loaded 2 times (x 86B)
Class com.android.builder.model.v2.ide.BundleInfo                                     : loaded 2 times (x 66B)
Class com.android.builder.model.v2.ide.SourceProvider                                 : loaded 2 times (x 66B)
Class org.objectweb.asm.Symbol                                                        : loaded 2 times (x 69B)
Class com.google.common.base.AbstractIterator                                         : loaded 2 times (x 76B)
Class jdk.internal.jimage.decompressor.ZipDecompressorFactory                         : loaded 2 times (x 70B)
Class com.amazon.ion.impl.bin.IonManagedBinaryWriter$SymbolState                      : loaded 2 times (x 76B)
Class com.amazon.ion.IonStruct                                                        : loaded 2 times (x 66B)
Class org.jetbrains.plugins.gradle.model.GradleBuildScriptClasspathModel              : loaded 2 times (x 66B)
Class kotlin.text.CharsKt__CharJVMKt                                                  : loaded 2 times (x 67B)
Class kotlin.sequences.FilteringSequence                                              : loaded 2 times (x 71B)
Class kotlin.comparisons.ComparisonsKt                                                : loaded 2 times (x 67B)
Class kotlin.comparisons.ComparisonsKt___ComparisonsKt                                : loaded 2 times (x 67B)
Class kotlin.coroutines.jvm.internal.BaseContinuationImpl                             : loaded 2 times (x 83B)
Class kotlin.Result$Companion                                                         : loaded 2 times (x 67B)
Class org.gradle.util.internal.DefaultGradleVersion                                   : loaded 2 times (x 80B)
Class com.google.common.io.Closer                                                     : loaded 2 times (x 74B)
Class [Lorg.apache.commons.compress.archivers.ArchiveEntry;                           : loaded 2 times (x 65B)
Class com.google.common.io.Java8Compatibility                                         : loaded 2 times (x 67B)
Class org.jetbrains.plugins.gradle.model.GradleExtensions                             : loaded 2 times (x 66B)
Class com.amazon.ion.system.IonBinaryWriterBuilder                                    : loaded 2 times (x 93B)
Class com.amazon.ion.impl.bin.IonManagedBinaryWriter$UserState$4                      : loaded 2 times (x 81B)
Class com.google.common.base.CharMatcher$Ascii                                        : loaded 2 times (x 108B)
Class org.gradle.internal.classloader.ClassLoaderSpec                                 : loaded 2 times (x 67B)
Class org.apache.commons.compress.archivers.zip.ZipEncoding                           : loaded 2 times (x 66B)
Class org.objectweb.asm.AnnotationWriter                                              : loaded 2 times (x 75B)
Class com.google.common.cache.CacheStats                                              : loaded 2 times (x 67B)
Class com.amazon.ion.impl.IonWriterSystemTextMarkup                                   : loaded 2 times (x 188B)
Class com.amazon.ion.impl.bin.BlockAllocator                                          : loaded 2 times (x 76B)
Class kotlin.jvm.internal.FunctionReferenceImpl                                       : loaded 2 times (x 118B)
Class kotlin.collections.CollectionsKt___CollectionsJvmKt                             : loaded 2 times (x 67B)
Class com.google.common.collect.Interners                                             : loaded 2 times (x 67B)
Class com.google.common.collect.ImmutableMultisetGwtSerializationDependencies         : loaded 2 times (x 121B)
Class com.google.common.io.Closer$Suppressor                                          : loaded 2 times (x 66B)
Class com.google.common.io.LineProcessor                                              : loaded 2 times (x 66B)
Class [Lorg.apache.commons.compress.archivers.zip.ZipArchiveEntry$CommentSource;      : loaded 2 times (x 65B)
Class org.objectweb.asm.RecordComponentWriter                                         : loaded 2 times (x 74B)
Class com.google.common.util.concurrent.AbstractFuture$Listener                       : loaded 2 times (x 68B)
Class [Lcom.android.builder.model.v2.ide.ProjectType;                                 : loaded 2 times (x 65B)
Class org.jetbrains.plugins.gradle.model.UnresolvedExternalDependency                 : loaded 2 times (x 66B)
Class Settings_gradle$1$1                                                             : loaded 2 times (x 70B)
Class com.amazon.ion.system.IonWriterBuilderBase                                      : loaded 2 times (x 79B)
Class kotlin.TuplesKt                                                                 : loaded 2 times (x 67B)
Class kotlin.jvm.internal.markers.KMutableIterable                                    : loaded 2 times (x 66B)
Class kotlin.sequences.SequencesKt___SequencesJvmKt                                   : loaded 2 times (x 67B)
Class kotlin.Unit                                                                     : loaded 2 times (x 67B)
Class org.gradle.tooling.internal.adapter.ProtocolToModelAdapter$DefaultViewBuilder   : loaded 2 times (x 76B)
Class [Lcom.android.builder.model.v2.ide.AaptOptions$Namespacing;                     : loaded 2 times (x 65B)
Class [Lorg.objectweb.asm.Label;                                                      : loaded 2 times (x 65B)
Class com.google.common.collect.ForwardingSet                                         : loaded 2 times (x 147B)
Class com.android.ide.common.gradle.Version$Companion$ParseState                      : loaded 2 times (x 66B)
Class org.objectweb.asm.Attribute                                                     : loaded 2 times (x 73B)
Class com.google.common.base.Supplier                                                 : loaded 2 times (x 66B)
Class kotlin.ranges.RangesKt                                                          : loaded 2 times (x 67B)
Class org.gradle.tooling.internal.adapter.ProtocolToModelAdapter$ViewGraphDetails$1   : loaded 2 times (x 73B)
Class org.gradle.internal.classloader.VisitableURLClassLoader                         : loaded 2 times (x 113B)
Class com.android.ide.common.repository.AgpVersion$Companion                          : loaded 2 times (x 67B)
Class org.apache.commons.compress.archivers.zip.ExtraFieldUtils                       : loaded 2 times (x 67B)
Class com.google.common.util.concurrent.AbstractFuture$Waiter                         : loaded 2 times (x 68B)
Class Settings_gradle                                                                 : loaded 2 times (x 124B)
Class com.amazon.ion.impl.bin.IonRawBinaryWriter$1                                    : loaded 2 times (x 73B)
Class [Lcom.amazon.ion.SymbolTable;                                                   : loaded 2 times (x 65B)
Class com.amazon.ion.impl.bin.IonBinaryWriterAdapter$Factory                          : loaded 2 times (x 66B)
Class com.amazon.ion.impl.BlockedBuffer$BufferedOutputStream                          : loaded 2 times (x 86B)
Class org.jetbrains.plugins.gradle.tooling.serialization.ExternalTestsSerializationService$ReadContext: loaded 2 times (x 68B)
Class com.google.common.collect.ImmutableList$SerializedForm                          : loaded 2 times (x 69B)
Class kotlin.collections.ArraysUtilJVM                                                : loaded 2 times (x 67B)
Class kotlin.sequences.FlatteningSequence$iterator$1                                  : loaded 2 times (x 75B)
Class kotlin.jvm.functions.Function0                                                  : loaded 2 times (x 66B)
Class com.google.gson.stream.MalformedJsonException                                   : loaded 2 times (x 78B)
Class org.apache.commons.compress.archivers.zip.ResourceAlignmentExtraField           : loaded 2 times (x 85B)
Class org.gradle.tooling.model.idea.IdeaDependency                                    : loaded 2 times (x 66B)
Class com.google.common.collect.MapMakerInternalMap                                   : loaded 2 times (x 157B)
Class com.android.builder.model.v2.ide.AaptOptions                                    : loaded 2 times (x 66B)
Class [Lcom.android.builder.model.v2.ide.BytecodeTransformation;                      : loaded 2 times (x 65B)
Class com.google.common.collect.HashBiMap                                             : loaded 2 times (x 139B)
Class com.android.ide.common.gradle.Version$Companion                                 : loaded 2 times (x 67B)
Class com.google.common.collect.Sets                                                  : loaded 2 times (x 67B)
Class org.objectweb.asm.Handler                                                       : loaded 2 times (x 68B)
Class com.google.common.base.Ticker                                                   : loaded 2 times (x 68B)
Class com.google.common.base.Strings                                                  : loaded 2 times (x 67B)
Class com.android.builder.model.v2.ide.AndroidArtifact                                : loaded 2 times (x 66B)
Class jdk.internal.jimage.decompressor.ZipDecompressor                                : loaded 2 times (x 71B)
Class com.amazon.ion.impl.bin.AbstractIonWriter$WriteValueOptimization                : loaded 2 times (x 75B)
Class kotlin.collections.AbstractMutableList                                          : loaded 2 times (x 202B)
Class kotlin.jvm.functions.Function1                                                  : loaded 2 times (x 66B)
Class org.gradle.internal.agents.InstrumentingClassLoader                             : loaded 2 times (x 66B)
Class com.android.builder.model.v2.models.ndk.NativeModelBuilderParameter             : loaded 2 times (x 66B)
Class [Lcom.google.common.cache.LocalCache$Segment;                                   : loaded 2 times (x 65B)
Class [Lcom.google.common.cache.LocalCache$Strength;                                  : loaded 2 times (x 65B)
Class com.google.common.cache.CacheBuilder$1                                          : loaded 2 times (x 81B)
Class com.google.common.io.ByteArrayDataOutput                                        : loaded 2 times (x 66B)
Class org.objectweb.asm.tree.LocalVariableNode                                        : loaded 2 times (x 69B)
Class com.amazon.ion.impl.bin.BlockAllocatorProvider                                  : loaded 2 times (x 68B)
Class org.jetbrains.plugins.gradle.tooling.serialization.internal.IdeaProjectSerializationService$WriteContext: loaded 2 times (x 68B)
Class com.intellij.gradle.toolingExtension.impl.model.sourceSetDependencyModel.GradleSourceSetDependencySerialisationService: loaded 2 times (x 73B)
Class org.jetbrains.plugins.gradle.model.GradleSourceSetModel                         : loaded 2 times (x 66B)
Class kotlin.KotlinNothingValueException                                              : loaded 2 times (x 78B)
Class kotlin.jvm.functions.Function2                                                  : loaded 2 times (x 66B)
Class org.gradle.internal.classpath.DefaultClassPath$ImmutableUniqueList$Builder      : loaded 2 times (x 71B)
Class com.google.common.collect.MapMakerInternalMap$WeakValueReference                : loaded 2 times (x 66B)
Class com.google.gson.stream.JsonToken                                                : loaded 2 times (x 75B)
Class org.gradle.api.internal.classpath.ManifestUtil                                  : loaded 2 times (x 67B)
Class com.google.common.cache.LocalCache                                              : loaded 2 times (x 183B)
Class com.google.common.cache.CacheBuilder$2                                          : loaded 2 times (x 68B)
Class org.gradle.tooling.internal.adapter.ProtocolToModelAdapter$InvocationHandlerImpl: loaded 2 times (x 73B)
Class com.amazon.ion.impl.lite.IonSequenceLite                                        : loaded 2 times (x 428B)
Class com.amazon.ion.impl._Private_Utils$1                                            : loaded 2 times (x 85B)
Class com.amazon.ion.impl.SymbolTableAsStruct                                         : loaded 2 times (x 66B)
Class kotlin.collections.MapsKt___MapsJvmKt                                           : loaded 2 times (x 67B)
Class org.gradle.tooling.internal.adapter.WeakIdentityHashMap$AbsentValueProvider     : loaded 2 times (x 66B)
Class org.jetbrains.kotlin.config.LanguageVersion                                     : loaded 2 times (x 87B)
Class org.apache.commons.compress.archivers.zip.CharsetAccessor                       : loaded 2 times (x 66B)
Class org.gradle.tooling.model.build.GradleEnvironment                                : loaded 2 times (x 66B)
Class org.jetbrains.plugins.gradle.tooling.util.IntObjectMap$ObjectFactory            : loaded 2 times (x 66B)
Class com.google.common.collect.ArrayListMultimap                                     : loaded 2 times (x 168B)
Class com.google.common.base.AbstractIterator$1                                       : loaded 2 times (x 67B)
Class com.google.common.base.CharMatcher$Digit                                        : loaded 2 times (x 108B)
Class com.amazon.ion.impl.bin.AbstractIonWriter                                       : loaded 2 times (x 157B)
Class org.jetbrains.plugins.gradle.tooling.util.ObjectCollector$Processor             : loaded 2 times (x 66B)
Class org.jetbrains.kotlin.idea.gradleTooling.model.samWithReceiver.SamWithReceiverModel: loaded 2 times (x 66B)
Class kotlin.collections.State                                                        : loaded 2 times (x 75B)
Class kotlin.jvm.functions.Function4                                                  : loaded 2 times (x 66B)
Class kotlin.collections.EmptySet                                                     : loaded 2 times (x 118B)
Class kotlin.collections.CollectionsKt___CollectionsKt                                : loaded 2 times (x 67B)
Class kotlin.annotation.Target                                                        : loaded 2 times (x 66B)
Class com.amazon.ion.IonException                                                     : loaded 2 times (x 80B)
Class org.gradle.internal.exceptions.NonGradleCauseExceptionsHolder                   : loaded 2 times (x 66B)
Class org.gradle.tooling.model.idea.IdeaModuleDependency                              : loaded 2 times (x 66B)
Class org.gradle.tooling.internal.adapter.ViewBuilder                                 : loaded 2 times (x 66B)
Class com.google.common.base.Suppliers$MemoizingSupplier                              : loaded 2 times (x 75B)
Class com.android.builder.model.v2.ide.AndroidLibraryData                             : loaded 2 times (x 66B)
Class com.android.builder.model.v2.ide.ApiVersion                                     : loaded 2 times (x 66B)
Class org.apache.commons.compress.archivers.zip.NioZipEncoding                        : loaded 2 times (x 80B)
Class com.android.ide.common.gradle.Version                                           : loaded 2 times (x 71B)
Class com.google.common.collect.CollectPreconditions                                  : loaded 2 times (x 67B)
Class com.google.common.base.CharMatcher$JavaIsoControl                               : loaded 2 times (x 108B)
Class jdk.internal.jimage.ImageStrings                                                : loaded 2 times (x 66B)
Class com.amazon.ion.system.IonReaderBuilder                                          : loaded 2 times (x 89B)
Class org.jetbrains.plugins.gradle.model.AnnotationProcessingConfig                   : loaded 2 times (x 66B)
Class com.amazon.ion.IonReader                                                        : loaded 2 times (x 66B)
Class gnu.trove.Equality                                                              : loaded 2 times (x 66B)
Class kotlin.text.StringsKt___StringsJvmKt                                            : loaded 2 times (x 67B)
Class kotlin.reflect.KDeclarationContainer                                            : loaded 2 times (x 66B)
Class kotlin.annotation.Retention                                                     : loaded 2 times (x 66B)
Class [Lcom.google.common.collect.MapMakerInternalMap$Strength;                       : loaded 2 times (x 65B)
Class [Lcom.google.common.io.FileWriteMode;                                           : loaded 2 times (x 65B)
Class com.android.builder.model.v2.models.Versions$Version                            : loaded 2 times (x 66B)
Class com.google.common.collect.SortedMapDifference                                   : loaded 2 times (x 66B)
Class com.google.common.base.CharMatcher$JavaLowerCase                                : loaded 2 times (x 107B)
Class com.amazon.ion.IonClob                                                          : loaded 2 times (x 66B)
Class org.jetbrains.plugins.gradle.tooling.ModelBuilderService$Parameter              : loaded 2 times (x 66B)
Class kotlin.io.FilesKt                                                               : loaded 2 times (x 67B)
Class kotlin.collections.MapsKt___MapsKt                                              : loaded 2 times (x 67B)
Class kotlin.collections.ArraysKt___ArraysKt                                          : loaded 2 times (x 67B)
Class com.google.common.collect.MapMakerInternalMap$StrongKeyDummyValueSegment        : loaded 2 times (x 138B)
Class com.google.common.cache.LocalCache$WriteThroughEntry                            : loaded 2 times (x 75B)
Class com.google.common.cache.LocalCache$HashIterator                                 : loaded 2 times (x 82B)
Class com.google.common.io.Files                                                      : loaded 2 times (x 67B)
Class com.google.common.hash.HashCode$IntHashCode                                     : loaded 2 times (x 76B)
Class com.google.common.cache.LocalCache$EntryFactory                                 : loaded 2 times (x 79B)
Class com.amazon.ion.impl.lite.IonLobLite                                             : loaded 2 times (x 180B)
Class com.amazon.ion.impl.lite.IonTextLite                                            : loaded 2 times (x 177B)
Class com.amazon.ion.IonNumber                                                        : loaded 2 times (x 66B)
Class org.gradle.internal.impldep.gnu.trove.TObjectIntProcedure                       : loaded 2 times (x 66B)
Class gnu.trove.TObjectHashingStrategy                                                : loaded 2 times (x 66B)
Class kotlin.collections.MapsKt__MapWithDefaultKt                                     : loaded 2 times (x 67B)
Class org.gradle.tooling.internal.adapter.ProtocolToModelAdapter$ReflectionMethodInvoker: loaded 2 times (x 72B)
Class [Lcom.google.common.collect.MapMaker$Dummy;                                     : loaded 2 times (x 65B)
Class [Lorg.apache.commons.compress.archivers.zip.ZipArchiveEntry;                    : loaded 2 times (x 65B)
Class com.amazon.ion.impl.bin.IonManagedBinaryWriter$UserState$3                      : loaded 2 times (x 81B)
Class [Lcom.android.ide.common.gradle.Separator;                                      : loaded 2 times (x 65B)
Class org.jetbrains.kotlin.tooling.core.HasMutableExtras                              : loaded 2 times (x 66B)
Class com.google.common.cache.LocalCache$AbstractReferenceEntry                       : loaded 2 times (x 103B)
Class com.google.common.base.Splitter$1$1                                             : loaded 2 times (x 82B)
Class com.google.common.base.CharMatcher$Whitespace                                   : loaded 2 times (x 108B)
Class [Lcom.amazon.ion.impl.bin.IonManagedBinaryWriter$UserState;                     : loaded 2 times (x 65B)
Class com.amazon.ion.impl.bin.utf8.Utf8StringEncoder                                  : loaded 2 times (x 76B)
Class com.amazon.ion.IonBool                                                          : loaded 2 times (x 66B)
Class org.jetbrains.kotlin.idea.gradleTooling.model.assignment.AssignmentModel        : loaded 2 times (x 66B)
Class kotlin.text.StringsKt___StringsKt                                               : loaded 2 times (x 67B)
Class kotlin.collections.CollectionsKt__MutableCollectionsJVMKt                       : loaded 2 times (x 67B)
Class com.google.common.util.concurrent.ExecutionError                                : loaded 2 times (x 78B)
Class kotlin.enums.EnumEntriesKt                                                      : loaded 2 times (x 67B)
Class com.google.common.collect.ImmutableMapKeySet                                    : loaded 2 times (x 146B)
Class org.objectweb.asm.tree.InsnList                                                 : loaded 2 times (x 99B)
Class com.android.builder.model.v2.models.VariantDependencies                         : loaded 2 times (x 66B)
Class com.google.common.collect.ImmutableEnumSet                                      : loaded 2 times (x 142B)
Class org.objectweb.asm.SymbolTable                                                   : loaded 2 times (x 68B)
Class com.google.common.cache.CacheLoader$InvalidCacheLoadException                   : loaded 2 times (x 78B)
Class com.android.builder.model.v2.models.VariantDependenciesAdjacencyList            : loaded 2 times (x 66B)
Class com.google.common.base.CharMatcher$SingleWidth                                  : loaded 2 times (x 108B)
Class com.amazon.ion.IonLoader                                                        : loaded 2 times (x 66B)
Class org.jetbrains.plugins.gradle.model.GradleProperty                               : loaded 2 times (x 66B)
Class org.gradle.internal.classloader.SystemClassLoaderSpec                           : loaded 2 times (x 67B)
Class com.android.builder.model.v2.ide.TestedTargetVariant                            : loaded 2 times (x 66B)
Class org.objectweb.asm.tree.MultiANewArrayInsnNode                                   : loaded 2 times (x 75B)
Class [Lorg.apache.commons.compress.archivers.EntryStreamOffsets;                     : loaded 2 times (x 65B)
Class com.google.common.cache.LocalCache$StrongEntry                                  : loaded 2 times (x 104B)
Class com.google.common.util.concurrent.AbstractFuture$TrustedFuture                  : loaded 2 times (x 110B)
Class com.google.common.cache.LoadingCache                                            : loaded 2 times (x 66B)
Class com.amazon.ion.impl._Private_Utils                                              : loaded 2 times (x 67B)
Class kotlin.ranges.IntRange$Companion                                                : loaded 2 times (x 67B)
Class kotlin.text.MatcherMatchResult$groups$1                                         : loaded 2 times (x 147B)
Class kotlin.collections.EmptyMap                                                     : loaded 2 times (x 105B)
Class kotlin.reflect.KAnnotatedElement                                                : loaded 2 times (x 66B)
Class kotlin.jvm.internal.markers.KMutableCollection                                  : loaded 2 times (x 66B)
Class kotlin.coroutines.intrinsics.IntrinsicsKt                                       : loaded 2 times (x 67B)
Class org.gradle.internal.exceptions.MultiCauseException                              : loaded 2 times (x 66B)
Class org.gradle.internal.time.CountdownTimer                                         : loaded 2 times (x 66B)
Class kotlin.jvm.internal.Intrinsics                                                  : loaded 2 times (x 67B)
Class com.google.common.base.Suppliers$NonSerializableMemoizingSupplier               : loaded 2 times (x 75B)
Class com.google.common.io.ByteStreams$LimitedInputStream                             : loaded 2 times (x 88B)
Class org.apache.commons.compress.archivers.zip.Zip64ExtendedInformationExtraField    : loaded 2 times (x 93B)
Class org.objectweb.asm.MethodWriter                                                  : loaded 2 times (x 102B)
Class [Lcom.google.common.cache.Weigher;                                              : loaded 2 times (x 65B)
Class com.google.common.collect.AbstractMapBasedMultimap$WrappedCollection            : loaded 2 times (x 120B)
Class jdk.internal.jrtfs.JrtFileSystem                                                : loaded 2 times (x 98B)
Class com.intellij.gradle.toolingExtension.impl.model.projectModel.GradleExternalProjectSerializationService$ReadContext: loaded 2 times (x 69B)
Class com.intellij.gradle.toolingExtension.impl.model.dependencyModel.DependencyWriteContext: loaded 2 times (x 68B)
Class org.jetbrains.kotlin.idea.gradleTooling.model.parcelize.ParcelizeGradleModel    : loaded 2 times (x 66B)
Class kotlin.sequences.SequencesKt__SequencesKt$flatten$1                             : loaded 2 times (x 74B)
Class kotlin.collections.MapsKt                                                       : loaded 2 times (x 67B)
Class kotlin.collections.CollectionsKt__IterablesKt                                   : loaded 2 times (x 67B)
Class kotlin.coroutines.intrinsics.CoroutineSingletons                                : loaded 2 times (x 75B)
Class org.gradle.tooling.model.ProjectModel                                           : loaded 2 times (x 66B)
Class com.google.common.collect.AbstractMapBasedMultimap$RandomAccessWrappedList      : loaded 2 times (x 201B)
Class com.google.common.collect.ImmutableMultimap$1                                   : loaded 2 times (x 78B)
Class org.objectweb.asm.tree.InvokeDynamicInsnNode                                    : loaded 2 times (x 74B)
Class com.android.ide.common.gradle.Version$Companion$ParseState$EMPTY                : loaded 2 times (x 70B)
Class jdk.internal.jimage.decompressor.CompressedResourceHeader                       : loaded 2 times (x 67B)
Class org.jetbrains.plugins.gradle.model.GradleConfiguration                          : loaded 2 times (x 66B)
Class com.amazon.ion.impl.bin.utf8.Utf8StringEncoderPool                              : loaded 2 times (x 70B)
Class com.amazon.ion.impl._Private_IonSystem                                          : loaded 2 times (x 66B)
Class com.amazon.ion.BufferConfiguration$OversizedValueHandler                        : loaded 2 times (x 66B)
Class kotlin.ranges.OpenEndRange                                                      : loaded 2 times (x 66B)
Class kotlin.sequences.SequenceBuilderIterator                                        : loaded 2 times (x 81B)
Class kotlin.KotlinNullPointerException                                               : loaded 2 times (x 79B)
Class com.android.ide.common.repository.AgpVersion$Companion$WhenMappings             : loaded 2 times (x 67B)
Class [Lorg.jetbrains.kotlin.config.ExplicitApiMode;                                  : loaded 2 times (x 65B)
Class com.google.common.collect.ImmutableMultimap$2                                   : loaded 2 times (x 77B)
Class com.google.common.collect.RegularImmutableBiMap                                 : loaded 2 times (x 144B)
Class com.google.common.cache.LocalCache$ValueReference                               : loaded 2 times (x 66B)
Class org.objectweb.asm.tree.FieldInsnNode                                            : loaded 2 times (x 75B)
Class org.gradle.internal.classloader.ClassLoaderHierarchy                            : loaded 2 times (x 66B)
Class com.amazon.ion.IonDecimal                                                       : loaded 2 times (x 66B)
Class org.jetbrains.plugins.gradle.model.tests.ExternalTestsModel                     : loaded 2 times (x 66B)
Class kotlin.sequences.SequencesKt__SequencesKt$flatten$3                             : loaded 2 times (x 74B)
Class kotlin.ranges.RangesKt___RangesKt                                               : loaded 2 times (x 67B)
Class org.gradle.tooling.model.idea.IdeaLanguageLevel                                 : loaded 2 times (x 66B)
Class org.gradle.tooling.internal.adapter.ProtocolToModelAdapter$SafeMethodInvoker    : loaded 2 times (x 72B)
Class org.gradle.tooling.internal.adapter.WeakIdentityHashMap$WeakKey                 : loaded 2 times (x 75B)
Class org.gradle.internal.exceptions.DefaultMultiCauseException                       : loaded 2 times (x 91B)
Class com.android.builder.model.v2.ide.ProjectInfo                                    : loaded 2 times (x 66B)
Class org.apache.commons.compress.archivers.zip.AsiExtraField                         : loaded 2 times (x 96B)
Class com.google.common.hash.PrimitiveSink                                            : loaded 2 times (x 66B)
Class com.google.common.util.concurrent.AbstractFuture$Failure                        : loaded 2 times (x 68B)
Class com.google.common.base.Equivalence$Equals                                       : loaded 2 times (x 78B)
Class com.google.common.collect.Hashing                                               : loaded 2 times (x 67B)
Class com.google.common.base.PatternCompiler                                          : loaded 2 times (x 66B)
Class kotlin.sequences.SequencesKt__SequenceBuilderKt                                 : loaded 2 times (x 67B)
Class com.amazon.ion.impl.bin.IonRawBinaryWriter$StreamCloseMode                      : loaded 2 times (x 75B)
Class com.amazon.ion.impl._Private_IonBinaryWriterBuilder$Mutable                     : loaded 2 times (x 105B)
Class com.intellij.gradle.toolingExtension.impl.model.projectModel.GradleExternalProjectSerializationService: loaded 2 times (x 73B)
Class kotlin.text.CharsKt__CharKt                                                     : loaded 2 times (x 67B)
Class kotlin.collections.ArraysKt                                                     : loaded 2 times (x 67B)
Class kotlin.collections.ArrayDeque$Companion                                         : loaded 2 times (x 67B)
Class org.gradle.tooling.model.HierarchicalElement                                    : loaded 2 times (x 66B)
Class kotlin.collections.CollectionsKt__ReversedViewsKt                               : loaded 2 times (x 67B)
Class com.google.common.io.CharSink                                                   : loaded 2 times (x 75B)
Class com.android.builder.model.v2.dsl.DependenciesInfo                               : loaded 2 times (x 66B)
Class kotlin.jvm.internal.CollectionToArray                                           : loaded 2 times (x 67B)
Class kotlin.io.FilesKt__FileTreeWalkKt                                               : loaded 2 times (x 67B)
Class org.objectweb.asm.Label                                                         : loaded 2 times (x 69B)
Class org.objectweb.asm.CurrentFrame                                                  : loaded 2 times (x 69B)
Class org.objectweb.asm.ClassTooLargeException                                        : loaded 2 times (x 79B)
Class com.google.gson.stream.JsonReader                                               : loaded 2 times (x 93B)
Class kotlin.sequences.FilteringSequence$iterator$1                                   : loaded 2 times (x 75B)
Class com.intellij.gradle.toolingExtension.impl.model.sourceSetModel.GradleSourceSetSerialisationService$Companion: loaded 2 times (x 67B)
Class com.amazon.ion.impl.bin.IonRawBinaryWriter$PatchPoint                           : loaded 2 times (x 67B)
Class com.amazon.ion.IonBlob                                                          : loaded 2 times (x 66B)
Class com.amazon.ion.IonLob                                                           : loaded 2 times (x 66B)
Class com.amazon.ion.IonSequence                                                      : loaded 2 times (x 66B)
Class org.jetbrains.plugins.gradle.tooling.serialization.ExternalTestsSerializationService: loaded 2 times (x 73B)
Class kotlin.collections.SetsKt__SetsKt                                               : loaded 2 times (x 67B)
Class kotlin.coroutines.EmptyCoroutineContext                                         : loaded 2 times (x 73B)
Class org.gradle.internal.time.Time                                                   : loaded 2 times (x 67B)
Class com.google.common.collect.MapMakerInternalMap$InternalEntryHelper               : loaded 2 times (x 66B)
Class com.google.common.collect.Table                                                 : loaded 2 times (x 66B)
Class com.android.ide.common.repository.AgpVersion$PreviewKind                        : loaded 2 times (x 75B)
Class org.apache.commons.compress.archivers.zip.ZipExtraField                         : loaded 2 times (x 66B)
Class com.google.common.collect.Maps$IteratorBasedAbstractMap                         : loaded 2 times (x 121B)
Class com.google.common.hash.HashCode$LongHashCode                                    : loaded 2 times (x 76B)
Class com.android.builder.model.v2.models.ProjectGraph                                : loaded 2 times (x 66B)
Class com.android.ide.common.gradle.Version$Companion$ParseState$NUMERIC              : loaded 2 times (x 70B)
Class com.amazon.ion.impl._Private_IonValue                                           : loaded 2 times (x 66B)
Class com.amazon.ion.impl.bin.IonManagedBinaryWriter$UserState$2                      : loaded 2 times (x 81B)
Class org.objectweb.asm.Frame                                                         : loaded 2 times (x 69B)
Class org.objectweb.asm.MethodVisitor                                                 : loaded 2 times (x 101B)
Class com.google.common.cache.LocalCache$EntryFactory$1                               : loaded 2 times (x 79B)
Class [Lcom.google.common.cache.RemovalListener;                                      : loaded 2 times (x 65B)
Class jdk.internal.jimage.BasicImageReader                                            : loaded 2 times (x 91B)
Class [Lcom.google.common.base.AbstractIterator$State;                                : loaded 2 times (x 65B)
Class com.amazon.ion.system.IonTextWriterBuilder                                      : loaded 2 times (x 93B)
Class com.amazon.ion.impl.bin.IonManagedBinaryWriter$ImportedSymbolResolverMode$1$1$1 : loaded 2 times (x 72B)
Class com.amazon.ion.impl._Private_LocalSymbolTableFactory                            : loaded 2 times (x 66B)
Class org.jetbrains.plugins.gradle.tooling.serialization.AnnotationProcessingModelSerializationService: loaded 2 times (x 73B)
Class kotlin.collections.ArraysKt__ArraysJVMKt                                        : loaded 2 times (x 67B)
Class org.objectweb.asm.tree.Util                                                     : loaded 2 times (x 67B)
Class com.google.common.collect.SortedSetMultimap                                     : loaded 2 times (x 66B)
Class com.google.common.cache.LocalCache$EntryFactory$2                               : loaded 2 times (x 79B)
Class com.amazon.ion.impl.lite.IonNullLite                                            : loaded 2 times (x 171B)
Class [Lcom.intellij.openapi.externalSystem.model.project.dependencies.ResolutionState;: loaded 2 times (x 65B)
Class org.gradle.internal.impldep.gnu.trove.TObjectHash                               : loaded 2 times (x 90B)
Class org.jetbrains.plugins.gradle.model.DependencyAccessorsModel                     : loaded 2 times (x 66B)
Class kotlin.text.StringsKt__StringBuilderKt                                          : loaded 2 times (x 67B)
Class kotlin.jvm.internal.CallableReference$NoReceiver                                : loaded 2 times (x 67B)
Class org.objectweb.asm.tree.MethodInsnNode                                           : loaded 2 times (x 76B)
Class com.google.common.collect.CollectCollectors                                     : loaded 2 times (x 67B)
Class org.objectweb.asm.ModuleWriter                                                  : loaded 2 times (x 78B)
Class com.google.common.cache.LocalCache$EntryFactory$3                               : loaded 2 times (x 79B)
Class com.google.common.base.Ticker$1                                                 : loaded 2 times (x 68B)
Class com.google.common.io.FileWriteMode                                              : loaded 2 times (x 75B)
Class com.google.common.collect.Maps$BiMapConverter                                   : loaded 2 times (x 86B)
Class com.amazon.ion.impl.lite.IonClobLite                                            : loaded 2 times (x 216B)
Class com.amazon.ion.impl._Private_ValueFactory                                       : loaded 2 times (x 66B)
Class com.amazon.ion.impl.bin.IonRawBinaryWriter$PreallocationMode$1                  : loaded 2 times (x 78B)
Class [Lcom.amazon.ion.impl.bin._Private_IonManagedBinaryWriterBuilder$AllocatorMode; : loaded 2 times (x 65B)
Class org.jetbrains.kotlin.idea.gradleTooling.KotlinMPPGradleModel                    : loaded 2 times (x 66B)
Class com.intellij.gradle.toolingExtension.impl.model.dependencyDownloadPolicyModel.GradleDependencyDownloadPolicy: loaded 2 times (x 66B)
Class kotlin.NoWhenBranchMatchedException                                             : loaded 2 times (x 78B)
Class org.gradle.tooling.model.BuildIdentifier                                        : loaded 2 times (x 66B)
Class com.android.builder.model.v2.ide.VectorDrawablesOptions                         : loaded 2 times (x 66B)
Class [Lcom.google.common.collect.MapMakerInternalMap$Segment;                        : loaded 2 times (x 65B)
Class com.google.common.cache.LocalCache$EntryFactory$4                               : loaded 2 times (x 79B)
Class org.gradle.internal.classloader.FilteringClassLoader                            : loaded 2 times (x 101B)
Class kotlin.NotImplementedError                                                      : loaded 2 times (x 78B)
Class com.amazon.ion.IonInt                                                           : loaded 2 times (x 66B)
Class com.amazon.ion.impl.bin.IonRawBinaryWriter$PreallocationMode$2                  : loaded 2 times (x 78B)
Class org.jetbrains.kotlin.idea.gradleTooling.PrepareKotlinIdeImportTaskModel         : loaded 2 times (x 66B)
Class com.android.builder.model.v2.ide.Edge                                           : loaded 2 times (x 66B)
Class com.google.common.io.ByteStreams$1                                              : loaded 2 times (x 81B)
Class org.apache.commons.compress.archivers.zip.ZipArchiveEntry$CommentSource         : loaded 2 times (x 75B)
Class kotlin.sequences.FlatteningSequence                                             : loaded 2 times (x 71B)
Class com.android.builder.model.v2.models.VariantDependenciesFlatList                 : loaded 2 times (x 66B)
Class com.google.common.cache.LocalCache$EntryFactory$5                               : loaded 2 times (x 79B)
Class com.amazon.ion.impl.bin.IonRawBinaryWriter$PreallocationMode$3                  : loaded 2 times (x 78B)
Class com.android.ide.gradle.model.GradlePluginModel                                  : loaded 2 times (x 66B)
Class org.gradle.tooling.model.build.JavaEnvironment                                  : loaded 2 times (x 66B)
Class kotlin.text.MatcherMatchResult                                                  : loaded 2 times (x 76B)
Class org.jetbrains.kotlin.config.JVMAssertionsMode$Companion                         : loaded 2 times (x 67B)
Class com.android.builder.model.v2.ide.SourceSetContainer                             : loaded 2 times (x 66B)
Class com.google.common.collect.HashMultimap                                          : loaded 2 times (x 170B)
Class com.google.common.cache.LocalCache$EntryFactory$6                               : loaded 2 times (x 79B)
Class org.jetbrains.plugins.gradle.model.GradleExtension                              : loaded 2 times (x 66B)
Class com.amazon.ion.impl.lite.IonDecimalLite                                         : loaded 2 times (x 184B)
Class com.amazon.ion.IonBufferConfiguration$Builder                                   : loaded 2 times (x 74B)
Class org.gradle.internal.time.Timer                                                  : loaded 2 times (x 66B)
Class kotlin.jvm.internal.markers.KMappedMarker                                       : loaded 2 times (x 66B)
Class org.gradle.internal.installation.CurrentGradleInstallationLocator               : loaded 2 times (x 67B)
Class com.google.common.collect.Maps$KeySet                                           : loaded 2 times (x 133B)
Class com.google.common.collect.ImmutableMultimap$Builder                             : loaded 2 times (x 79B)
Class com.android.builder.model.v2.ide.LintOptions                                    : loaded 2 times (x 66B)
Class org.objectweb.asm.ClassReader                                                   : loaded 2 times (x 89B)
Class org.apache.commons.compress.archivers.zip.X5455_ExtendedTimestamp               : loaded 2 times (x 101B)
Class com.google.common.cache.LocalCache$EntryFactory$7                               : loaded 2 times (x 79B)
Class com.google.common.collect.ImmutableSet$EmptySetBuilderImpl                      : loaded 2 times (x 72B)
Class kotlin.text.MatchGroupCollection                                                : loaded 2 times (x 66B)
Class com.amazon.ion.impl.bin.IonRawBinaryWriter$PatchList$1                          : loaded 2 times (x 79B)
Class [Lcom.amazon.ion.impl.bin.IonRawBinaryWriter$ContainerType;                     : loaded 2 times (x 65B)
Class org.gradle.tooling.internal.adapter.ProtocolToModelAdapter$ViewGraphDetails     : loaded 2 times (x 68B)
Class org.gradle.tooling.model.idea.IdeaProject                                       : loaded 2 times (x 66B)
Class org.gradle.tooling.model.DomainObjectSet                                        : loaded 2 times (x 66B)
Class org.gradle.internal.service.DefaultServiceLocator                               : loaded 2 times (x 79B)
Class com.google.common.collect.ImmutableMultimap$EntryCollection                     : loaded 2 times (x 123B)
Class org.objectweb.asm.tree.JumpInsnNode                                             : loaded 2 times (x 75B)
Class com.android.builder.model.v2.ide.BasicArtifact                                  : loaded 2 times (x 66B)
Class com.google.common.collect.Maps$EntrySet                                         : loaded 2 times (x 132B)
Class kotlin.text.StringsKt__StringsKt                                                : loaded 2 times (x 67B)
Class org.jetbrains.kotlin.util.capitalizeDecapitalize.CapitalizeDecapitalizeKt       : loaded 2 times (x 67B)
Class com.google.common.cache.LocalCache$EntryFactory$8                               : loaded 2 times (x 79B)
Class org.jetbrains.plugins.gradle.tooling.serialization.internal.IdeaProjectSerializationService$ReadContext: loaded 2 times (x 68B)
Class jdk.internal.jrtfs.JrtDirectoryStream                                           : loaded 2 times (x 85B)
Class com.amazon.ion.impl.bin.utf8.Utf8StringEncoder$Result                           : loaded 2 times (x 70B)
Class com.amazon.ion.impl.bin.utf8.Pool$Allocator                                     : loaded 2 times (x 66B)
Class com.amazon.ion.IonText                                                          : loaded 2 times (x 66B)
Class com.amazon.ion.impl.SymbolTokenImpl                                             : loaded 2 times (x 77B)
Class com.amazon.ion.SubstituteSymbolTableException                                   : loaded 2 times (x 80B)
Class kotlin.coroutines.jvm.internal.SuspendFunction                                  : loaded 2 times (x 66B)
Class org.gradle.util.GradleVersion                                                   : loaded 2 times (x 79B)
Class org.gradle.internal.installation.CurrentGradleInstallation                      : loaded 2 times (x 69B)
Class com.google.common.cache.CacheLoader$1                                           : loaded 2 times (x 71B)
Class com.amazon.ion.impl.bin.IonManagedBinaryWriter$UserState$1                      : loaded 2 times (x 81B)
Class com.google.common.base.Equivalence$Identity                                     : loaded 2 times (x 78B)
Class com.amazon.ion.impl.bin.IonManagedBinaryWriter$ImportDescriptor                 : loaded 2 times (x 72B)
Class com.amazon.ion.SymbolTable                                                      : loaded 2 times (x 66B)
Class org.jetbrains.plugins.gradle.tooling.serialization.GradleExtensionsSerializationService$WriteContext: loaded 2 times (x 68B)
Class com.intellij.gradle.toolingExtension.impl.model.taskModel.GradleTaskSerialisationService$Companion: loaded 2 times (x 67B)
Class [Lkotlin.collections.State;                                                     : loaded 2 times (x 65B)
Class kotlin.jvm.internal.Ref$BooleanRef                                              : loaded 2 times (x 67B)
Class kotlin.jvm.internal.StringCompanionObject                                       : loaded 2 times (x 67B)
Class kotlin.coroutines.intrinsics.IntrinsicsKt__IntrinsicsJvmKt                      : loaded 2 times (x 67B)
Class kotlin.coroutines.jvm.internal.CoroutineStackFrame                              : loaded 2 times (x 66B)
Class org.gradle.tooling.internal.adapter.ProtocolToModelAdapter$MethodInvocationCache$MethodInvocationKey: loaded 2 times (x 69B)
Class org.gradle.util.internal.GUtil                                                  : loaded 2 times (x 67B)
Class com.google.common.io.ByteSource                                                 : loaded 2 times (x 80B)
Class com.google.common.util.concurrent.AbstractFuture$SetFuture                      : loaded 2 times (x 71B)
Class com.android.utils.StringHelper                                                  : loaded 2 times (x 67B)
Class com.google.common.cache.AbstractCache$StatsCounter                              : loaded 2 times (x 66B)
Class [Lcom.amazon.ion.impl.bin.IonManagedBinaryWriter$SymbolState;                   : loaded 2 times (x 65B)
Class com.amazon.ion.impl._Private_IonWriterBase                                      : loaded 2 times (x 158B)
Class com.amazon.ion.system.IonSystemBuilder                                          : loaded 2 times (x 71B)
Class com.amazon.ion.IonCatalog                                                       : loaded 2 times (x 66B)
Class com.intellij.gradle.toolingExtension.impl.model.sourceSetModel.GradleSourceSetSerialisationService$SourceSetModelReadContext: loaded 2 times (x 68B)
Class com.intellij.gradle.toolingExtension.impl.model.utilTurnOffDefaultTasksModel.TurnOffDefaultTasks: loaded 2 times (x 66B)
Class kotlin.io.NoSuchFileException                                                   : loaded 2 times (x 78B)
Class kotlin.collections.CollectionsKt                                                : loaded 2 times (x 67B)
Class com.google.common.collect.MapMakerInternalMap$1                                 : loaded 2 times (x 79B)
Class com.android.builder.model.v2.dsl.BuildType                                      : loaded 2 times (x 66B)
Class org.objectweb.asm.Context                                                       : loaded 2 times (x 68B)
Class org.objectweb.asm.tree.TypeAnnotationNode                                       : loaded 2 times (x 77B)
Class org.apache.commons.compress.archivers.zip.AbstractUnicodeExtraField             : loaded 2 times (x 89B)
Class org.apache.commons.compress.archivers.zip.Zip64RequiredException                : loaded 2 times (x 78B)
Class com.google.common.io.LineBuffer                                                 : loaded 2 times (x 71B)
Class com.google.common.base.PairwiseEquivalence                                      : loaded 2 times (x 79B)
Class com.google.common.io.LineReader                                                 : loaded 2 times (x 68B)
Class com.intellij.gradle.toolingExtension.impl.model.sourceSetModel.GradleSourceSetSerialisationService$SourceSetModelWriteContext: loaded 2 times (x 68B)
Class kotlin.collections.AbstractIterator$WhenMappings                                : loaded 2 times (x 67B)
Class kotlin.ranges.IntProgressionIterator                                            : loaded 2 times (x 78B)
Class kotlin.coroutines.CoroutineContext                                              : loaded 2 times (x 66B)
Class kotlin.coroutines.jvm.internal.DebugProbesKt                                    : loaded 2 times (x 67B)
Class org.gradle.tooling.internal.adapter.WeakIdentityHashMap                         : loaded 2 times (x 72B)
Class org.gradle.tooling.GradleConnectionException                                    : loaded 2 times (x 78B)
Class org.gradle.tooling.internal.adapter.ProtocolToModelAdapter$1                    : loaded 2 times (x 71B)
Class org.gradle.tooling.internal.adapter.ProtocolToModelAdapter$ViewDecoration       : loaded 2 times (x 66B)
Class org.gradle.internal.installation.GradleInstallation                             : loaded 2 times (x 71B)
Class org.jetbrains.kotlin.config.LanguageFeature$State                               : loaded 2 times (x 78B)
Class org.apache.commons.compress.archivers.zip.ZipMethod                             : loaded 2 times (x 75B)
Class org.apache.commons.compress.archivers.zip.ZipSplitOutputStream                  : loaded 2 times (x 85B)
Class org.apache.commons.compress.archivers.zip.UnparseableExtraFieldBehavior         : loaded 2 times (x 66B)
Class com.intellij.gradle.toolingExtension.impl.model.sourceSetDependencyModel.GradleSourceSetDependencySerialisationService$SourceSetDependencyModelWriteContext: loaded 2 times (x 68B)
Class com.android.builder.model.v2.ide.ViewBindingOptions                             : loaded 2 times (x 66B)
Class com.google.common.base.Splitter$Strategy                                        : loaded 2 times (x 66B)
Class jdk.internal.jimage.decompressor.ResourceDecompressor$StringsProvider           : loaded 2 times (x 66B)
Class com.amazon.ion.impl.lite.ContainerlessContext                                   : loaded 2 times (x 76B)
Class org.jetbrains.plugins.gradle.tooling.serialization.GradleExtensionsSerializationService$ReadContext: loaded 2 times (x 68B)
Class org.gradle.tooling.internal.adapter.MethodInvoker                               : loaded 2 times (x 66B)
Class com.android.ide.common.gradle.Part                                              : loaded 2 times (x 73B)
Class com.google.common.collect.Lists$RandomAccessReverseList                         : loaded 2 times (x 196B)
Class com.amazon.ion.UnexpectedEofException                                           : loaded 2 times (x 80B)
Class com.amazon.ion.IonSexp                                                          : loaded 2 times (x 66B)
Class com.amazon.ion.impl._Private_LocalSymbolTable                                   : loaded 2 times (x 66B)
Class com.amazon.ion.BufferConfiguration$DataHandler                                  : loaded 2 times (x 66B)
Class com.amazon.ion.ReadOnlyValueException                                           : loaded 2 times (x 80B)
Class com.amazon.ion.impl._Private_IonBinaryWriterBuilder                             : loaded 2 times (x 105B)
Class org.jetbrains.plugins.gradle.tooling.serialization.RepositoriesModelSerializationService$WriteContext: loaded 2 times (x 68B)
Class com.android.ide.gradle.model.LegacyAndroidGradlePluginProperties                : loaded 2 times (x 66B)
Class kotlin.ranges.IntProgression                                                    : loaded 2 times (x 77B)
Class kotlin.jvm.KotlinReflectionNotSupportedError                                    : loaded 2 times (x 78B)
Class org.gradle.tooling.model.gradle.GradleScript                                    : loaded 2 times (x 66B)

---------------  S Y S T E M  ---------------

OS:
 Windows 11 , 64 bit Build 26100 (10.0.26100.3037)
OS uptime: 1 days 3:43 hours
Hyper-V role detected

CPU: total 16 (initial active 16) (16 cores per cpu, 2 threads per core) family 25 model 80 stepping 0 microcode 0xa50000f, cx8, cmov, fxsr, ht, mmx, 3dnowpref, sse, sse2, sse3, ssse3, sse4a, sse4.1, sse4.2, popcnt, lzcnt, tsc, tscinvbit, avx, avx2, aes, erms, clmul, bmi1, bmi2, adx, sha, fma, vzeroupper, clflush, clflushopt, hv, rdtscp, rdpid, fsrm, f16c, cet_ss
Processor Information for processor 0
  Max Mhz: 2000, Current Mhz: 2000, Mhz Limit: 2000
Processor Information for processor 1
  Max Mhz: 2000, Current Mhz: 2000, Mhz Limit: 2000
Processor Information for processor 2
  Max Mhz: 2000, Current Mhz: 1808, Mhz Limit: 2000
Processor Information for processor 3
  Max Mhz: 2000, Current Mhz: 2000, Mhz Limit: 2000
Processor Information for processor 4
  Max Mhz: 2000, Current Mhz: 2000, Mhz Limit: 2000
Processor Information for processor 5
  Max Mhz: 2000, Current Mhz: 2000, Mhz Limit: 2000
Processor Information for processor 6
  Max Mhz: 2000, Current Mhz: 2000, Mhz Limit: 2000
Processor Information for processor 7
  Max Mhz: 2000, Current Mhz: 2000, Mhz Limit: 2000
Processor Information for processor 8
  Max Mhz: 2000, Current Mhz: 2000, Mhz Limit: 2000
Processor Information for processor 9
  Max Mhz: 2000, Current Mhz: 1808, Mhz Limit: 2000
Processor Information for processor 10
  Max Mhz: 2000, Current Mhz: 2000, Mhz Limit: 2000
Processor Information for processor 11
  Max Mhz: 2000, Current Mhz: 2000, Mhz Limit: 2000
Processor Information for processor 12
  Max Mhz: 2000, Current Mhz: 2000, Mhz Limit: 2000
Processor Information for processor 13
  Max Mhz: 2000, Current Mhz: 1808, Mhz Limit: 2000
Processor Information for processor 14
  Max Mhz: 2000, Current Mhz: 1808, Mhz Limit: 2000
Processor Information for processor 15
  Max Mhz: 2000, Current Mhz: 2000, Mhz Limit: 2000

Memory: 4k page, system-wide physical 15711M (3249M free)
TotalPageFile size 18143M (AvailPageFile size 2187M)
current process WorkingSet (physical memory assigned to process): 2011M, peak: 2064M
current process commit charge ("private bytes"): 2068M, peak: 2124M

vm_info: OpenJDK 64-Bit Server VM (21.0.5+-13047016-b750.29) for windows-amd64 JRE (21.0.5+-13047016-b750.29), built on 2025-02-11T21:12:39Z by "builder" with MS VC++ 16.10 / 16.11 (VS2019)

END.
