#
# A fatal error has been detected by the Java Runtime Environment:
#
#  EXCEPTION_ACCESS_VIOLATION (0xc0000005) at pc=0x000002ac6c8a4553, pid=12960, tid=17996
#
# JRE version: OpenJDK Runtime Environment (21.0.5) (build 21.0.5+-13047016-b750.29)
# Java VM: OpenJDK 64-Bit Server VM (21.0.5+-13047016-b750.29, mixed mode, tiered, compressed oops, compressed class ptrs, g1 gc, windows-amd64)
# Problematic frame:
# J 11091 c2 com.google.common.collect.ImmutableSortedSet.copyOf(Ljava/util/Collection;)Lcom/google/common/collect/ImmutableSortedSet; (10 bytes) @ 0x000002ac6c8a4553 [0x000002ac6c8a4380+0x00000000000001d3]
#
# No core dump will be written. Minidumps are not enabled by default on client versions of Windows
#
# If you would like to submit a bug report, please visit:
#   https://youtrack.jetbrains.com/issues/JBR
#

---------------  S U M M A R Y ------------

Command Line: --add-opens=java.base/java.util=ALL-UNNAMED --add-opens=java.base/java.lang=ALL-UNNAMED --add-opens=java.base/java.lang.invoke=ALL-UNNAMED --add-opens=java.prefs/java.util.prefs=ALL-UNNAMED --add-exports=jdk.compiler/com.sun.tools.javac.api=ALL-UNNAMED --add-exports=jdk.compiler/com.sun.tools.javac.util=ALL-UNNAMED --add-opens=java.base/java.nio.charset=ALL-UNNAMED --add-opens=java.base/java.net=ALL-UNNAMED --add-opens=java.base/java.util.concurrent.atomic=ALL-UNNAMED -Xmx2048m -Dfile.encoding=UTF-8 -Duser.country=MX -Duser.language=es -Duser.variant -javaagent:C:\Users\herna\.gradle\wrapper\dists\gradle-8.9-bin\90cnw93cvbtalezasaz0blq0a\gradle-8.9\lib\agents\gradle-instrumentation-agent-8.9.jar org.gradle.launcher.daemon.bootstrap.GradleDaemon 8.9

Host: AMD Ryzen 7 7730U with Radeon Graphics         , 16 cores, 15G,  Windows 11 , 64 bit Build 26100 (10.0.26100.3037)
Time: Mon Mar  3 18:27:23 2025 Hora estándar central (México) elapsed time: 36.161699 seconds (0d 0h 0m 36s)

---------------  T H R E A D  ---------------

Current thread (0x000002ac00811050):  JavaThread "Daemon worker"        [_thread_in_Java, id=17996, stack(0x000000ea29c00000,0x000000ea29d00000) (1024K)]

Stack: [0x000000ea29c00000,0x000000ea29d00000],  sp=0x000000ea29cf78b0,  free space=990k
Native frames: (J=compiled Java code, j=interpreted, Vv=VM code, C=native code)
C  0x000002ac6c8a4553

The last pc belongs to nmethod (printed below).

siginfo: EXCEPTION_ACCESS_VIOLATION (0xc0000005), reading address 0x000000000020000c


Registers:
RAX=0x0000000000000000, RBX=0x000000009c375db8, RCX=0xffffffffffffffff, RDX=0x000000009c36ca18
RSP=0x000000ea29cf78b0, RBP=0x000000009c36ca28, RSI=0x0000000000004c85, RDI=0x0000000000200000
R8 =0x0000000000000000, R9 =0x000000009c36ca18, R10=0x0000000000000010, R11=0x0000000000200000
R12=0x0000000000000000, R13=0x00000000fffffff2, R14=0x0000000000000000, R15=0x000002ac00811050
RIP=0x000002ac6c8a4553, EFLAGS=0x0000000000010206


Register to memory mapping:

RAX=0x0 is null
RBX=0x000000009c375db8 is an oop: [Ljava.lang.Object; 
{0x000000009c375db8} - klass: 'java/lang/Object'[]
 - length: 0
RCX=0xffffffffffffffff is an unknown value
RDX=0x000000009c36ca18 is an oop: java.util.TreeSet 
{0x000000009c36ca18} - klass: 'java/util/TreeSet'
 - ---- fields (total size 2 words):
 - private transient 'm' 'Ljava/util/NavigableMap;' @12  a 'java/util/TreeMap'{0x000000009c36ca28} (0x9c36ca28)
RSP=0x000000ea29cf78b0 is pointing into the stack for thread: 0x000002ac00811050
RBP=0x000000009c36ca28 is an oop: java.util.TreeMap 
{0x000000009c36ca28} - klass: 'java/util/TreeMap'
 - ---- fields (total size 6 words):
 - transient 'keySet' 'Ljava/util/Set;' @12  null (0x00000000)
 - transient 'values' 'Ljava/util/Collection;' @16  null (0x00000000)
 - private transient 'size' 'I' @20  0 (0x00000000)
 - private transient 'modCount' 'I' @24  0 (0x00000000)
 - private final 'comparator' 'Ljava/util/Comparator;' @28  null (0x00000000)
 - private transient 'root' 'Ljava/util/TreeMap$Entry;' @32  null (0x00000000)
 - private transient 'entrySet' 'Ljava/util/TreeMap$EntrySet;' @36  null (0x00000000)
 - private transient 'navigableKeySet' 'Ljava/util/TreeMap$KeySet;' @40  
[error occurred during error reporting (printing register info), id 0xc0000005, EXCEPTION_ACCESS_VIOLATION (0xc0000005) at pc=0x00007ff88ca2ad62]
RSI=0x0000000000004c85 is an unknown value
RDI=0x0000000000200000 is an unknown value
R8 =0x0 is null
R9 =0x000000009c36ca18 is an oop: java.util.TreeSet 
{0x000000009c36ca18} - klass: 'java/util/TreeSet'
 - ---- fields (total size 2 words):
 - private transient 'm' 'Ljava/util/NavigableMap;' @12  a 'java/util/TreeMap'{0x000000009c36ca28} (0x9c36ca28)
R10=0x0000000000000010 is an unknown value
R11=0x0000000000200000 is an unknown value
R12=0x0 is null
R13=0x00000000fffffff2 is pointing into object: [Ljdk.internal.vm.FillerElement; 
{0x00000000ffffff88} - klass: {type array int}
 - length: 26
R14=0x0 is null
R15=0x000002ac00811050 is a thread

Top of Stack: (sp=0x000000ea29cf78b0)
0x000000ea29cf78b0:   000000009c375540 000002ac6ca8f230
0x000000ea29cf78c0:   000000009c375d78 000002ac6bdc821e
0x000000ea29cf78d0:   0000000000000000 000000009c36b738
0x000000ea29cf78e0:   0000000000000000 000000009c3759d8
0x000000ea29cf78f0:   000000009c3759e8 000000009c375da0
0x000000ea29cf7900:   000002ac6bdc8160 000002ac00811050
0x000000ea29cf7910:   0000000000000000 000002ac6cc36004
0x000000ea29cf7920:   0000000000000000 000000009c375da0
0x000000ea29cf7930:   000000009c375d60 000000005a292873
0x000000ea29cf7940:   0000000000000014 000002ac6c5b5552
0x000000ea29cf7950:   000000119c36a9a8 000000009c36c9b0
0x000000ea29cf7960:   9c36b7389c36b638 000000009c36a988
0x000000ea29cf7970:   0000000000000000 000000009c375d08
0x000000ea29cf7980:   000000009c375d40 0000000000000000
0x000000ea29cf7990:   000000009c374970 000000009c375d40
0x000000ea29cf79a0:   9c36a7d800000000 0000000100000001
0x000000ea29cf79b0:   0000000000000000 000002ac65904954
0x000000ea29cf79c0:   000000009c36a2e8 000002ac6cd561c0
0x000000ea29cf79d0:   0000000000000000 0000000600000008
0x000000ea29cf79e0:   0000000000000001 000002ac6c844088
0x000000ea29cf79f0:   80aa810800000000 9c36a7d880717fb8
0x000000ea29cf7a00:   000000009c374458 000000ea29cf7a08
0x000000ea29cf7a10:   000002ac7eb7f34f 0000000000000007
0x000000ea29cf7a20:   000000009c36ae10 000002ac6ccfadb4
0x000000ea29cf7a30:   000000009c374a50 000002ac6c8a4910
0x000000ea29cf7a40:   0000000000000000 000000009e76cb20
0x000000ea29cf7a50:   000000009c36a988 000000009c36a988
0x000000ea29cf7a60:   000000009c36c9b0 000000009c375c58
0x000000ea29cf7a70:   000000009c36aa00 000000009c375cc8
0x000000ea29cf7a80:   000000009c375d08 000000009c36a9c0
0x000000ea29cf7a90:   000000009c375d78 000002ac6bd989c0
0x000000ea29cf7aa0:   0000000000000000 000002ac6c950098 

Instructions: (pc=0x000002ac6c8a4553)
0x000002ac6c8a4453:   0c 41 0f 18 83 40 01 00 00 41 0f 18 83 80 01 00
0x000002ac6c8a4463:   00 48 c1 e9 03 48 83 c1 fe 48 33 c0 48 83 f9 08
0x000002ac6c8a4473:   7f 10 48 ff c9 78 4f 48 89 04 cf 48 ff c9 7d f7
0x000002ac6c8a4483:   eb 44 c5 fd ef c0 e9 0d 00 00 00 c5 fe 7f 07 c5
0x000002ac6c8a4493:   fe 7f 47 20 48 83 c7 40 48 83 e9 08 7d ed 48 83
0x000002ac6c8a44a3:   c1 04 7c 0c c5 fe 7f 07 48 83 c7 20 48 83 e9 04
0x000002ac6c8a44b3:   48 83 c1 04 7e 10 48 ff c9 c5 f9 d6 07 48 83 c7
0x000002ac6c8a44c3:   08 48 ff c9 7d f3 44 8b 5d 28 45 85 db 0f 85 06
0x000002ac6c8a44d3:   02 00 00 49 8b bf b8 01 00 00 4c 8b d7 49 83 c2
0x000002ac6c8a44e3:   10 4d 3b 97 c8 01 00 00 0f 83 39 09 00 00 4d 89
0x000002ac6c8a44f3:   97 b8 01 00 00 41 0f 18 82 00 01 00 00 48 c7 07
0x000002ac6c8a4503:   01 00 00 00 c7 47 08 6a 50 01 20 4c 8b dd 44 89
0x000002ac6c8a4513:   5f 0c 41 80 7f 40 00 0f 85 e5 07 00 00 4c 8b df
0x000002ac6c8a4523:   44 89 5d 28 4c 8b d5 4c 8b df 4d 33 da 49 c1 eb
0x000002ac6c8a4533:   14 4d 85 db 74 1a 49 c1 ea 09 48 b9 00 00 82 74
0x000002ac6c8a4543:   ac 02 00 00 49 03 ca 80 39 02 0f 85 e5 07 00 00
0x000002ac6c8a4553:   44 8b 47 0c 45 8b 50 08 41 81 fa 2b 4f 01 20 0f
0x000002ac6c8a4563:   85 ac 0d 00 00 49 8b 87 b8 01 00 00 4c 8b d0 49
0x000002ac6c8a4573:   83 c2 20 49 8b e8 4d 3b 97 c8 01 00 00 0f 83 7c
0x000002ac6c8a4583:   08 00 00 4d 89 97 b8 01 00 00 41 0f 18 82 00 01
0x000002ac6c8a4593:   00 00 48 c7 00 01 00 00 00 c7 40 08 b1 51 01 20
0x000002ac6c8a45a3:   44 89 60 0c 4c 89 60 10 4c 89 60 18 48 8b f0 44
0x000002ac6c8a45b3:   8b 45 20 45 85 c0 0f 84 02 05 00 00 45 8b 58 18
0x000002ac6c8a45c3:   45 85 db 74 27 49 bd 00 00 82 74 ac 02 00 00 4d
0x000002ac6c8a45d3:   8b 87 50 04 00 00 41 85 00 45 8b 53 18 45 85 d2
0x000002ac6c8a45e3:   74 05 45 8b da eb e8 4d 8b f3 eb 0d 4d 8b f0 49
0x000002ac6c8a45f3:   bd 00 00 82 74 ac 02 00 00 49 8b fe 4c 8b c6 44
0x000002ac6c8a4603:   8b 54 24 20 44 89 54 24 30 4c 8b dd 44 89 5e 18
0x000002ac6c8a4613:   41 ff ca 44 89 54 24 20 4c 8b d5 4d 33 d0 49 c1
0x000002ac6c8a4623:   ea 14 4d 85 d2 74 1a 49 c1 e8 09 48 b9 00 00 82
0x000002ac6c8a4633:   74 ac 02 00 00 49 03 c8 80 39 02 0f 85 25 06 00
0x000002ac6c8a4643:   00 41 80 7f 40 00 0f 85 b4 05 00 00 41 80 7f 40 


Stack slot to memory mapping:

stack at sp + 0 slots: 0x000000009c375540 is an oop: org.objectweb.asm.MethodWriter 
{0x000000009c375540} - klass: 'org/objectweb/asm/MethodWriter'
 - ---- fields (total size 28 words):
 - protected final 'api' 'I' @12  589824 (0x00090000)
 - protected 'mv' 'Lorg/objectweb/asm/MethodVisitor;' @16  a 'org/objectweb/asm/MethodWriter'{0x000000009c3759e8} (0x9c3759e8)
 - private final 'accessFlags' 'I' @20  262273 (0x00040081)
 - private final 'nameIndex' 'I' @24  11 (0x0000000b)
 - private final 'descriptorIndex' 'I' @28  19 (0x00000013)
 - private 'maxStack' 'I' @32  1 (0x00000001)
 - private 'maxLocals' 'I' @36  2 (0x00000002)
 - private 'lineNumberTableLength' 'I' @40  0 (0x00000000)
 - private 'localVariableTableLength' 'I' @44  0 (0x00000000)
 - private 'localVariableTypeTableLength' 'I' @48  0 (0x00000000)
 - private 'stackMapTableNumberOfEntries' 'I' @52  0 (0x00000000)
 - private final 'numberOfExceptions' 'I' @56  0 (0x00000000)
 - private final 'signatureIndex' 'I' @60  0 (0x00000000)
 - private 'visibleAnnotableParameterCount' 'I' @64  0 (0x00000000)
 - private 'invisibleAnnotableParameterCount' 'I' @68  0 (0x00000000)
 - private 'parametersCount' 'I' @72  0 (0x00000000)
 - private final 'compute' 'I' @76  1 (0x00000001)
 - private 'relativeStackSize' 'I' @80  1 (0x00000001)
 - private 'maxRelativeStackSize' 'I' @84  1 (0x00000001)
 - private 'currentLocals' 'I' @88  2 (0x00000002)
 - private 'previousFrameOffset' 'I' @92  0 (0x00000000)
 - private 'lastBytecodeOffset' 'I' @96  3 (0x00000003)
 - private 'sourceOffset' 'I' @100  0 (0x00000000)
 - private 'sourceLength' 'I' @104  0 (0x00000000)
 - private 'hasSubroutines' 'Z' @108  false (0x00)
 - private 'hasAsmInstructions' 'Z' @109  false (0x00)
 - private final 'symbolTable' 'Lorg/objectweb/asm/SymbolTable;' @112  a 'org/objectweb/asm/SymbolTable'{0x000000009c36a380} (0x9c36a380)
 - private final 'name' 'Ljava/lang/String;' @116  "<init>"{0x000000009c36c438} (0x9c36c438)
 - private final 'descriptor' 'Ljava/lang/String;' @120  "([I)V"{0x000000009c36b570} (0x9c36b570)
 - private final 'code' 'Lorg/objectweb/asm/ByteVector;' @124  a 'org/objectweb/asm/ByteVector'{0x000000009c375620} (0x9c375620)
 - private 'firstHandler' 'Lorg/objectweb/asm/Handler;' @128  null (0x00000000)
 - private 'lastHandler' 'Lorg/objectweb/asm/Handler;' @132  null (0x00000000)
 - private 'lineNumberTable' 'Lorg/objectweb/asm/ByteVector;' @136  null (0x00000000)
 - private 'localVariableTable' 'Lorg/objectweb/asm/ByteVector;' @140  null (0x00000000)
 - private 'localVariableTypeTable' 'Lorg/objectweb/asm/ByteVector;' @144  null (0x00000000)
 - private 'stackMapTableEntries' 'Lorg/objectweb/asm/ByteVector;' @148  null (0x00000000)
 - private 'lastCodeRuntimeVisibleTypeAnnotation' 'Lorg/objectweb/asm/AnnotationWriter;' @152  null (0x00000000)
 - private 'lastCodeRuntimeInvisibleTypeAnnotation' 'Lorg/objectweb/asm/AnnotationWriter;' @156  null (0x00000000)
 - private 'firstCodeAttribute' 'Lorg/objectweb/asm/Attribute;' @160  null (0x00000000)
 - private final 'exceptionIndexTable' '[I' @164  null (0x00000000)
 - private 'lastRuntimeVisibleAnnotation' 'Lorg/objectweb/asm/AnnotationWriter;' @168  null (0x00000000)
 - private 'lastRuntimeInvisibleAnnotation' 'Lorg/objectweb/asm/AnnotationWriter;' @172  null (0x00000000)
 - private 'lastRuntimeVisibleParameterAnnotations' '[Lorg/objectweb/asm/AnnotationWriter;' @176  null (0x00000000)
 - private 'lastRuntimeInvisibleParameterAnnotations' '[Lorg/objectweb/asm/AnnotationWriter;' @180  a 'org/objectweb/asm/AnnotationWriter'[1] {0x000000009c3757c8} (0x9c3757c8)
 - private 'lastRuntimeVisibleTypeAnnotation' 'Lorg/objectweb/asm/AnnotationWriter;' @184  null (0x00000000)
 - private 'lastRuntimeInvisibleTypeAnnotation' 'Lorg/objectweb/asm/AnnotationWriter;' @188  null (0x00000000)
 - private 'defaultValue' 'Lorg/objectweb/asm/ByteVector;' @192  null (0x00000000)
 - private 'parameters' 'Lorg/objectweb/asm/ByteVector;' @196  null (0x00000000)
 - private 'firstAttribute' 'Lorg/objectweb/asm/Attribute;' @200  null (0x00000000)
 - private 'firstBasicBlock' 'Lorg/objectweb/asm/Label;' @204  a 'org/objectweb/asm/Label'{0x000000009c3756c0} (0x9c3756c0)
 - private 'lastBasicBlock' 'Lorg/objectweb/asm/Label;' @208  a 'org/objectweb/asm/Label'{0x000000009c3756c0} (0x9c3756c0)
 - private 'currentBasicBlock' 'Lorg/objectweb/asm/Label;' @212  null (0x00000000)
 - private 'previousFrame' '[I' @216  null (0x00000000)
 - private 'currentFrame' '[I' @220  null (0x00000000)
stack at sp + 1 slots: 0x000002ac6ca8f230 is at entry_point+80 in (nmethod*)0x000002ac6ca8ef90
Compiled method (c2) 36198 11200       4       org.gradle.internal.normalization.java.impl.ApiMemberWriter::writeAnnotationValues (45 bytes)
 total in heap  [0x000002ac6ca8ef90,0x000002ac6ca90048] = 4280
 relocation     [0x000002ac6ca8f0f0,0x000002ac6ca8f1d8] = 232
 main code      [0x000002ac6ca8f1e0,0x000002ac6ca8f9a8] = 1992
 stub code      [0x000002ac6ca8f9a8,0x000002ac6ca8f9e0] = 56
 oops           [0x000002ac6ca8f9e0,0x000002ac6ca8f9e8] = 8
 metadata       [0x000002ac6ca8f9e8,0x000002ac6ca8fb28] = 320
 scopes data    [0x000002ac6ca8fb28,0x000002ac6ca8fd48] = 544
 scopes pcs     [0x000002ac6ca8fd48,0x000002ac6ca8ff28] = 480
 dependencies   [0x000002ac6ca8ff28,0x000002ac6ca8ff78] = 80
 handler table  [0x000002ac6ca8ff78,0x000002ac6ca8fff0] = 120
 nul chk table  [0x000002ac6ca8fff0,0x000002ac6ca90048] = 88
stack at sp + 2 slots: 0x000000009c375d78 is an oop: java.lang.String 
{0x000000009c375d78} - klass: 'java/lang/String'
 - string: "isStrictSemantics()Z"
 - ---- fields (total size 3 words):
 - private 'hash' 'I' @12  0 (0x00000000)
 - private final 'coder' 'B' @16  0 (0x00)
 - private 'hashIsZero' 'Z' @17  false (0x00)
 - injected 'flags' 'B' @18  0 (0x00)
 - private final 'value' '[B' @20  [B{0x000000009c375d90} (0x9c375d90)
stack at sp + 3 slots: 0x000002ac6bdc821e is at begin+190 in a stub
StubRoutines::jlong_disjoint_arraycopy [0x000002ac6bdc8160, 0x000002ac6bdc830f] (431 bytes)
stack at sp + 4 slots: 0x0 is null
stack at sp + 5 slots: 0x000000009c36b738 is an oop: java.lang.String 
{0x000000009c36b738} - klass: 'java/lang/String'
 - string: "()Z"
 - ---- fields (total size 3 words):
 - private 'hash' 'I' @12  39801 (0x00009b79)
 - private final 'coder' 'B' @16  0 (0x00)
 - private 'hashIsZero' 'Z' @17  false (0x00)
 - injected 'flags' 'B' @18  0 (0x00)
 - private final 'value' '[B' @20  [B{0x000000009c36b750} (0x9c36b750)
stack at sp + 6 slots: 0x0 is null
stack at sp + 7 slots: 0x000000009c3759d8 is an oop: [Ljava.lang.String; 
{0x000000009c3759d8} - klass: 'java/lang/String'[]
 - length: 0


Compiled method (c2) 36201 11091       4       com.google.common.collect.ImmutableSortedSet::copyOf (10 bytes)
 total in heap  [0x000002ac6c8a4110,0x000002ac6c8a5d48] = 7224
 relocation     [0x000002ac6c8a4270,0x000002ac6c8a4368] = 248
 main code      [0x000002ac6c8a4380,0x000002ac6c8a53e0] = 4192
 stub code      [0x000002ac6c8a53e0,0x000002ac6c8a5430] = 80
 oops           [0x000002ac6c8a5430,0x000002ac6c8a5440] = 16
 metadata       [0x000002ac6c8a5440,0x000002ac6c8a5620] = 480
 scopes data    [0x000002ac6c8a5620,0x000002ac6c8a5a00] = 992
 scopes pcs     [0x000002ac6c8a5a00,0x000002ac6c8a5be0] = 480
 dependencies   [0x000002ac6c8a5be0,0x000002ac6c8a5c60] = 128
 handler table  [0x000002ac6c8a5c60,0x000002ac6c8a5d20] = 192
 nul chk table  [0x000002ac6c8a5d20,0x000002ac6c8a5d48] = 40

[Constant Pool (empty)]

[MachCode]
[Verified Entry Point]
  # {method} {0x000002ac7c7c2ee8} 'copyOf' '(Ljava/util/Collection;)Lcom/google/common/collect/ImmutableSortedSet;' in 'com/google/common/collect/ImmutableSortedSet'
  # parm0:    rdx:rdx   = 'java/util/Collection'
  #           [sp+0x70]  (sp of caller)
  0x000002ac6c8a4380: 8984 2400 | 80ff ff55 | 4883 ec60 | 4181 7f20 | 2900 0000 | 0f85 3710 | 0000 448b 

  0x000002ac6c8a439c: ;   {metadata('java/util/TreeSet')}
  0x000002ac6c8a439c: 5a08 4181 | fb9c 4d01 | 200f 854d | 0f00 004c | 8bc2 458b | 580c 458b 

  0x000002ac6c8a43b4: ;   {metadata('java/util/TreeMap')}
  0x000002ac6c8a43b4: 5308 4181 | fa2b 4f01 | 200f 8508 | 0d00 0049 | 8beb 448b | 5d1c 4585 | db0f 8515 | 0d00 0044 
  0x000002ac6c8a43d4: 8b55 1444 | 8954 2420 | 4181 fa00 | 0004 000f | 87da 0c00 | 004d 63d2 | 448b 5c24 | 2041 81fb 
  0x000002ac6c8a43f4: 0000 0400 | 0f87 b609 | 0000 498b | 9fb8 0100 | 004a 8d0c | 9517 0000 | 004c 8bd1 | 4983 e2f8 
  0x000002ac6c8a4414: 4c8b db4d | 03da 4d3b | 9fc8 0100 | 000f 838d | 0900 004d | 899f b801 | 0000 488b | fb48 83c7 
  0x000002ac6c8a4434: 1048 c703 | 0100 0000 | 410f 1883 | 0001 0000 

  0x000002ac6c8a4444: ;   {metadata('java/lang/Object'[])}
  0x000002ac6c8a4444: c743 08ac | b600 2044 | 8b44 2420 | 4489 430c | 410f 1883 | 4001 0000 | 410f 1883 | 8001 0000 
  0x000002ac6c8a4464: 48c1 e903 | 4883 c1fe | 4833 c048 | 83f9 087f | 1048 ffc9 | 784f 4889 | 04cf 48ff | c97d f7eb 
  0x000002ac6c8a4484: 44c5 fdef | c0e9 0d00 | 0000 c5fe | 7f07 c5fe | 7f47 2048 | 83c7 4048 | 83e9 087d | ed48 83c1 
  0x000002ac6c8a44a4: 047c 0cc5 | fe7f 0748 | 83c7 2048 | 83e9 0448 | 83c1 047e | 1048 ffc9 | c5f9 d607 | 4883 c708 
  0x000002ac6c8a44c4: 48ff c97d | f344 8b5d | 2845 85db | 0f85 0602 | 0000 498b | bfb8 0100 | 004c 8bd7 | 4983 c210 
  0x000002ac6c8a44e4: 4d3b 97c8 | 0100 000f | 8339 0900 | 004d 8997 | b801 0000 | 410f 1882 | 0001 0000 | 48c7 0701 
  0x000002ac6c8a4504: ;   {metadata('java/util/TreeMap$KeySet')}
  0x000002ac6c8a4504: 0000 00c7 | 4708 6a50 | 0120 4c8b | dd44 895f | 0c41 807f | 4000 0f85 | e507 0000 | 4c8b df44 
  0x000002ac6c8a4524: 895d 284c | 8bd5 4c8b | df4d 33da | 49c1 eb14 | 4d85 db74 | 1a49 c1ea | 0948 b900 | 0082 74ac 
  0x000002ac6c8a4544: 0200 0049 | 03ca 8039 | 020f 85e5 | 0700 0044 | 8b47 0c45 

  0x000002ac6c8a4558: ;   {metadata('java/util/TreeMap')}
  0x000002ac6c8a4558: 8b50 0841 | 81fa 2b4f | 0120 0f85 | ac0d 0000 | 498b 87b8 | 0100 004c | 8bd0 4983 | c220 498b 
  0x000002ac6c8a4578: e84d 3b97 | c801 0000 | 0f83 7c08 | 0000 4d89 | 97b8 0100 | 0041 0f18 | 8200 0100 | 0048 c700 
  0x000002ac6c8a4598: 0100 0000 

  0x000002ac6c8a459c: ;   {metadata('java/util/TreeMap$KeyIterator')}
  0x000002ac6c8a459c: c740 08b1 | 5101 2044 | 8960 0c4c | 8960 104c | 8960 1848 | 8bf0 448b | 4520 4585 | c00f 8402 
  0x000002ac6c8a45bc: 0500 0045 | 8b58 1845 | 85db 7427 | 49bd 0000 | 8274 ac02 | 0000 4d8b | 8750 0400 

  0x000002ac6c8a45d8: ; ImmutableOopMap {r11=NarrowOop rbx=Oop rsi=Oop rbp=Oop }
                      ;*goto {reexecute=1 rethrow=0 return_oop=0}
                      ; - (reexecute) java.util.TreeMap::getFirstEntry@21
                      ; - java.util.TreeMap::keyIterator@6
                      ; - java.util.TreeMap$KeySet::iterator@17
                      ; - java.util.TreeSet::iterator@9
                      ; - java.util.AbstractCollection::toArray@9
                      ; - com.google.common.collect.Iterables::toArray@4 (line 306)
                      ; - com.google.common.collect.ImmutableSortedSet::copyOf@37 (line 309)
                      ; - com.google.common.collect.ImmutableSortedSet::copyOf@2 (line 330)
                      ; - com.google.common.collect.ImmutableSortedSet::copyOf@6 (line 251)
                      ;   {poll}
  0x000002ac6c8a45d8: 0041 8500 

  0x000002ac6c8a45dc: ; implicit exception: dispatches to 0x000002ac6c8a5364
  0x000002ac6c8a45dc: 458b 5318 | 4585 d274 | 0545 8bda | ebe8 4d8b | f3eb 0d4d | 8bf0 49bd | 0000 8274 | ac02 0000 
  0x000002ac6c8a45fc: 498b fe4c | 8bc6 448b | 5424 2044 | 8954 2430 | 4c8b dd44 | 895e 1841 | ffca 4489 | 5424 204c 
  0x000002ac6c8a461c: 8bd5 4d33 | d049 c1ea | 144d 85d2 | 741a 49c1 | e809 48b9 | 0000 8274 | ac02 0000 | 4903 c880 
  0x000002ac6c8a463c: 3902 0f85 | 2506 0000 | 4180 7f40 | 000f 85b4 | 0500 0041 | 807f 4000 | 0f85 dc05 | 0000 897e 
  0x000002ac6c8a465c: 1044 8b55 | 1844 8956 | 0c44 8966 | 144c 8bd6 | 4d8b de4d | 33da 49c1 | eb14 4d85 | db74 1f4d 
  0x000002ac6c8a467c: 85f6 741a | 49c1 ea09 | 48b9 0000 | 8274 ac02 | 0000 4903 | ca80 3902 | 0f85 1d06 | 0000 448b 
  0x000002ac6c8a469c: 5424 3045 | 85d2 0f8f | 3f03 0000 | 448b 5610 | 4585 d20f | 8589 0a00 | 0044 8b5c | 2430 4585 
  0x000002ac6c8a46bc: ;   {oop(a 'com/google/common/collect/RegularImmutableSortedSet'{0x0000000082a10788})}
  0x000002ac6c8a46bc: db75 2548 | b888 07a1 | 8200 0000 | 0048 83c4 

  0x000002ac6c8a46cc: ;   {poll_return}
  0x000002ac6c8a46cc: 605d 493b | a748 0400 | 000f 87e0 | 0c00 00c3 | 498b fbe9 | 6ffe ffff | 458b d345 | 85d2 0f8e 
  0x000002ac6c8a46ec: e404 0000 | 448b 4424 | 2045 3bc2 | 0f83 830a | 0000 8b4b | 1085 c90f | 841f 0b00 | 0041 83c2 
  0x000002ac6c8a470c: fd41 83fa | 010f 8e89 | 0a00 0041 | bba0 0f00 | 0041 b801 | 0000 0041 | b901 0000 | 008b 5424 
  0x000002ac6c8a472c: 3041 2bd0 | 83c2 fd33 | c945 3bd0 | 0f4c d181 | faa0 0f00 | 0041 0f47 | d341 03d0 | 0f1f 8400 
  0x000002ac6c8a474c: 0000 0000 | 428b 4c83 | 1085 c90f | 8436 0600 | 0042 8b4c | 8314 85c9 | 0f84 2006 | 0000 428b 
  0x000002ac6c8a476c: 4c83 1885 | c90f 8418 | 0600 0042 | 8b4c 831c | 85c9 0f84 | 0206 0000 | 4183 c004 | 443b c27c 
  0x000002ac6c8a478c: c349 8b97 

  0x000002ac6c8a4790: ; ImmutableOopMap {rbx=Oop }
                      ;*goto {reexecute=1 rethrow=0 return_oop=0}
                      ; - (reexecute) com.google.common.collect.ObjectArrays::checkElementsNotNull@18 (line 221)
                      ; - com.google.common.collect.ImmutableSortedSet::construct@11 (line 373)
                      ; - com.google.common.collect.ImmutableSortedSet::copyOf@45 (line 310)
                      ; - com.google.common.collect.ImmutableSortedSet::copyOf@2 (line 330)
                      ; - com.google.common.collect.ImmutableSortedSet::copyOf@6 (line 251)
  0x000002ac6c8a4790: 5004 0000 

  0x000002ac6c8a4794: ;   {poll}
  0x000002ac6c8a4794: 8502 453b | c27c 8e44 | 3b44 2430 | 0f8c 0002 | 0000 4889 | 5c24 384c | 896c 2440 | 8b6c 2430 
  0x000002ac6c8a47b4: 4889 4424 | f88b 4424 | 2089 4424 | 4848 8b44 | 24f8 4489 | 4c24 2848 | 8b54 2438 | 4533 c044 
  0x000002ac6c8a47d4: ;   {oop(a 'com/google/common/collect/NaturalOrdering'{0x0000000082993a40})}
  0x000002ac6c8a47d4: 8bcd 48bf | 403a 9982 | 0000 0000 

  0x000002ac6c8a47e0: ;   {static_call}
  0x000002ac6c8a47e0: 6666 90e8 

  0x000002ac6c8a47e4: ; ImmutableOopMap {[56]=Oop }
                      ;*invokestatic sort {reexecute=0 rethrow=0 return_oop=0}
                      ; - com.google.common.collect.ImmutableSortedSet::construct@19 (line 374)
                      ; - com.google.common.collect.ImmutableSortedSet::copyOf@45 (line 310)
                      ; - com.google.common.collect.ImmutableSortedSet::copyOf@2 (line 330)
                      ; - com.google.common.collect.ImmutableSortedSet::copyOf@6 (line 251)
  0x000002ac6c8a47e4: 58f8 f9ff 

  0x000002ac6c8a47e8: ;   {other}
  0x000002ac6c8a47e8: 0f1f 8400 | d806 0002 | 448b ed83 | fd01 0f8f | d702 0000 | 458d 5d01 | 4889 4424 | f88b 4424 
  0x000002ac6c8a4808: 2889 4424 | 2048 8b44 | 24f8 448b | 4424 2845 | 3bc3 0f83 | e609 0000 | 453b c50f | 8d86 0000 
  0x000002ac6c8a4828: 0045 3bc5 | 0f83 5e0a | 0000 448b | 5c24 4845 | 3bdd 0f83 | 500a 0000 | bfe8 0300 | 008b 5c24 
  0x000002ac6c8a4848: 2841 8bed | 2beb 4533 | db44 3beb | 410f 4ceb | 81fd e803 | 0000 0f47 | ef03 eb41 | 807f 4000 
  0x000002ac6c8a4868: 0f85 6d07 | 0000 48ff | 7424 3848 | 8f44 2428 | 4c8b 5424 | 2845 8964 | 9a10 ffc3 | 3bdd 7d0c 
  0x000002ac6c8a4888: 48ff 7424 | 2848 8f44 | 2438 ebcf | 4d8b 8f50 

  0x000002ac6c8a4898: ; ImmutableOopMap {[40]=Oop }
                      ;*goto {reexecute=1 rethrow=0 return_oop=0}
                      ; - (reexecute) java.util.Arrays::fill@24
                      ; - com.google.common.collect.ImmutableSortedSet::construct@77 (line 383)
                      ; - com.google.common.collect.ImmutableSortedSet::copyOf@45 (line 310)
                      ; - com.google.common.collect.ImmutableSortedSet::copyOf@2 (line 330)
                      ; - com.google.common.collect.ImmutableSortedSet::copyOf@6 (line 251)
                      ;   {poll}
  0x000002ac6c8a4898: 0400 0041 | 8501 413b | dd7d 1648 | ff74 2428 | 488f 4424 | 38eb 9a48 | ff74 2438 | 488f 4424 
  0x000002ac6c8a48b8: 2849 8baf | b801 0000 | 4c8b d549 | 83c2 204d | 3b97 c801 | 0000 0f83 | 4a07 0000 | 4d89 97b8 
  0x000002ac6c8a48d8: 0100 0041 | 0f18 8200 | 0100 0048 | c745 0001 

  0x000002ac6c8a48e8: ;   {metadata('com/google/common/collect/RegularImmutableSortedSet')}
  0x000002ac6c8a48e8: 0000 00c7 | 4508 25f2 | 0620 4489 | 650c 4c89 | 6510 4c89 | 6518 488b | 5424 2844 | 8b44 2420 
  0x000002ac6c8a4908: ;   {static_call}
  0x000002ac6c8a4908: 6666 90e8 

  0x000002ac6c8a490c: ; ImmutableOopMap {rbp=Oop }
                      ;*invokestatic asImmutableList {reexecute=0 rethrow=0 return_oop=1}
                      ; - com.google.common.collect.ImmutableSortedSet::construct@86 (line 385)
                      ; - com.google.common.collect.ImmutableSortedSet::copyOf@45 (line 310)
                      ; - com.google.common.collect.ImmutableSortedSet::copyOf@2 (line 330)
                      ; - com.google.common.collect.ImmutableSortedSet::copyOf@6 (line 251)
  0x000002ac6c8a490c: 30b4 f9ff 

  0x000002ac6c8a4910: ;   {other}
  0x000002ac6c8a4910: 0f1f 8400 | 0008 0004 | 488b d841 | 807f 4000 | 0f85 6205 

  0x000002ac6c8a4924: ;   {oop(a 'com/google/common/collect/NaturalOrdering'{0x0000000082993a40})}
  0x000002ac6c8a4924: 0000 c745 | 1040 3a99 

  0x000002ac6c8a492c: ;   {oop(a 'com/google/common/collect/NaturalOrdering'{0x0000000082993a40})}
  0x000002ac6c8a492c: 8249 ba40 | 3a99 8200 | 0000 0048 | 8bfb 4c8b | dd4d 33d3 | 49c1 ea14 | 4d85 d274 | 1a49 c1eb 
  0x000002ac6c8a494c: 0948 b900 | 0082 74ac | 0200 0049 | 03cb 8039 | 020f 8558 | 0500 0041 | 807f 4000 | 0f85 e704 
  0x000002ac6c8a496c: 0000 895d | 184c 8bd7 | 4c8b dd4d | 33d3 49c1 | ea14 4d85 | d274 1b48 | 85ff 7416 | 49c1 eb09 
  0x000002ac6c8a498c: 4c8b 4424 | 404d 03c3 | 4180 3802 | 0f85 6b05 | 0000 488b | c5e9 23fd | ffff 428b | 4c83 1085 
  0x000002ac6c8a49ac: c90f 84e0 | 0300 0041 | ffc0 443b | 4424 307c | e948 895c | 2438 4c89 | 6c24 408b | 6c24 3048 
  0x000002ac6c8a49cc: 8944 24f8 | 8b44 2420 | 8944 2448 | 488b 4424 | f844 894c | 2428 e9e4 | fdff ff45 | 85d2 0f84 
  0x000002ac6c8a49ec: c107 0000 | 448b 5c24 | 2045 3bda | 0f83 b307 | 0000 33ff | 448b 5e10 | 4585 db0f | 845d 0800 
  0x000002ac6c8a4a0c: 0089 7c24 | 3848 8944 | 24f8 8b44 | 2420 8944 | 2434 488b | 4424 f848 | 8974 2428 | 4c89 6c24 
  0x000002ac6c8a4a2c: ;   {no_reloc}
  0x000002ac6c8a4a2c: 2048 8beb 

  0x000002ac6c8a4a30: ;   {optimized virtual_call}
  0x000002ac6c8a4a30: 488b d6e8 

  0x000002ac6c8a4a34: ; ImmutableOopMap {rbp=Oop [40]=Oop }
                      ;*invokeinterface next {reexecute=0 rethrow=0 return_oop=1}
                      ; - java.util.AbstractCollection::toArray@39
                      ; - com.google.common.collect.Iterables::toArray@4 (line 306)
                      ; - com.google.common.collect.ImmutableSortedSet::copyOf@37 (line 309)
                      ; - com.google.common.collect.ImmutableSortedSet::copyOf@2 (line 330)
                      ; - com.google.common.collect.ImmutableSortedSet::copyOf@6 (line 251)
  0x000002ac6c8a4a34: 8881 d3ff 

  0x000002ac6c8a4a38: ;   {other}
  0x000002ac6c8a4a38: 0f1f 8400 | 2809 0005 | 4c8b e848 | 8bdd 8b7c | 2438 488d | 74bb 1041 | 807f 4000 | 0f85 0105 
  0x000002ac6c8a4a58: 0000 4c8b | d6ff c74d | 8bc5 4d8b | d844 891e | 4d8b d84d | 33da 49c1 | eb14 4d85 | db74 1f4d 
  0x000002ac6c8a4a78: 85c0 741a | 49c1 ea09 | 48b9 0000 | 8274 ac02 | 0000 4903 | ca80 3902 | 0f85 f704 | 0000 3b7c 
  0x000002ac6c8a4a98: 2430 0f8c | 1301 0000 | 4c8b 6c24 | 2048 8b74 | 2428 4889 | 4424 f88b | 4424 3489 | 4424 2048 
  0x000002ac6c8a4ab8: 8b44 24f8 | e9e7 fbff | ff45 33f6 | 49bd 0000 | 8274 ac02 | 0000 e929 | fbff ff83 | fd01 0f86 
  0x000002ac6c8a4ad8: d007 0000 | 8b4c 2448 | 3bcd 0f83 | c407 0000 | 448d 45fe | 443b c50f | 83b7 0700 | 00bb 0100 
  0x000002ac6c8a4af8: 0000 896c | 2424 4c8b | 5424 384d | 8d5c 9a10 | 458b 549a | 0c89 5c24 | 2845 8b03 | 498b eb4d 
  0x000002ac6c8a4b18: 8bca 4d8b | d04c 8954 | 2430 4489 

  0x000002ac6c8a4b24: ;   {oop(a 'com/google/common/collect/NaturalOrdering'{0x0000000082993a40})}
  0x000002ac6c8a4b24: 4424 2048 | ba40 3a99 | 8200 0000 | 004d 8bc2 

  0x000002ac6c8a4b34: ;   {optimized virtual_call}
  0x000002ac6c8a4b34: 6666 90e8 

  0x000002ac6c8a4b38: ; ImmutableOopMap {[32]=NarrowOop [48]=Oop [56]=Oop rbp=Derived_oop_[56] }
                      ;*invokeinterface compare {reexecute=0 rethrow=0 return_oop=0}
                      ; - com.google.common.collect.ImmutableSortedSet::construct@51 (line 379)
                      ; - com.google.common.collect.ImmutableSortedSet::copyOf@45 (line 310)
                      ; - com.google.common.collect.ImmutableSortedSet::copyOf@2 (line 330)
                      ; - com.google.common.collect.ImmutableSortedSet::copyOf@6 (line 251)
  0x000002ac6c8a4b38: 24f6 3500 

  0x000002ac6c8a4b3c: ;   {other}
  0x000002ac6c8a4b3c: 0f1f 8400 | 2c0a 0006 | 85c0 0f84 | 9107 0000 | 4180 7f40 | 000f 85e9 | 0400 0048 | 8bfd 448b 
  0x000002ac6c8a4b5c: 5424 2044 | 8917 8b5c | 2428 ffc3 | 4c8b 5c24 | 304c 8bc7 | 4d33 d849 | c1eb 144d | 85db 741f 
  0x000002ac6c8a4b7c: 4585 d274 | 1a49 c1e8 | 0948 b900 | 0082 74ac | 0200 0049 | 03c8 8039 | 020f 85da | 0400 003b 
  0x000002ac6c8a4b9c: 5c24 240f | 8c59 ffff | ff89 5c24 | 2844 8b6c | 2424 e949 | fcff ff4c | 8b6c 2420 | 488b 7424 
  0x000002ac6c8a4bbc: 2848 8944 | 24f8 8b44 | 2434 8944 | 2420 488b | 4424 f8e9 | 2cfe ffff | 41ba 0100 | 0000 4889 
  0x000002ac6c8a4bdc: 5c24 384c | 896c 2440 | 418b eb48 | 8944 24f8 | 8b44 2420 | 8944 2448 | 488b 4424 | f844 8954 
  0x000002ac6c8a4bfc: 2428 e9c8 | fbff ff44 | 8b56 1445 | 85d2 0f84 | 3ffa ffff | 4d8b 5f28 | 498b ca4d | 85db 0f84 
  0x000002ac6c8a4c1c: e404 0000 | 4d8b 5738 | 4b89 4c1a | f849 83c3 | f84d 895f | 28e9 19fa | ffff 448b 

  0x000002ac6c8a4c38: ;   {no_reloc}
  0x000002ac6c8a4c38: 5e10 4585 | db0f 8417 | faff ff4d | 8b57 2849 | 8bcb 4d85 | d20f 84ce | 0400 004d | 8b5f 384b 
  0x000002ac6c8a4c58: 894c 13f8 | 4983 c2f8 | 4d89 5728 | e9f1 f9ff | ff4d 8b57 | 484d 8b5f | 58f0 8344 | 24c0 0080 
  0x000002ac6c8a4c78: 3900 0f84 | c4f9 ffff | 4488 214d | 85d2 751d | 498b d749 | ba50 ed68 | 8cf8 7f00 | 0041 ffd2 
  0x000002ac6c8a4c98: ;   {other}
  0x000002ac6c8a4c98: 0f1f 8400 | 0000 0000 | e99f f9ff | ff4b 894c | 13f8 4983 | c2f8 4d89 | 5748 e98d | f9ff ff4d 
  0x000002ac6c8a4cb8: 8b57 584d | 8b5f 48f0 | 8344 24c0 | 0080 3900 | 0f84 ccf9 | ffff 4488 | 214d 85db | 751d 498b 
  0x000002ac6c8a4cd8: d749 ba50 | ed68 8cf8 | 7f00 0041 

  0x000002ac6c8a4ce4: ;   {other}
  0x000002ac6c8a4ce4: ffd2 0f1f | 8400 0000 | 0000 e9a7 | f9ff ff4b | 894c 1af8 | 4983 c3f8 | 4d89 5f48 | e995 f9ff 
  0x000002ac6c8a4d04: ff44 8b55 | 2845 85d2 | 0f84 0ef8 | ffff 4d8b | 5f28 498b | ca4d 85db | 0f84 4204 | 0000 4d8b 
  0x000002ac6c8a4d24: 5738 4b89 | 4c1a f849 | 83c3 f84d | 895f 28e9 | e8f7 ffff | 4d8b 5758 | 4d8b 5f48 | f083 4424 
  0x000002ac6c8a4d44: c000 8039 | 000f 8404 | f8ff ff44 | 8821 4d85 | db75 1d49 | 8bd7 49ba | 50ed 688c | f87f 0000 
  0x000002ac6c8a4d64: ;   {other}
  0x000002ac6c8a4d64: 41ff d20f | 1f84 0000 | 0000 00e9 | dff7 ffff | 4b89 4c1a | f849 83c3 | f84d 895f | 48e9 cdf7 
  0x000002ac6c8a4d84: ffff 4183 | c002 41ff | c0eb 0441 | 83c0 02ba | 45ff ffff | 4889 5c24 | 2844 8944 | 243c 894c 
  0x000002ac6c8a4da4: ;   {runtime_call UncommonTrapBlob}
  0x000002ac6c8a4da4: 2440 90e8 

  0x000002ac6c8a4da8: ; ImmutableOopMap {[40]=Oop [64]=NarrowOop }
                      ;*ifnonnull {reexecute=1 rethrow=0 return_oop=0}
                      ; - (reexecute) com.google.common.collect.ObjectArrays::checkElementNotNull@1 (line 231)
                      ; - com.google.common.collect.ObjectArrays::checkElementsNotNull@11 (line 222)
                      ; - com.google.common.collect.ImmutableSortedSet::construct@11 (line 373)
                      ; - com.google.common.collect.ImmutableSortedSet::copyOf@45 (line 310)
                      ; - com.google.common.collect.ImmutableSortedSet::copyOf@2 (line 330)
                      ; - com.google.common.collect.ImmutableSortedSet::copyOf@6 (line 251)
  0x000002ac6c8a4da8: 54f8 53ff 

  0x000002ac6c8a4dac: ;   {other}
  0x000002ac6c8a4dac: 0f1f 8400 | 9c0c 0007 | 4889 4424 | f88b 4424 | 2089 4424 | 2848 8b44 

  0x000002ac6c8a4dc4: ;   {metadata('java/lang/Object'[])}
  0x000002ac6c8a4dc4: 24f8 48ba | 60b5 0500 | 0100 0000 | 4c89 4424 | 2044 8b44 

  0x000002ac6c8a4dd8: ;   {runtime_call _new_array_Java}
  0x000002ac6c8a4dd8: 2428 90e8 

  0x000002ac6c8a4ddc: ; ImmutableOopMap {rbp=Oop [32]=Oop }
                      ;*anewarray {reexecute=0 rethrow=0 return_oop=1}
                      ; - java.util.AbstractCollection::toArray@4
                      ; - com.google.common.collect.Iterables::toArray@4 (line 306)
                      ; - com.google.common.collect.ImmutableSortedSet::copyOf@37 (line 309)
                      ; - com.google.common.collect.ImmutableSortedSet::copyOf@2 (line 330)
                      ; - com.google.common.collect.ImmutableSortedSet::copyOf@6 (line 251)
  0x000002ac6c8a4ddc: 20cd 5fff 

  0x000002ac6c8a4de0: ;   {other}
  0x000002ac6c8a4de0: 0f1f 8400 | d00c 0008 | 4889 4424 | f88b 4424 | 2889 4424 | 2048 8b44 | 24f8 488b | d8e9 c7f6 
  0x000002ac6c8a4e00: ffff 4889 

  0x000002ac6c8a4e04: ;   {metadata('java/util/TreeMap$KeyIterator')}
  0x000002ac6c8a4e04: 5c24 2848 | ba88 8d0a | 0001 0000 

  0x000002ac6c8a4e10: ;   {runtime_call _new_instance_Java}
  0x000002ac6c8a4e10: 0066 90e8 

  0x000002ac6c8a4e14: ; ImmutableOopMap {rbp=Oop [40]=Oop }
                      ;*new {reexecute=0 rethrow=0 return_oop=1}
                      ; - java.util.TreeMap::keyIterator@0
                      ; - java.util.TreeMap$KeySet::iterator@17
                      ; - java.util.TreeSet::iterator@9
                      ; - java.util.AbstractCollection::toArray@9
                      ; - com.google.common.collect.Iterables::toArray@4 (line 306)
                      ; - com.google.common.collect.ImmutableSortedSet::copyOf@37 (line 309)
                      ; - com.google.common.collect.ImmutableSortedSet::copyOf@2 (line 330)
                      ; - com.google.common.collect.ImmutableSortedSet::copyOf@6 (line 251)
  0x000002ac6c8a4e14: e8cf 5fff 

  0x000002ac6c8a4e18: ;   {other}
  0x000002ac6c8a4e18: 0f1f 8400 | 080d 0009 | 488b 5c24 | 28e9 85f7 | ffff 4889 

  0x000002ac6c8a4e2c: ;   {metadata('java/util/TreeMap$KeySet')}
  0x000002ac6c8a4e2c: 5c24 2848 | ba50 830a | 0001 0000 

  0x000002ac6c8a4e38: ;   {runtime_call _new_instance_Java}
  0x000002ac6c8a4e38: 0066 90e8 

  0x000002ac6c8a4e3c: ; ImmutableOopMap {rbp=Oop [40]=Oop }
                      ;*new {reexecute=0 rethrow=0 return_oop=1}
                      ; - java.util.TreeMap::navigableKeySet@14
                      ; - java.util.TreeSet::iterator@4
                      ; - java.util.AbstractCollection::toArray@9
                      ; - com.google.common.collect.Iterables::toArray@4 (line 306)
                      ; - com.google.common.collect.ImmutableSortedSet::copyOf@37 (line 309)
                      ; - com.google.common.collect.ImmutableSortedSet::copyOf@2 (line 330)
                      ; - com.google.common.collect.ImmutableSortedSet::copyOf@6 (line 251)
  0x000002ac6c8a4e3c: c0cf 5fff 

  0x000002ac6c8a4e40: ;   {other}
  0x000002ac6c8a4e40: 0f1f 8400 | 300d 000a | 488b 5c24 | 2848 8bf8 | e9b9 f6ff | ff44 8b55 | 1845 85d2 | 0f84 0cfb 
  0x000002ac6c8a4e60: ffff 4d8b | 5f28 498b | ca4d 85db | 0f84 7703 | 0000 4d8b | 5738 4b89 | 4c1a f849 | 83c3 f84d 
  0x000002ac6c8a4e80: 895f 28e9 | e6fa ffff | 448b 5d10 | 4585 db0f | 8491 faff | ff4d 8b57 | 2849 8bcb | 4d85 d20f 
  0x000002ac6c8a4ea0: 8427 0300 | 004d 8b5f | 384b 894c | 13f8 4983 | c2f8 4d89 | 5728 e96b | faff ff4d | 8b57 584d 
  0x000002ac6c8a4ec0: 8b5f 48f0 | 8344 24c0 | 0080 3900 | 0f84 91fa | ffff 4488 | 214d 85db | 751d 498b | d749 ba50 
  0x000002ac6c8a4ee0: ed68 8cf8 | 7f00 0041 

  0x000002ac6c8a4ee8: ;   {other}
  0x000002ac6c8a4ee8: ffd2 0f1f | 8400 0000 | 0000 e96c | faff ff4b | 894c 1af8 | 4983 c3f8 | 4d89 5f48 | e95a faff 
  0x000002ac6c8a4f08: ff4d 8b57 | 584d 8b5f | 48f0 8344 | 24c0 0041 | 8038 000f | 847d faff | ff45 8820 | 4d85 db75 
  0x000002ac6c8a4f28: 2049 8bc8 | 498b d749 | ba50 ed68 | 8cf8 7f00 | 0041 ffd2 

  0x000002ac6c8a4f3c: ;   {other}
  0x000002ac6c8a4f3c: 0f1f 8400 | 0000 0000 | e955 faff | ff4f 8944 | 1af8 4983 | c3f8 4d89 | 5f48 e943 | faff ff44 
  0x000002ac6c8a4f5c: 8b16 4585 | d20f 84f3 | faff ff4d | 8b5f 2849 | 8bca 4d85 | db0f 84b9 | 0200 004d | 8b57 384b 
  0x000002ac6c8a4f7c: 894c 1af8 | 4983 c3f8 | 4d89 5f28 | e9cd faff | ff4d 8b57 | 484d 8b5f | 58f0 8344 | 24c0 0080 
  0x000002ac6c8a4f9c: 3900 0f84 | f2fa ffff | 4488 214d | 85d2 751d | 498b d749 | ba50 ed68 | 8cf8 7f00 | 0041 ffd2 
  0x000002ac6c8a4fbc: ;   {other}
  0x000002ac6c8a4fbc: 0f1f 8400 | 0000 0000 | e9cd faff | ff4b 894c | 13f8 4983 | c2f8 4d89 | 5748 e9bb | faff ff48 
  0x000002ac6c8a4fdc: ff74 2438 | 488f 4424 | 284c 8b54 | 2438 458b | 5c9a 1045 | 85db 0f84 | 80f8 ffff | 4d8b 5728 
  0x000002ac6c8a4ffc: 498b cb4d | 85d2 0f84 | 4502 0000 | 4d8b 5f38 | 4b89 4c13 | f849 83c2 | f84d 8957 | 28e9 5af8 
  0x000002ac6c8a501c: ;   {metadata('com/google/common/collect/RegularImmutableSortedSet')}
  0x000002ac6c8a501c: ffff 48ba | 2891 3700 | 0100 0000 

  0x000002ac6c8a5028: ;   {runtime_call _new_instance_Java}
  0x000002ac6c8a5028: 6666 90e8 

  0x000002ac6c8a502c: ; ImmutableOopMap {[40]=Oop }
                      ;*new {reexecute=0 rethrow=0 return_oop=1}
                      ; - com.google.common.collect.ImmutableSortedSet::construct@80 (line 384)
                      ; - com.google.common.collect.ImmutableSortedSet::copyOf@45 (line 310)
                      ; - com.google.common.collect.ImmutableSortedSet::copyOf@2 (line 330)
                      ; - com.google.common.collect.ImmutableSortedSet::copyOf@6 (line 251)
  0x000002ac6c8a502c: d0cd 5fff 

  0x000002ac6c8a5030: ;   {other}
  0x000002ac6c8a5030: 0f1f 8400 | 200f 000b | 488b e8e9 | bef8 ffff | 488b fd44 | 8b1f 4585 | db0f 840b | fbff ff4d 
  0x000002ac6c8a5050: 8b57 2849 | 8bcb 4d85 | d20f 8461 | 0200 004d | 8b5f 384b | 894c 13f8 | 4983 c2f8 | 4d89 5728 
  0x000002ac6c8a5070: e9e5 faff | ff4d 8b57 | 584d 8b5f | 48f0 8344 | 24c0 0080 | 3900 0f84 | 0ffb ffff | 4488 214d 
  0x000002ac6c8a5090: 85db 751d | 498b d749 | ba50 ed68 | 8cf8 7f00 | 0041 ffd2 

  0x000002ac6c8a50a4: ;   {other}
  0x000002ac6c8a50a4: 0f1f 8400 | 0000 0000 | e9ea faff | ff4b 894c | 1af8 4983 | c3f8 4d89 | 5f48 e9d8 | faff ff4d 
  0x000002ac6c8a50c4: 63d2 e921 | f3ff ff48 | 8bea 4489 | 5c24 20ba | deff ffff 

  0x000002ac6c8a50d8: ;   {runtime_call UncommonTrapBlob}
  0x000002ac6c8a50d8: 6666 90e8 

  0x000002ac6c8a50dc: ; ImmutableOopMap {rbp=Oop [32]=NarrowOop }
                      ;*invokeinterface comparator {reexecute=0 rethrow=0 return_oop=0}
                      ; - java.util.TreeSet::comparator@4
                      ; - com.google.common.collect.SortedIterables::comparator@1 (line 56)
                      ; - com.google.common.collect.SortedIterables::hasSameComparator@21 (line 43)
                      ; - com.google.common.collect.ImmutableSortedSet::copyOf@7 (line 299)
                      ; - com.google.common.collect.ImmutableSortedSet::copyOf@2 (line 330)
                      ; - com.google.common.collect.ImmutableSortedSet::copyOf@6 (line 251)
  0x000002ac6c8a50dc: 20f5 53ff 

  0x000002ac6c8a50e0: ;   {other}
  0x000002ac6c8a50e0: 0f1f 8400 | d00f 000c | 488b ea44 | 895c 2424 | ba45 ffff 

  0x000002ac6c8a50f4: ;   {runtime_call UncommonTrapBlob}
  0x000002ac6c8a50f4: ff66 90e8 

  0x000002ac6c8a50f8: ; ImmutableOopMap {rbp=Oop [36]=NarrowOop }
                      ;*ifnonnull {reexecute=1 rethrow=0 return_oop=0}
                      ; - (reexecute) com.google.common.collect.SortedIterables::comparator@8 (line 57)
                      ; - com.google.common.collect.SortedIterables::hasSameComparator@21 (line 43)
                      ; - com.google.common.collect.ImmutableSortedSet::copyOf@7 (line 299)
                      ; - com.google.common.collect.ImmutableSortedSet::copyOf@2 (line 330)
                      ; - com.google.common.collect.ImmutableSortedSet::copyOf@6 (line 251)
  0x000002ac6c8a50f8: 04f5 53ff 

  0x000002ac6c8a50fc: ;   {other}
  0x000002ac6c8a50fc: 0f1f 8400 | ec0f 000d | 498b d749 | ba70 ed68 | 8cf8 7f00 | 0041 ffd2 

  0x000002ac6c8a5114: ;   {other}
  0x000002ac6c8a5114: 0f1f 8400 | 0000 0000 | e92e f5ff | ff49 8bd7 | 49ba 70ed | 688c f87f | 0000 41ff 

  0x000002ac6c8a5130: ;   {other}
  0x000002ac6c8a5130: d20f 1f84 | 0000 0000 | 00e9 1cf5 | ffff 33ed | 4585 d240 | 0f95 c5ba | 45ff ffff | 4889 5c24 
  0x000002ac6c8a5150: 2048 8974 

  0x000002ac6c8a5154: ;   {runtime_call UncommonTrapBlob}
  0x000002ac6c8a5154: 2428 90e8 

  0x000002ac6c8a5158: ; ImmutableOopMap {[32]=Oop [40]=Oop }
                      ;*ifeq {reexecute=1 rethrow=0 return_oop=0}
                      ; - (reexecute) java.util.AbstractCollection::toArray@57
                      ; - com.google.common.collect.Iterables::toArray@4 (line 306)
                      ; - com.google.common.collect.ImmutableSortedSet::copyOf@37 (line 309)
                      ; - com.google.common.collect.ImmutableSortedSet::copyOf@2 (line 330)
                      ; - com.google.common.collect.ImmutableSortedSet::copyOf@6 (line 251)
  0x000002ac6c8a5158: a4f4 53ff 

  0x000002ac6c8a515c: ;   {other}
  0x000002ac6c8a515c: 0f1f 8400 | 4c10 000e | 498b d749 | ba70 ed68 | 8cf8 7f00 | 0041 ffd2 

  0x000002ac6c8a5174: ;   {other}
  0x000002ac6c8a5174: 0f1f 8400 | 0000 0000 | e99f f3ff | ffba 76ff | ffff 4889 | 5c24 2844 | 8954 2434 

  0x000002ac6c8a5190: ;   {runtime_call UncommonTrapBlob}
  0x000002ac6c8a5190: 6666 90e8 

  0x000002ac6c8a5194: ; ImmutableOopMap {[40]=Oop }
                      ;*if_icmpge {reexecute=1 rethrow=0 return_oop=0}
                      ; - (reexecute) com.google.common.collect.ObjectArrays::checkElementsNotNull@4 (line 221)
                      ; - com.google.common.collect.ImmutableSortedSet::construct@11 (line 373)
                      ; - com.google.common.collect.ImmutableSortedSet::copyOf@45 (line 310)
                      ; - com.google.common.collect.ImmutableSortedSet::copyOf@2 (line 330)
                      ; - com.google.common.collect.ImmutableSortedSet::copyOf@6 (line 251)
  0x000002ac6c8a5194: 68f4 53ff 

  0x000002ac6c8a5198: ;   {other}
  0x000002ac6c8a5198: 0f1f 8400 | 8810 000f | 41b8 0100 | 0000 41b9 | 0100 0000 | e9ea f5ff | ffba 76ff | ffff 488b 
  0x000002ac6c8a51b8: eb48 8974 

  0x000002ac6c8a51bc: ;   {runtime_call UncommonTrapBlob}
  0x000002ac6c8a51bc: 2420 90e8 

  0x000002ac6c8a51c0: ; ImmutableOopMap {rbp=Oop [32]=Oop }
                      ;*if_icmpge {reexecute=1 rethrow=0 return_oop=0}
                      ; - (reexecute) java.util.AbstractCollection::toArray@18
                      ; - com.google.common.collect.Iterables::toArray@4 (line 306)
                      ; - com.google.common.collect.ImmutableSortedSet::copyOf@37 (line 309)
                      ; - com.google.common.collect.ImmutableSortedSet::copyOf@2 (line 330)
                      ; - com.google.common.collect.ImmutableSortedSet::copyOf@6 (line 251)
  0x000002ac6c8a51c0: 3cf4 53ff 

  0x000002ac6c8a51c4: ;   {other}
  0x000002ac6c8a51c4: 0f1f 8400 | b410 0010 | 498b d749 | ba70 ed68 | 8cf8 7f00 | 0041 ffd2 

  0x000002ac6c8a51dc: ;   {other}
  0x000002ac6c8a51dc: 0f1f 8400 | 0000 0000 | e93d f7ff | ff49 8bd7 | 49ba 70ed | 688c f87f | 0000 41ff 

  0x000002ac6c8a51f8: ;   {other}
  0x000002ac6c8a51f8: d20f 1f84 | 0000 0000 | 00e9 68f7 | ffff ba3d | ffff ff48 | 8b6c 2438 | 4489 6c24 | 3444 896c 
  0x000002ac6c8a5218: ;   {runtime_call UncommonTrapBlob}
  0x000002ac6c8a5218: 243c 90e8 

  0x000002ac6c8a521c: ; ImmutableOopMap {rbp=Oop }
                      ;*if_icmple {reexecute=1 rethrow=0 return_oop=0}
                      ; - (reexecute) java.util.Arrays::rangeCheck@2
                      ; - java.util.Arrays::fill@4
                      ; - com.google.common.collect.ImmutableSortedSet::construct@77 (line 383)
                      ; - com.google.common.collect.ImmutableSortedSet::copyOf@45 (line 310)
                      ; - com.google.common.collect.ImmutableSortedSet::copyOf@2 (line 330)
                      ; - com.google.common.collect.ImmutableSortedSet::copyOf@6 (line 251)
  0x000002ac6c8a521c: e0f3 53ff 

  0x000002ac6c8a5220: ;   {other}
  0x000002ac6c8a5220: 0f1f 8400 | 1011 0011 | 4533 c0e9 | 63fb ffff | 498b d749 | ba70 ed68 | 8cf8 7f00 | 0041 ffd2 
  0x000002ac6c8a5240: ;   {other}
  0x000002ac6c8a5240: 0f1f 8400 | 0000 0000 | e90d f8ff | ff49 8bd7 | 49ba 70ed | 688c f87f | 0000 41ff 

  0x000002ac6c8a525c: ;   {other}
  0x000002ac6c8a525c: d20f 1f84 | 0000 0000 | 00e9 0ef6 | ffff 33ed | 4585 db40 | 0f95 c5ba | 45ff ffff | 4889 5c24 
  0x000002ac6c8a527c: 2089 7c24 

  0x000002ac6c8a5280: ;   {runtime_call UncommonTrapBlob}
  0x000002ac6c8a5280: 2866 90e8 

  0x000002ac6c8a5284: ; ImmutableOopMap {[32]=Oop }
                      ;*ifne {reexecute=1 rethrow=0 return_oop=0}
                      ; - (reexecute) java.util.AbstractCollection::toArray@27
                      ; - com.google.common.collect.Iterables::toArray@4 (line 306)
                      ; - com.google.common.collect.ImmutableSortedSet::copyOf@37 (line 309)
                      ; - com.google.common.collect.ImmutableSortedSet::copyOf@2 (line 330)
                      ; - com.google.common.collect.ImmutableSortedSet::copyOf@6 (line 251)
  0x000002ac6c8a5284: 78f3 53ff 

  0x000002ac6c8a5288: ;   {other}
  0x000002ac6c8a5288: 0f1f 8400 | 7811 0012 | ba76 ffff | ff48 8b6c | 2438 4489 

  0x000002ac6c8a529c: ;   {runtime_call UncommonTrapBlob}
  0x000002ac6c8a529c: 6c24 38e8 

  0x000002ac6c8a52a0: ; ImmutableOopMap {rbp=Oop }
                      ;*if_icmpge {reexecute=1 rethrow=0 return_oop=0}
                      ; - (reexecute) java.util.Arrays::fill@13
                      ; - com.google.common.collect.ImmutableSortedSet::construct@77 (line 383)
                      ; - com.google.common.collect.ImmutableSortedSet::copyOf@45 (line 310)
                      ; - com.google.common.collect.ImmutableSortedSet::copyOf@2 (line 330)
                      ; - com.google.common.collect.ImmutableSortedSet::copyOf@6 (line 251)
  0x000002ac6c8a52a0: 5cf3 53ff 

  0x000002ac6c8a52a4: ;   {other}
  0x000002ac6c8a52a4: 0f1f 8400 | 9411 0013 | ba76 ffff 

  0x000002ac6c8a52b0: ;   {runtime_call UncommonTrapBlob}
  0x000002ac6c8a52b0: ff66 90e8 

  0x000002ac6c8a52b4: ; ImmutableOopMap {[56]=Oop }
                      ;*if_icmpge {reexecute=1 rethrow=0 return_oop=0}
                      ; - (reexecute) com.google.common.collect.ImmutableSortedSet::construct@30 (line 376)
                      ; - com.google.common.collect.ImmutableSortedSet::copyOf@45 (line 310)
                      ; - com.google.common.collect.ImmutableSortedSet::copyOf@2 (line 330)
                      ; - com.google.common.collect.ImmutableSortedSet::copyOf@6 (line 251)
  0x000002ac6c8a52b4: 48f3 53ff 

  0x000002ac6c8a52b8: ;   {other}
  0x000002ac6c8a52b8: 0f1f 8400 | a811 0014 | 498b d749 | ba70 ed68 | 8cf8 7f00 | 0041 ffd2 

  0x000002ac6c8a52d0: ;   {other}
  0x000002ac6c8a52d0: 0f1f 8400 | 0000 0000 | e97d f8ff | ffba 45ff | ffff 8b6c | 2424 8944 

  0x000002ac6c8a52e8: ;   {runtime_call UncommonTrapBlob}
  0x000002ac6c8a52e8: 2430 90e8 

  0x000002ac6c8a52ec: ; ImmutableOopMap {[56]=Oop }
                      ;*ifeq {reexecute=1 rethrow=0 return_oop=0}
                      ; - (reexecute) com.google.common.collect.ImmutableSortedSet::construct@56 (line 379)
                      ; - com.google.common.collect.ImmutableSortedSet::copyOf@45 (line 310)
                      ; - com.google.common.collect.ImmutableSortedSet::copyOf@2 (line 330)
                      ; - com.google.common.collect.ImmutableSortedSet::copyOf@6 (line 251)
  0x000002ac6c8a52ec: 10f3 53ff 

  0x000002ac6c8a52f0: ;   {other}
  0x000002ac6c8a52f0: 0f1f 8400 | e011 0015 | 4889 5424 | 2048 8954 | 2428 bade 

  0x000002ac6c8a5304: ;   {runtime_call UncommonTrapBlob}
  0x000002ac6c8a5304: ffff ffe8 

  0x000002ac6c8a5308: ; ImmutableOopMap {[32]=Oop [40]=Oop }
                      ;*instanceof {reexecute=0 rethrow=0 return_oop=0}
                      ; - com.google.common.collect.SortedIterables::hasSameComparator@11 (line 42)
                      ; - com.google.common.collect.ImmutableSortedSet::copyOf@7 (line 299)
                      ; - com.google.common.collect.ImmutableSortedSet::copyOf@2 (line 330)
                      ; - com.google.common.collect.ImmutableSortedSet::copyOf@6 (line 251)
  0x000002ac6c8a5308: f4f2 53ff 

  0x000002ac6c8a530c: ;   {other}
  0x000002ac6c8a530c: 0f1f 8400 | fc11 0016 | bade ffff | ff48 8beb | 4889 7c24 | 2044 8944 

  0x000002ac6c8a5324: ;   {runtime_call UncommonTrapBlob}
  0x000002ac6c8a5324: 2428 90e8 

  0x000002ac6c8a5328: ; ImmutableOopMap {rbp=Oop [32]=Oop [40]=NarrowOop }
                      ;*instanceof {reexecute=0 rethrow=0 return_oop=0}
                      ; - java.util.TreeMap$KeySet::iterator@4
                      ; - java.util.TreeSet::iterator@9
                      ; - java.util.AbstractCollection::toArray@9
                      ; - com.google.common.collect.Iterables::toArray@4 (line 306)
                      ; - com.google.common.collect.ImmutableSortedSet::copyOf@37 (line 309)
                      ; - com.google.common.collect.ImmutableSortedSet::copyOf@2 (line 330)
                      ; - com.google.common.collect.ImmutableSortedSet::copyOf@6 (line 251)
  0x000002ac6c8a5328: d4f2 53ff 

  0x000002ac6c8a532c: ;   {other}
  0x000002ac6c8a532c: 0f1f 8400 | 1c12 0017 | baf6 ffff 

  0x000002ac6c8a5338: ;   {runtime_call UncommonTrapBlob}
  0x000002ac6c8a5338: ff66 90e8 

  0x000002ac6c8a533c: ; ImmutableOopMap {}
                      ;*invokeinterface comparator {reexecute=0 rethrow=0 return_oop=0}
                      ; - java.util.TreeSet::comparator@4
                      ; - com.google.common.collect.SortedIterables::comparator@1 (line 56)
                      ; - com.google.common.collect.SortedIterables::hasSameComparator@21 (line 43)
                      ; - com.google.common.collect.ImmutableSortedSet::copyOf@7 (line 299)
                      ; - com.google.common.collect.ImmutableSortedSet::copyOf@2 (line 330)
                      ; - com.google.common.collect.ImmutableSortedSet::copyOf@6 (line 251)
  0x000002ac6c8a533c: c0f2 53ff 

  0x000002ac6c8a5340: ;   {other}
  0x000002ac6c8a5340: 0f1f 8400 | 3012 0018 | baf4 ffff | ff48 8beb | 4889 7c24 

  0x000002ac6c8a5354: ;   {runtime_call UncommonTrapBlob}
  0x000002ac6c8a5354: 2066 90e8 

  0x000002ac6c8a5358: ; ImmutableOopMap {rbp=Oop [32]=Oop }
                      ;*instanceof {reexecute=0 rethrow=0 return_oop=0}
                      ; - java.util.TreeMap$KeySet::iterator@4
                      ; - java.util.TreeSet::iterator@9
                      ; - java.util.AbstractCollection::toArray@9
                      ; - com.google.common.collect.Iterables::toArray@4 (line 306)
                      ; - com.google.common.collect.ImmutableSortedSet::copyOf@37 (line 309)
                      ; - com.google.common.collect.ImmutableSortedSet::copyOf@2 (line 330)
                      ; - com.google.common.collect.ImmutableSortedSet::copyOf@6 (line 251)
  0x000002ac6c8a5358: a4f2 53ff 

  0x000002ac6c8a535c: ;   {other}
  0x000002ac6c8a535c: 0f1f 8400 | 4c12 0019 | baf6 ffff 

  0x000002ac6c8a5368: ;   {runtime_call UncommonTrapBlob}
  0x000002ac6c8a5368: ff66 90e8 

  0x000002ac6c8a536c: ; ImmutableOopMap {}
                      ;*getfield left {reexecute=1 rethrow=0 return_oop=0}
                      ; - (reexecute) java.util.TreeMap::getFirstEntry@10
                      ; - java.util.TreeMap::keyIterator@6
                      ; - java.util.TreeMap$KeySet::iterator@17
                      ; - java.util.TreeSet::iterator@9
                      ; - java.util.AbstractCollection::toArray@9
                      ; - com.google.common.collect.Iterables::toArray@4 (line 306)
                      ; - com.google.common.collect.ImmutableSortedSet::copyOf@37 (line 309)
                      ; - com.google.common.collect.ImmutableSortedSet::copyOf@2 (line 330)
                      ; - com.google.common.collect.ImmutableSortedSet::copyOf@6 (line 251)
  0x000002ac6c8a536c: 90f2 53ff 

  0x000002ac6c8a5370: ;   {other}
  0x000002ac6c8a5370: 0f1f 8400 | 6012 001a | 4889 5424 | 2048 8954 | 2428 ba45 

  0x000002ac6c8a5384: ;   {runtime_call UncommonTrapBlob}
  0x000002ac6c8a5384: ffff ffe8 

  0x000002ac6c8a5388: ; ImmutableOopMap {[32]=Oop [40]=Oop }
                      ;*ifnonnull {reexecute=1 rethrow=0 return_oop=0}
                      ; - (reexecute) com.google.common.base.Preconditions::checkNotNull@1 (line 902)
                      ; - com.google.common.collect.SortedIterables::hasSameComparator@6 (line 40)
                      ; - com.google.common.collect.ImmutableSortedSet::copyOf@7 (line 299)
                      ; - com.google.common.collect.ImmutableSortedSet::copyOf@2 (line 330)
                      ; - com.google.common.collect.ImmutableSortedSet::copyOf@6 (line 251)
  0x000002ac6c8a5388: 74f2 53ff 

  0x000002ac6c8a538c: ;   {other}
  0x000002ac6c8a538c: 0f1f 8400 | 7c12 001b | 488b d0eb | 18eb 13eb | 11eb 0f48 | 8bd0 eb0d | 488b d0eb | 0848 8bd0 
  0x000002ac6c8a53ac: eb03 488b | d048 83c4 

  0x000002ac6c8a53b4: ;   {runtime_call _rethrow_Java}
  0x000002ac6c8a53b4: 605d e9c5 

  0x000002ac6c8a53b8: ;   {internal_word}
  0x000002ac6c8a53b8: 3560 ff49 | bace 468a | 6cac 0200 | 004d 8997 | 6004 0000 

  0x000002ac6c8a53cc: ;   {runtime_call SafepointBlob}
  0x000002ac6c8a53cc: e92f 0354 

  0x000002ac6c8a53d0: ;   {runtime_call StubRoutines (final stubs)}
  0x000002ac6c8a53d0: ffe8 4a47 | 52ff e9bf | efff fff4 | f4f4 f4f4 
[Stub Code]
  0x000002ac6c8a53e0: ;   {no_reloc}
  0x000002ac6c8a53e0: 48bb 0000 | 0000 0000 

  0x000002ac6c8a53e8: ;   {runtime_call nmethod}
  0x000002ac6c8a53e8: 0000 e9fb 

  0x000002ac6c8a53ec: ;   {static_stub}
  0x000002ac6c8a53ec: ffff ff48 | bb00 0000 | 0000 0000 

  0x000002ac6c8a53f8: ;   {runtime_call nmethod}
  0x000002ac6c8a53f8: 00e9 fbff 

  0x000002ac6c8a53fc: ;   {static_stub}
  0x000002ac6c8a53fc: ffff 48bb | 0000 0000 | 0000 0000 

  0x000002ac6c8a5408: ;   {runtime_call nmethod}
  0x000002ac6c8a5408: e9fb ffff 

  0x000002ac6c8a540c: ;   {static_stub}
  0x000002ac6c8a540c: ff48 bb00 | 0000 0000 

  0x000002ac6c8a5414: ;   {runtime_call nmethod}
  0x000002ac6c8a5414: 0000 00e9 | fbff ffff 
[Exception Handler]
  0x000002ac6c8a541c: ;   {runtime_call ExceptionBlob}
  0x000002ac6c8a541c: e9df cc5f | ffe8 0000 | 0000 4883 

  0x000002ac6c8a5428: ;   {runtime_call DeoptimizationBlob}
  0x000002ac6c8a5428: 2c24 05e9 | 70f5 53ff 
[/MachCode]


---------------  P R O C E S S  ---------------

Threads class SMR info:
_java_thread_list=0x000002ac0c9b6530, length=74, elements={
0x000002ac5fc14180, 0x000002ac7a215620, 0x000002ac7a218bf0, 0x000002ac7a200d40,
0x000002ac7a2013a0, 0x000002ac7a202960, 0x000002ac7a203f20, 0x000002ac7a233f60,
0x000002ac7a23c510, 0x000002ac7a3c14f0, 0x000002ac7a3c0e60, 0x000002ac7a3bfab0,
0x000002ac7a3bed90, 0x000002ac7a3c0140, 0x000002ac7a3c07d0, 0x000002ac7a3c1b80,
0x000002ac7a3be700, 0x000002ac00811050, 0x000002ac00812a90, 0x000002ac00814b60,
0x000002ac008116e0, 0x000002ac008151f0, 0x000002ac008144d0, 0x000002ac00811d70,
0x000002ac00815880, 0x000002ac008137b0, 0x000002ac00812400, 0x000002ac008165a0,
0x000002ac00815f10, 0x000002ac00813120, 0x000002ac00816c30, 0x000002ac008172c0,
0x000002ac00813e40, 0x000002ac00817950, 0x000002ac00817fe0, 0x000002ac00818670,
0x000002ac7aca8a60, 0x000002ac7aca9780, 0x000002ac7acaab30, 0x000002ac7acab1c0,
0x000002ac7aca90f0, 0x000002ac7acab850, 0x000002ac7aca83d0, 0x000002ac7acad290,
0x000002ac7acabee0, 0x000002ac7aca9e10, 0x000002ac7acac570, 0x000002ac7acacc00,
0x000002ac7acaf9f0, 0x000002ac7a3bf420, 0x000002ac05e760b0, 0x000002ac05e78180,
0x000002ac05e77af0, 0x000002ac05e75390, 0x000002ac05e79bc0, 0x000002ac05e78ea0,
0x000002ac05e79530, 0x000002ac05e7a250, 0x000002ac05e76dd0, 0x000002ac05e7a8e0,
0x000002ac05e7bc90, 0x000002ac05e7c9b0, 0x000002ac05e7b600, 0x000002ac7acaecd0,
0x000002ac7acadfb0, 0x000002ac7f6efeb0, 0x000002ac7f6f0bd0, 0x000002ac7f6f0540,
0x000002ac7f6f1260, 0x000002ac0c20d970, 0x000002ac0c2116c0, 0x000002ac0c20e040,
0x000002ac0c210ff0, 0x000002ac0c20e710
}

Java Threads: ( => current thread )
  0x000002ac5fc14180 JavaThread "main"                              [_thread_blocked, id=3160, stack(0x000000ea27700000,0x000000ea27800000) (1024K)]
  0x000002ac7a215620 JavaThread "Reference Handler"          daemon [_thread_blocked, id=23908, stack(0x000000ea27f00000,0x000000ea28000000) (1024K)]
  0x000002ac7a218bf0 JavaThread "Finalizer"                  daemon [_thread_blocked, id=7264, stack(0x000000ea28000000,0x000000ea28100000) (1024K)]
  0x000002ac7a200d40 JavaThread "Signal Dispatcher"          daemon [_thread_blocked, id=17516, stack(0x000000ea28100000,0x000000ea28200000) (1024K)]
  0x000002ac7a2013a0 JavaThread "Attach Listener"            daemon [_thread_blocked, id=24816, stack(0x000000ea28200000,0x000000ea28300000) (1024K)]
  0x000002ac7a202960 JavaThread "Service Thread"             daemon [_thread_blocked, id=23944, stack(0x000000ea28300000,0x000000ea28400000) (1024K)]
  0x000002ac7a203f20 JavaThread "Monitor Deflation Thread"   daemon [_thread_blocked, id=24308, stack(0x000000ea28400000,0x000000ea28500000) (1024K)]
  0x000002ac7a233f60 JavaThread "C2 CompilerThread0"         daemon [_thread_blocked, id=2784, stack(0x000000ea28500000,0x000000ea28600000) (1024K)]
  0x000002ac7a23c510 JavaThread "C1 CompilerThread0"         daemon [_thread_blocked, id=15100, stack(0x000000ea28600000,0x000000ea28700000) (1024K)]
  0x000002ac7a3c14f0 JavaThread "Common-Cleaner"             daemon [_thread_blocked, id=16324, stack(0x000000ea28700000,0x000000ea28800000) (1024K)]
  0x000002ac7a3c0e60 JavaThread "Notification Thread"        daemon [_thread_blocked, id=7712, stack(0x000000ea28a00000,0x000000ea28b00000) (1024K)]
  0x000002ac7a3bfab0 JavaThread "Daemon health stats"               [_thread_blocked, id=20992, stack(0x000000ea29200000,0x000000ea29300000) (1024K)]
  0x000002ac7a3bed90 JavaThread "Incoming local TCP Connector on port 50021"        [_thread_in_native, id=24356, stack(0x000000ea29700000,0x000000ea29800000) (1024K)]
  0x000002ac7a3c0140 JavaThread "Daemon periodic checks"            [_thread_blocked, id=20580, stack(0x000000ea29800000,0x000000ea29900000) (1024K)]
  0x000002ac7a3c07d0 JavaThread "Daemon"                            [_thread_blocked, id=23180, stack(0x000000ea29900000,0x000000ea29a00000) (1024K)]
  0x000002ac7a3c1b80 JavaThread "Handler for socket connection from /127.0.0.1:50021 to /127.0.0.1:50022"        [_thread_in_native, id=13904, stack(0x000000ea29a00000,0x000000ea29b00000) (1024K)]
  0x000002ac7a3be700 JavaThread "Cancel handler"                    [_thread_blocked, id=14104, stack(0x000000ea29b00000,0x000000ea29c00000) (1024K)]
=>0x000002ac00811050 JavaThread "Daemon worker"                     [_thread_in_Java, id=17996, stack(0x000000ea29c00000,0x000000ea29d00000) (1024K)]
  0x000002ac00812a90 JavaThread "Asynchronous log dispatcher for DefaultDaemonConnection: socket connection from /127.0.0.1:50021 to /127.0.0.1:50022"        [_thread_blocked, id=7740, stack(0x000000ea29d00000,0x000000ea29e00000) (1024K)]
  0x000002ac00814b60 JavaThread "Stdin handler"                     [_thread_blocked, id=6232, stack(0x000000ea29e00000,0x000000ea29f00000) (1024K)]
  0x000002ac008116e0 JavaThread "Daemon client event forwarder"        [_thread_blocked, id=14836, stack(0x000000ea29f00000,0x000000ea2a000000) (1024K)]
  0x000002ac008151f0 JavaThread "Cache worker for journal cache (C:\Users\herna\.gradle\caches\journal-1)"        [_thread_blocked, id=8752, stack(0x000000ea2a600000,0x000000ea2a700000) (1024K)]
  0x000002ac008144d0 JavaThread "File lock request listener"        [_thread_in_native, id=11136, stack(0x000000ea2a700000,0x000000ea2a800000) (1024K)]
  0x000002ac00811d70 JavaThread "Cache worker for file hash cache (C:\Users\herna\.gradle\caches\8.9\fileHashes)"        [_thread_blocked, id=10252, stack(0x000000ea2a800000,0x000000ea2a900000) (1024K)]
  0x000002ac00815880 JavaThread "Cache worker for file hash cache (C:\Users\herna\Documents\Escuela\Nativas\Tareas\Calculadora\.gradle\8.9\fileHashes)"        [_thread_blocked, id=11568, stack(0x000000ea2aa00000,0x000000ea2ab00000) (1024K)]
  0x000002ac008137b0 JavaThread "Cache worker for Build Output Cleanup Cache (C:\Users\herna\Documents\Escuela\Nativas\Tareas\Calculadora\.gradle\buildOutputCleanup)"        [_thread_blocked, id=3144, stack(0x000000ea2ab00000,0x000000ea2ac00000) (1024K)]
  0x000002ac00812400 JavaThread "File watcher server"        daemon [_thread_in_native, id=26412, stack(0x000000ea2ac00000,0x000000ea2ad00000) (1024K)]
  0x000002ac008165a0 JavaThread "File watcher consumer"      daemon [_thread_blocked, id=23968, stack(0x000000ea2ad00000,0x000000ea2ae00000) (1024K)]
  0x000002ac00815f10 JavaThread "jar transforms"                    [_thread_blocked, id=22392, stack(0x000000ea28b00000,0x000000ea28c00000) (1024K)]
  0x000002ac00813120 JavaThread "jar transforms Thread 2"           [_thread_blocked, id=26220, stack(0x000000ea28d00000,0x000000ea28e00000) (1024K)]
  0x000002ac00816c30 JavaThread "jar transforms Thread 3"           [_thread_blocked, id=11400, stack(0x000000ea2a900000,0x000000ea2aa00000) (1024K)]
  0x000002ac008172c0 JavaThread "jar transforms Thread 4"           [_thread_blocked, id=14816, stack(0x000000ea2ae00000,0x000000ea2af00000) (1024K)]
  0x000002ac00813e40 JavaThread "jar transforms Thread 5"           [_thread_blocked, id=9192, stack(0x000000ea2af00000,0x000000ea2b000000) (1024K)]
  0x000002ac00817950 JavaThread "jar transforms Thread 6"           [_thread_blocked, id=2684, stack(0x000000ea2b000000,0x000000ea2b100000) (1024K)]
  0x000002ac00817fe0 JavaThread "jar transforms Thread 7"           [_thread_blocked, id=11636, stack(0x000000ea2b100000,0x000000ea2b200000) (1024K)]
  0x000002ac00818670 JavaThread "jar transforms Thread 8"           [_thread_blocked, id=3408, stack(0x000000ea2b200000,0x000000ea2b300000) (1024K)]
  0x000002ac7aca8a60 JavaThread "jar transforms Thread 9"           [_thread_blocked, id=5500, stack(0x000000ea2b300000,0x000000ea2b400000) (1024K)]
  0x000002ac7aca9780 JavaThread "jar transforms Thread 10"          [_thread_blocked, id=11364, stack(0x000000ea2b400000,0x000000ea2b500000) (1024K)]
  0x000002ac7acaab30 JavaThread "jar transforms Thread 11"          [_thread_blocked, id=8424, stack(0x000000ea2b500000,0x000000ea2b600000) (1024K)]
  0x000002ac7acab1c0 JavaThread "jar transforms Thread 12"          [_thread_blocked, id=17476, stack(0x000000ea2b600000,0x000000ea2b700000) (1024K)]
  0x000002ac7aca90f0 JavaThread "jar transforms Thread 13"          [_thread_blocked, id=10388, stack(0x000000ea2b700000,0x000000ea2b800000) (1024K)]
  0x000002ac7acab850 JavaThread "jar transforms Thread 14"          [_thread_blocked, id=10384, stack(0x000000ea2b800000,0x000000ea2b900000) (1024K)]
  0x000002ac7aca83d0 JavaThread "jar transforms Thread 15"          [_thread_blocked, id=17140, stack(0x000000ea2b900000,0x000000ea2ba00000) (1024K)]
  0x000002ac7acad290 JavaThread "jar transforms Thread 16"          [_thread_blocked, id=22752, stack(0x000000ea2ba00000,0x000000ea2bb00000) (1024K)]
  0x000002ac7acabee0 JavaThread "Cache worker for checksums cache (C:\Users\herna\Documents\Escuela\Nativas\Tareas\Calculadora\.gradle\8.9\checksums)"        [_thread_blocked, id=14772, stack(0x000000ea2bd00000,0x000000ea2be00000) (1024K)]
  0x000002ac7aca9e10 JavaThread "Cache worker for file content cache (C:\Users\herna\.gradle\caches\8.9\fileContent)"        [_thread_blocked, id=23756, stack(0x000000ea2bb00000,0x000000ea2bc00000) (1024K)]
  0x000002ac7acac570 JavaThread "Cache worker for cache directory md-rule (C:\Users\herna\.gradle\caches\8.9\md-rule)"        [_thread_blocked, id=24144, stack(0x000000ea2be00000,0x000000ea2bf00000) (1024K)]
  0x000002ac7acacc00 JavaThread "Cache worker for cache directory md-supplier (C:\Users\herna\.gradle\caches\8.9\md-supplier)"        [_thread_blocked, id=9984, stack(0x000000ea2bf00000,0x000000ea2c000000) (1024K)]
  0x000002ac7acaf9f0 JavaThread "Unconstrained build operations"        [_thread_blocked, id=16840, stack(0x000000ea28c00000,0x000000ea28d00000) (1024K)]
  0x000002ac7a3bf420 JavaThread "Unconstrained build operations Thread 2"        [_thread_blocked, id=20872, stack(0x000000ea2bc00000,0x000000ea2bd00000) (1024K)]
  0x000002ac05e760b0 JavaThread "Unconstrained build operations Thread 3"        [_thread_blocked, id=16416, stack(0x000000ea28900000,0x000000ea28a00000) (1024K)]
  0x000002ac05e78180 JavaThread "Unconstrained build operations Thread 4"        [_thread_blocked, id=15976, stack(0x000000ea2c700000,0x000000ea2c800000) (1024K)]
  0x000002ac05e77af0 JavaThread "Unconstrained build operations Thread 5"        [_thread_blocked, id=24960, stack(0x000000ea2c500000,0x000000ea2c600000) (1024K)]
  0x000002ac05e75390 JavaThread "Unconstrained build operations Thread 6"        [_thread_blocked, id=13760, stack(0x000000ea2c600000,0x000000ea2c700000) (1024K)]
  0x000002ac05e79bc0 JavaThread "Unconstrained build operations Thread 7"        [_thread_blocked, id=19828, stack(0x000000ea2ca00000,0x000000ea2cb00000) (1024K)]
  0x000002ac05e78ea0 JavaThread "Unconstrained build operations Thread 8"        [_thread_blocked, id=11812, stack(0x000000ea2cb00000,0x000000ea2cc00000) (1024K)]
  0x000002ac05e79530 JavaThread "Unconstrained build operations Thread 9"        [_thread_blocked, id=9184, stack(0x000000ea2cc00000,0x000000ea2cd00000) (1024K)]
  0x000002ac05e7a250 JavaThread "Unconstrained build operations Thread 10"        [_thread_blocked, id=16588, stack(0x000000ea2cd00000,0x000000ea2ce00000) (1024K)]
  0x000002ac05e76dd0 JavaThread "Unconstrained build operations Thread 11"        [_thread_blocked, id=10784, stack(0x000000ea2ce00000,0x000000ea2cf00000) (1024K)]
  0x000002ac05e7a8e0 JavaThread "Unconstrained build operations Thread 12"        [_thread_blocked, id=17900, stack(0x000000ea2cf00000,0x000000ea2d000000) (1024K)]
  0x000002ac05e7bc90 JavaThread "Unconstrained build operations Thread 13"        [_thread_blocked, id=20244, stack(0x000000ea2c000000,0x000000ea2c100000) (1024K)]
  0x000002ac05e7c9b0 JavaThread "Unconstrained build operations Thread 14"        [_thread_blocked, id=23812, stack(0x000000ea2c100000,0x000000ea2c200000) (1024K)]
  0x000002ac05e7b600 JavaThread "Unconstrained build operations Thread 15"        [_thread_blocked, id=18800, stack(0x000000ea2c200000,0x000000ea2c300000) (1024K)]
  0x000002ac7acaecd0 JavaThread "Unconstrained build operations Thread 16"        [_thread_blocked, id=1964, stack(0x000000ea2c300000,0x000000ea2c400000) (1024K)]
  0x000002ac7acadfb0 JavaThread "Unconstrained build operations Thread 17"        [_thread_blocked, id=7736, stack(0x000000ea2c400000,0x000000ea2c500000) (1024K)]
  0x000002ac7f6efeb0 JavaThread "Unconstrained build operations Thread 18"        [_thread_blocked, id=21632, stack(0x000000ea2c900000,0x000000ea2ca00000) (1024K)]
  0x000002ac7f6f0bd0 JavaThread "Unconstrained build operations Thread 19"        [_thread_blocked, id=21212, stack(0x000000ea2d000000,0x000000ea2d100000) (1024K)]
  0x000002ac7f6f0540 JavaThread "Unconstrained build operations Thread 20"        [_thread_blocked, id=22160, stack(0x000000ea2d100000,0x000000ea2d200000) (1024K)]
  0x000002ac7f6f1260 JavaThread "Unconstrained build operations Thread 21"        [_thread_blocked, id=11660, stack(0x000000ea2d200000,0x000000ea2d300000) (1024K)]
  0x000002ac0c20d970 JavaThread "C1 CompilerThread1"         daemon [_thread_blocked, id=7476, stack(0x000000ea28800000,0x000000ea28900000) (1024K)]
  0x000002ac0c2116c0 JavaThread "C1 CompilerThread2"         daemon [_thread_blocked, id=9044, stack(0x000000ea2c800000,0x000000ea2c900000) (1024K)]
  0x000002ac0c20e040 JavaThread "C2 CompilerThread1"         daemon [_thread_blocked, id=25192, stack(0x000000ea2d300000,0x000000ea2d400000) (1024K)]
  0x000002ac0c210ff0 JavaThread "C2 CompilerThread2"         daemon [_thread_blocked, id=1972, stack(0x000000ea2d400000,0x000000ea2d500000) (1024K)]
  0x000002ac0c20e710 JavaThread "C1 CompilerThread3"         daemon [_thread_blocked, id=8952, stack(0x000000ea2d500000,0x000000ea2d600000) (1024K)]
Total: 74

Other Threads:
  0x000002ac7a1a9900 VMThread "VM Thread"                           [id=16820, stack(0x000000ea27e00000,0x000000ea27f00000) (1024K)]
  0x000002ac7a08eb40 WatcherThread "VM Periodic Task Thread"        [id=23120, stack(0x000000ea27d00000,0x000000ea27e00000) (1024K)]
  0x000002ac5ff43260 WorkerThread "GC Thread#0"                     [id=23432, stack(0x000000ea27800000,0x000000ea27900000) (1024K)]
  0x000002ac7ad114a0 WorkerThread "GC Thread#1"                     [id=25336, stack(0x000000ea28e00000,0x000000ea28f00000) (1024K)]
  0x000002ac7aa6dc60 WorkerThread "GC Thread#2"                     [id=22156, stack(0x000000ea28f00000,0x000000ea29000000) (1024K)]
  0x000002ac7aa6e000 WorkerThread "GC Thread#3"                     [id=8068, stack(0x000000ea29000000,0x000000ea29100000) (1024K)]
  0x000002ac7ac6fe60 WorkerThread "GC Thread#4"                     [id=26172, stack(0x000000ea29100000,0x000000ea29200000) (1024K)]
  0x000002ac7f1a7410 WorkerThread "GC Thread#5"                     [id=20264, stack(0x000000ea29300000,0x000000ea29400000) (1024K)]
  0x000002ac7f1a7ef0 WorkerThread "GC Thread#6"                     [id=1780, stack(0x000000ea29400000,0x000000ea29500000) (1024K)]
  0x000002ac7f1a6590 WorkerThread "GC Thread#7"                     [id=7052, stack(0x000000ea29500000,0x000000ea29600000) (1024K)]
  0x000002ac7f1a6930 WorkerThread "GC Thread#8"                     [id=7976, stack(0x000000ea29600000,0x000000ea29700000) (1024K)]
  0x000002ac7f1a6cd0 WorkerThread "GC Thread#9"                     [id=14216, stack(0x000000ea2a000000,0x000000ea2a100000) (1024K)]
  0x000002ac7f1a7070 WorkerThread "GC Thread#10"                    [id=22764, stack(0x000000ea2a100000,0x000000ea2a200000) (1024K)]
  0x000002ac005b0750 WorkerThread "GC Thread#11"                    [id=11852, stack(0x000000ea2a200000,0x000000ea2a300000) (1024K)]
  0x000002ac005b0e90 WorkerThread "GC Thread#12"                    [id=19168, stack(0x000000ea2a300000,0x000000ea2a400000) (1024K)]
  0x000002ac5ff54150 ConcurrentGCThread "G1 Main Marker"            [id=26492, stack(0x000000ea27900000,0x000000ea27a00000) (1024K)]
  0x000002ac5ff54b60 WorkerThread "G1 Conc#0"                       [id=24564, stack(0x000000ea27a00000,0x000000ea27b00000) (1024K)]
  0x000002ac005af190 WorkerThread "G1 Conc#1"                       [id=11328, stack(0x000000ea2a400000,0x000000ea2a500000) (1024K)]
  0x000002ac005b2b90 WorkerThread "G1 Conc#2"                       [id=20940, stack(0x000000ea2a500000,0x000000ea2a600000) (1024K)]
  0x000002ac79fe5480 ConcurrentGCThread "G1 Refine#0"               [id=21420, stack(0x000000ea27b00000,0x000000ea27c00000) (1024K)]
  0x000002ac79fe5ca0 ConcurrentGCThread "G1 Service"                [id=26152, stack(0x000000ea27c00000,0x000000ea27d00000) (1024K)]
Total: 21

Threads with active compile tasks:
Total: 0

VM state: not at safepoint (normal execution)

VM Mutex/Monitor currently owned by a thread: None

Heap address: 0x0000000080000000, size: 2048 MB, Compressed Oops mode: 32-bit

CDS archive(s) not mapped
Compressed class space mapped at: 0x0000000100000000-0x0000000140000000, reserved size: 1073741824
Narrow klass base: 0x0000000000000000, Narrow klass shift: 3, Narrow klass range: 0x140000000

GC Precious Log:
 CardTable entry size: 512
 Card Set container configuration: InlinePtr #cards 5 size 8 Array Of Cards #cards 12 size 40 Howl #buckets 4 coarsen threshold 1843 Howl Bitmap #cards 512 size 80 coarsen threshold 460 Card regions per heap region 1 cards per card region 2048
 CPUs: 16 total, 16 available
 Memory: 15711M
 Large Page Support: Disabled
 NUMA Support: Disabled
 Compressed Oops: Enabled (32-bit)
 Heap Region Size: 1M
 Heap Min Capacity: 8M
 Heap Initial Capacity: 246M
 Heap Max Capacity: 2G
 Pre-touch: Disabled
 Parallel Workers: 13
 Concurrent Workers: 3
 Concurrent Refinement Workers: 13
 Periodic GC: Disabled

Heap:
 garbage-first heap   total 631808K, used 335315K [0x0000000080000000, 0x0000000100000000)
  region size 1024K, 152 young (155648K), 3 survivors (3072K)
 Metaspace       used 70398K, committed 71936K, reserved 1114112K
  class space    used 9143K, committed 9920K, reserved 1048576K

Heap Regions: E=young(eden), S=young(survivor), O=old, HS=humongous(starts), HC=humongous(continues), CS=collection set, F=free, TAMS=top-at-mark-start, PB=parsable bottom
|   0|0x0000000080000000, 0x0000000080100000, 0x0000000080100000|100%|HS|  |TAMS 0x0000000080000000| PB 0x0000000080000000| Complete 
|   1|0x0000000080100000, 0x0000000080200000, 0x0000000080200000|100%|HC|  |TAMS 0x0000000080100000| PB 0x0000000080100000| Complete 
|   2|0x0000000080200000, 0x0000000080300000, 0x0000000080300000|100%|HC|  |TAMS 0x0000000080200000| PB 0x0000000080200000| Complete 
|   3|0x0000000080300000, 0x0000000080400000, 0x0000000080400000|100%|HC|  |TAMS 0x0000000080300000| PB 0x0000000080300000| Complete 
|   4|0x0000000080400000, 0x0000000080500000, 0x0000000080500000|100%| O|  |TAMS 0x0000000080400000| PB 0x0000000080400000| Untracked 
|   5|0x0000000080500000, 0x0000000080600000, 0x0000000080600000|100%| O|  |TAMS 0x0000000080500000| PB 0x0000000080500000| Untracked 
|   6|0x0000000080600000, 0x0000000080700000, 0x0000000080700000|100%| O|  |TAMS 0x0000000080600000| PB 0x0000000080600000| Untracked 
|   7|0x0000000080700000, 0x0000000080800000, 0x0000000080800000|100%| O|  |TAMS 0x0000000080700000| PB 0x0000000080700000| Untracked 
|   8|0x0000000080800000, 0x0000000080900000, 0x0000000080900000|100%|HS|  |TAMS 0x0000000080800000| PB 0x0000000080800000| Complete 
|   9|0x0000000080900000, 0x0000000080a00000, 0x0000000080a00000|100%| O|  |TAMS 0x0000000080900000| PB 0x0000000080900000| Untracked 
|  10|0x0000000080a00000, 0x0000000080b00000, 0x0000000080b00000|100%| O|  |TAMS 0x0000000080a00000| PB 0x0000000080a00000| Untracked 
|  11|0x0000000080b00000, 0x0000000080c00000, 0x0000000080c00000|100%| O|  |TAMS 0x0000000080b00000| PB 0x0000000080b00000| Untracked 
|  12|0x0000000080c00000, 0x0000000080d00000, 0x0000000080d00000|100%|HS|  |TAMS 0x0000000080c00000| PB 0x0000000080c00000| Complete 
|  13|0x0000000080d00000, 0x0000000080e00000, 0x0000000080e00000|100%| O|  |TAMS 0x0000000080d00000| PB 0x0000000080d00000| Untracked 
|  14|0x0000000080e00000, 0x0000000080f00000, 0x0000000080f00000|100%| O|  |TAMS 0x0000000080e00000| PB 0x0000000080e00000| Untracked 
|  15|0x0000000080f00000, 0x0000000081000000, 0x0000000081000000|100%| O|  |TAMS 0x0000000080f00000| PB 0x0000000080f00000| Untracked 
|  16|0x0000000081000000, 0x0000000081100000, 0x0000000081100000|100%| O|  |TAMS 0x0000000081000000| PB 0x0000000081000000| Untracked 
|  17|0x0000000081100000, 0x0000000081200000, 0x0000000081200000|100%| O|  |TAMS 0x0000000081100000| PB 0x0000000081100000| Untracked 
|  18|0x0000000081200000, 0x0000000081300000, 0x0000000081300000|100%| O|  |TAMS 0x0000000081200000| PB 0x0000000081200000| Untracked 
|  19|0x0000000081300000, 0x0000000081400000, 0x0000000081400000|100%| O|  |TAMS 0x0000000081300000| PB 0x0000000081300000| Untracked 
|  20|0x0000000081400000, 0x0000000081500000, 0x0000000081500000|100%| O|  |TAMS 0x0000000081400000| PB 0x0000000081400000| Untracked 
|  21|0x0000000081500000, 0x0000000081600000, 0x0000000081600000|100%|HS|  |TAMS 0x0000000081500000| PB 0x0000000081500000| Complete 
|  22|0x0000000081600000, 0x0000000081700000, 0x0000000081700000|100%|HC|  |TAMS 0x0000000081600000| PB 0x0000000081600000| Complete 
|  23|0x0000000081700000, 0x0000000081800000, 0x0000000081800000|100%|HC|  |TAMS 0x0000000081700000| PB 0x0000000081700000| Complete 
|  24|0x0000000081800000, 0x0000000081900000, 0x0000000081900000|100%|HC|  |TAMS 0x0000000081800000| PB 0x0000000081800000| Complete 
|  25|0x0000000081900000, 0x0000000081a00000, 0x0000000081a00000|100%|HC|  |TAMS 0x0000000081900000| PB 0x0000000081900000| Complete 
|  26|0x0000000081a00000, 0x0000000081b00000, 0x0000000081b00000|100%|HC|  |TAMS 0x0000000081a00000| PB 0x0000000081a00000| Complete 
|  27|0x0000000081b00000, 0x0000000081c00000, 0x0000000081c00000|100%| O|  |TAMS 0x0000000081b00000| PB 0x0000000081b00000| Untracked 
|  28|0x0000000081c00000, 0x0000000081d00000, 0x0000000081d00000|100%| O|  |TAMS 0x0000000081c00000| PB 0x0000000081c00000| Untracked 
|  29|0x0000000081d00000, 0x0000000081e00000, 0x0000000081e00000|100%| O|  |TAMS 0x0000000081d00000| PB 0x0000000081d00000| Untracked 
|  30|0x0000000081e00000, 0x0000000081f00000, 0x0000000081f00000|100%| O|  |TAMS 0x0000000081e00000| PB 0x0000000081e00000| Untracked 
|  31|0x0000000081f00000, 0x0000000082000000, 0x0000000082000000|100%| O|  |TAMS 0x0000000081f00000| PB 0x0000000081f00000| Untracked 
|  32|0x0000000082000000, 0x0000000082100000, 0x0000000082100000|100%| O|  |TAMS 0x0000000082000000| PB 0x0000000082000000| Untracked 
|  33|0x0000000082100000, 0x0000000082200000, 0x0000000082200000|100%| O|  |TAMS 0x0000000082100000| PB 0x0000000082100000| Untracked 
|  34|0x0000000082200000, 0x0000000082300000, 0x0000000082300000|100%|HS|  |TAMS 0x0000000082200000| PB 0x0000000082200000| Complete 
|  35|0x0000000082300000, 0x0000000082400000, 0x0000000082400000|100%|HC|  |TAMS 0x0000000082300000| PB 0x0000000082300000| Complete 
|  36|0x0000000082400000, 0x0000000082500000, 0x0000000082500000|100%|HC|  |TAMS 0x0000000082400000| PB 0x0000000082400000| Complete 
|  37|0x0000000082500000, 0x0000000082600000, 0x0000000082600000|100%|HS|  |TAMS 0x0000000082500000| PB 0x0000000082500000| Complete 
|  38|0x0000000082600000, 0x0000000082700000, 0x0000000082700000|100%|HC|  |TAMS 0x0000000082600000| PB 0x0000000082600000| Complete 
|  39|0x0000000082700000, 0x0000000082800000, 0x0000000082800000|100%| O|  |TAMS 0x0000000082700000| PB 0x0000000082700000| Untracked 
|  40|0x0000000082800000, 0x0000000082900000, 0x0000000082900000|100%| O|  |TAMS 0x0000000082800000| PB 0x0000000082800000| Untracked 
|  41|0x0000000082900000, 0x0000000082a00000, 0x0000000082a00000|100%| O|  |TAMS 0x0000000082900000| PB 0x0000000082900000| Untracked 
|  42|0x0000000082a00000, 0x0000000082b00000, 0x0000000082b00000|100%| O|  |TAMS 0x0000000082a00000| PB 0x0000000082a00000| Untracked 
|  43|0x0000000082b00000, 0x0000000082c00000, 0x0000000082c00000|100%| O|  |TAMS 0x0000000082b00000| PB 0x0000000082b00000| Untracked 
|  44|0x0000000082c00000, 0x0000000082d00000, 0x0000000082d00000|100%| O|  |TAMS 0x0000000082c00000| PB 0x0000000082c00000| Untracked 
|  45|0x0000000082d00000, 0x0000000082e00000, 0x0000000082e00000|100%| O|  |TAMS 0x0000000082d00000| PB 0x0000000082d00000| Untracked 
|  46|0x0000000082e00000, 0x0000000082f00000, 0x0000000082f00000|100%| O|  |TAMS 0x0000000082e00000| PB 0x0000000082e00000| Untracked 
|  47|0x0000000082f00000, 0x0000000083000000, 0x0000000083000000|100%| O|  |TAMS 0x0000000082f00000| PB 0x0000000082f00000| Untracked 
|  48|0x0000000083000000, 0x0000000083100000, 0x0000000083100000|100%| O|  |TAMS 0x0000000083000000| PB 0x0000000083000000| Untracked 
|  49|0x0000000083100000, 0x0000000083200000, 0x0000000083200000|100%| O|  |TAMS 0x0000000083100000| PB 0x0000000083100000| Untracked 
|  50|0x0000000083200000, 0x0000000083300000, 0x0000000083300000|100%| O|  |TAMS 0x0000000083200000| PB 0x0000000083200000| Untracked 
|  51|0x0000000083300000, 0x0000000083400000, 0x0000000083400000|100%| O|  |TAMS 0x0000000083300000| PB 0x0000000083300000| Untracked 
|  52|0x0000000083400000, 0x0000000083500000, 0x0000000083500000|100%| O|  |TAMS 0x0000000083400000| PB 0x0000000083400000| Untracked 
|  53|0x0000000083500000, 0x0000000083600000, 0x0000000083600000|100%| O|  |TAMS 0x0000000083500000| PB 0x0000000083500000| Untracked 
|  54|0x0000000083600000, 0x0000000083700000, 0x0000000083700000|100%| O|  |TAMS 0x0000000083600000| PB 0x0000000083600000| Untracked 
|  55|0x0000000083700000, 0x0000000083800000, 0x0000000083800000|100%| O|  |TAMS 0x0000000083700000| PB 0x0000000083700000| Untracked 
|  56|0x0000000083800000, 0x0000000083900000, 0x0000000083900000|100%| O|  |TAMS 0x0000000083800000| PB 0x0000000083800000| Untracked 
|  57|0x0000000083900000, 0x0000000083a00000, 0x0000000083a00000|100%| O|  |TAMS 0x0000000083900000| PB 0x0000000083900000| Untracked 
|  58|0x0000000083a00000, 0x0000000083b00000, 0x0000000083b00000|100%| O|  |TAMS 0x0000000083a00000| PB 0x0000000083a00000| Untracked 
|  59|0x0000000083b00000, 0x0000000083c00000, 0x0000000083c00000|100%| O|  |TAMS 0x0000000083b00000| PB 0x0000000083b00000| Untracked 
|  60|0x0000000083c00000, 0x0000000083d00000, 0x0000000083d00000|100%| O|  |TAMS 0x0000000083c00000| PB 0x0000000083c00000| Untracked 
|  61|0x0000000083d00000, 0x0000000083e00000, 0x0000000083e00000|100%| O|  |TAMS 0x0000000083d00000| PB 0x0000000083d00000| Untracked 
|  62|0x0000000083e00000, 0x0000000083f00000, 0x0000000083f00000|100%| O|  |TAMS 0x0000000083e00000| PB 0x0000000083e00000| Untracked 
|  63|0x0000000083f00000, 0x0000000084000000, 0x0000000084000000|100%| O|  |TAMS 0x0000000083f00000| PB 0x0000000083f00000| Untracked 
|  64|0x0000000084000000, 0x0000000084100000, 0x0000000084100000|100%| O|  |TAMS 0x0000000084000000| PB 0x0000000084000000| Untracked 
|  65|0x0000000084100000, 0x0000000084200000, 0x0000000084200000|100%| O|  |TAMS 0x0000000084100000| PB 0x0000000084100000| Untracked 
|  66|0x0000000084200000, 0x0000000084300000, 0x0000000084300000|100%| O|  |TAMS 0x0000000084200000| PB 0x0000000084200000| Untracked 
|  67|0x0000000084300000, 0x0000000084400000, 0x0000000084400000|100%| O|  |TAMS 0x0000000084300000| PB 0x0000000084300000| Untracked 
|  68|0x0000000084400000, 0x0000000084483d40, 0x0000000084500000| 51%| O|Cm|TAMS 0x0000000084400000| PB 0x0000000084400000| Complete 
|  69|0x0000000084500000, 0x0000000084600000, 0x0000000084600000|100%| O|  |TAMS 0x0000000084500000| PB 0x0000000084500000| Untracked 
|  70|0x0000000084600000, 0x0000000084700000, 0x0000000084700000|100%| O|  |TAMS 0x0000000084600000| PB 0x0000000084600000| Untracked 
|  71|0x0000000084700000, 0x0000000084800000, 0x0000000084800000|100%| O|  |TAMS 0x0000000084700000| PB 0x0000000084700000| Untracked 
|  72|0x0000000084800000, 0x0000000084900000, 0x0000000084900000|100%| O|  |TAMS 0x0000000084800000| PB 0x0000000084800000| Untracked 
|  73|0x0000000084900000, 0x0000000084a00000, 0x0000000084a00000|100%|HS|  |TAMS 0x0000000084900000| PB 0x0000000084900000| Complete 
|  74|0x0000000084a00000, 0x0000000084b00000, 0x0000000084b00000|100%|HC|  |TAMS 0x0000000084a00000| PB 0x0000000084a00000| Complete 
|  75|0x0000000084b00000, 0x0000000084c00000, 0x0000000084c00000|100%| O|  |TAMS 0x0000000084b00000| PB 0x0000000084b00000| Untracked 
|  76|0x0000000084c00000, 0x0000000084d00000, 0x0000000084d00000|100%| O|  |TAMS 0x0000000084c00000| PB 0x0000000084c00000| Untracked 
|  77|0x0000000084d00000, 0x0000000084e00000, 0x0000000084e00000|100%| O|Cm|TAMS 0x0000000084d00000| PB 0x0000000084d00000| Complete 
|  78|0x0000000084e00000, 0x0000000084f00000, 0x0000000084f00000|100%| O|  |TAMS 0x0000000084e00000| PB 0x0000000084e00000| Untracked 
|  79|0x0000000084f00000, 0x0000000085000000, 0x0000000085000000|100%| O|  |TAMS 0x0000000084f00000| PB 0x0000000084f00000| Untracked 
|  80|0x0000000085000000, 0x0000000085100000, 0x0000000085100000|100%| O|  |TAMS 0x0000000085000000| PB 0x0000000085000000| Untracked 
|  81|0x0000000085100000, 0x0000000085200000, 0x0000000085200000|100%| O|  |TAMS 0x0000000085100000| PB 0x0000000085100000| Untracked 
|  82|0x0000000085200000, 0x0000000085300000, 0x0000000085300000|100%| O|  |TAMS 0x0000000085200000| PB 0x0000000085200000| Untracked 
|  83|0x0000000085300000, 0x0000000085400000, 0x0000000085400000|100%| O|  |TAMS 0x0000000085300000| PB 0x0000000085300000| Untracked 
|  84|0x0000000085400000, 0x0000000085500000, 0x0000000085500000|100%| O|  |TAMS 0x0000000085400000| PB 0x0000000085400000| Untracked 
|  85|0x0000000085500000, 0x0000000085600000, 0x0000000085600000|100%| O|  |TAMS 0x0000000085500000| PB 0x0000000085500000| Untracked 
|  86|0x0000000085600000, 0x0000000085700000, 0x0000000085700000|100%| O|  |TAMS 0x0000000085600000| PB 0x0000000085600000| Untracked 
|  87|0x0000000085700000, 0x0000000085800000, 0x0000000085800000|100%| O|  |TAMS 0x0000000085700000| PB 0x0000000085700000| Untracked 
|  88|0x0000000085800000, 0x0000000085900000, 0x0000000085900000|100%| O|  |TAMS 0x0000000085800000| PB 0x0000000085800000| Untracked 
|  89|0x0000000085900000, 0x0000000085a00000, 0x0000000085a00000|100%| O|  |TAMS 0x0000000085900000| PB 0x0000000085900000| Untracked 
|  90|0x0000000085a00000, 0x0000000085b00000, 0x0000000085b00000|100%| O|  |TAMS 0x0000000085a00000| PB 0x0000000085a00000| Untracked 
|  91|0x0000000085b00000, 0x0000000085c00000, 0x0000000085c00000|100%| O|Cm|TAMS 0x0000000085b00000| PB 0x0000000085b00000| Complete 
|  92|0x0000000085c00000, 0x0000000085d00000, 0x0000000085d00000|100%| O|Cm|TAMS 0x0000000085c00000| PB 0x0000000085c00000| Complete 
|  93|0x0000000085d00000, 0x0000000085df6d38, 0x0000000085e00000| 96%| O|  |TAMS 0x0000000085d00000| PB 0x0000000085d00000| Untracked 
|  94|0x0000000085e00000, 0x0000000085f00000, 0x0000000085f00000|100%| O|  |TAMS 0x0000000085e00000| PB 0x0000000085e00000| Untracked 
|  95|0x0000000085f00000, 0x0000000086000000, 0x0000000086000000|100%| O|  |TAMS 0x0000000085f00000| PB 0x0000000085f00000| Untracked 
|  96|0x0000000086000000, 0x0000000086100000, 0x0000000086100000|100%| O|  |TAMS 0x0000000086000000| PB 0x0000000086000000| Untracked 
|  97|0x0000000086100000, 0x0000000086200000, 0x0000000086200000|100%| O|  |TAMS 0x0000000086100000| PB 0x0000000086100000| Untracked 
|  98|0x0000000086200000, 0x0000000086300000, 0x0000000086300000|100%| O|  |TAMS 0x0000000086200000| PB 0x0000000086200000| Untracked 
|  99|0x0000000086300000, 0x0000000086400000, 0x0000000086400000|100%| O|  |TAMS 0x0000000086300000| PB 0x0000000086300000| Untracked 
| 100|0x0000000086400000, 0x0000000086500000, 0x0000000086500000|100%| O|  |TAMS 0x0000000086400000| PB 0x0000000086400000| Untracked 
| 101|0x0000000086500000, 0x0000000086600000, 0x0000000086600000|100%| O|  |TAMS 0x0000000086500000| PB 0x0000000086500000| Untracked 
| 102|0x0000000086600000, 0x0000000086700000, 0x0000000086700000|100%| O|  |TAMS 0x0000000086600000| PB 0x0000000086600000| Untracked 
| 103|0x0000000086700000, 0x0000000086800000, 0x0000000086800000|100%| O|  |TAMS 0x0000000086700000| PB 0x0000000086700000| Untracked 
| 104|0x0000000086800000, 0x0000000086900000, 0x0000000086900000|100%| O|  |TAMS 0x0000000086800000| PB 0x0000000086800000| Untracked 
| 105|0x0000000086900000, 0x0000000086a00000, 0x0000000086a00000|100%| O|  |TAMS 0x0000000086900000| PB 0x0000000086900000| Untracked 
| 106|0x0000000086a00000, 0x0000000086b00000, 0x0000000086b00000|100%| O|  |TAMS 0x0000000086a00000| PB 0x0000000086a00000| Untracked 
| 107|0x0000000086b00000, 0x0000000086c00000, 0x0000000086c00000|100%| O|  |TAMS 0x0000000086b00000| PB 0x0000000086b00000| Untracked 
| 108|0x0000000086c00000, 0x0000000086d00000, 0x0000000086d00000|100%| O|  |TAMS 0x0000000086c00000| PB 0x0000000086c00000| Untracked 
| 109|0x0000000086d00000, 0x0000000086e00000, 0x0000000086e00000|100%| O|  |TAMS 0x0000000086d00000| PB 0x0000000086d00000| Untracked 
| 110|0x0000000086e00000, 0x0000000086f00000, 0x0000000086f00000|100%| O|  |TAMS 0x0000000086e00000| PB 0x0000000086e00000| Untracked 
| 111|0x0000000086f00000, 0x0000000087000000, 0x0000000087000000|100%|HS|  |TAMS 0x0000000086f00000| PB 0x0000000086f00000| Complete 
| 112|0x0000000087000000, 0x0000000087100000, 0x0000000087100000|100%| O|Cm|TAMS 0x0000000087000000| PB 0x0000000087000000| Complete 
| 113|0x0000000087100000, 0x0000000087200000, 0x0000000087200000|100%| O|  |TAMS 0x0000000087100000| PB 0x0000000087100000| Untracked 
| 114|0x0000000087200000, 0x0000000087300000, 0x0000000087300000|100%| O|  |TAMS 0x0000000087200000| PB 0x0000000087200000| Untracked 
| 115|0x0000000087300000, 0x0000000087400000, 0x0000000087400000|100%| O|  |TAMS 0x0000000087300000| PB 0x0000000087300000| Untracked 
| 116|0x0000000087400000, 0x0000000087500000, 0x0000000087500000|100%| O|  |TAMS 0x0000000087400000| PB 0x0000000087400000| Untracked 
| 117|0x0000000087500000, 0x0000000087600000, 0x0000000087600000|100%| O|  |TAMS 0x0000000087500000| PB 0x0000000087500000| Untracked 
| 118|0x0000000087600000, 0x0000000087700000, 0x0000000087700000|100%| O|  |TAMS 0x0000000087600000| PB 0x0000000087600000| Untracked 
| 119|0x0000000087700000, 0x0000000087800000, 0x0000000087800000|100%| O|  |TAMS 0x0000000087700000| PB 0x0000000087700000| Untracked 
| 120|0x0000000087800000, 0x0000000087900000, 0x0000000087900000|100%| O|  |TAMS 0x0000000087800000| PB 0x0000000087800000| Untracked 
| 121|0x0000000087900000, 0x0000000087a00000, 0x0000000087a00000|100%| O|  |TAMS 0x0000000087900000| PB 0x0000000087900000| Untracked 
| 122|0x0000000087a00000, 0x0000000087b00000, 0x0000000087b00000|100%|HS|  |TAMS 0x0000000087a00000| PB 0x0000000087a00000| Complete 
| 123|0x0000000087b00000, 0x0000000087c00000, 0x0000000087c00000|100%|HC|  |TAMS 0x0000000087b00000| PB 0x0000000087b00000| Complete 
| 124|0x0000000087c00000, 0x0000000087d00000, 0x0000000087d00000|100%|HC|  |TAMS 0x0000000087c00000| PB 0x0000000087c00000| Complete 
| 125|0x0000000087d00000, 0x0000000087e00000, 0x0000000087e00000|100%|HC|  |TAMS 0x0000000087d00000| PB 0x0000000087d00000| Complete 
| 126|0x0000000087e00000, 0x0000000087f00000, 0x0000000087f00000|100%|HC|  |TAMS 0x0000000087e00000| PB 0x0000000087e00000| Complete 
| 127|0x0000000087f00000, 0x0000000088000000, 0x0000000088000000|100%|HC|  |TAMS 0x0000000087f00000| PB 0x0000000087f00000| Complete 
| 128|0x0000000088000000, 0x0000000088100000, 0x0000000088100000|100%| O|  |TAMS 0x0000000088000000| PB 0x0000000088000000| Untracked 
| 129|0x0000000088100000, 0x0000000088200000, 0x0000000088200000|100%| O|  |TAMS 0x0000000088100000| PB 0x0000000088100000| Untracked 
| 130|0x0000000088200000, 0x0000000088200000, 0x0000000088300000|  0%| F|  |TAMS 0x0000000088200000| PB 0x0000000088200000| Untracked 
| 131|0x0000000088300000, 0x0000000088400000, 0x0000000088400000|100%| O|  |TAMS 0x0000000088300000| PB 0x0000000088300000| Untracked 
| 132|0x0000000088400000, 0x0000000088400000, 0x0000000088500000|  0%| F|  |TAMS 0x0000000088400000| PB 0x0000000088400000| Untracked 
| 133|0x0000000088500000, 0x0000000088600000, 0x0000000088600000|100%| O|  |TAMS 0x0000000088500000| PB 0x0000000088500000| Untracked 
| 134|0x0000000088600000, 0x0000000088700000, 0x0000000088700000|100%| O|  |TAMS 0x0000000088600000| PB 0x0000000088600000| Untracked 
| 135|0x0000000088700000, 0x0000000088700000, 0x0000000088800000|  0%| F|  |TAMS 0x0000000088700000| PB 0x0000000088700000| Untracked 
| 136|0x0000000088800000, 0x0000000088800000, 0x0000000088900000|  0%| F|  |TAMS 0x0000000088800000| PB 0x0000000088800000| Untracked 
| 137|0x0000000088900000, 0x0000000088900000, 0x0000000088a00000|  0%| F|  |TAMS 0x0000000088900000| PB 0x0000000088900000| Untracked 
| 138|0x0000000088a00000, 0x0000000088a00000, 0x0000000088b00000|  0%| F|  |TAMS 0x0000000088a00000| PB 0x0000000088a00000| Untracked 
| 139|0x0000000088b00000, 0x0000000088c00000, 0x0000000088c00000|100%|HS|  |TAMS 0x0000000088b00000| PB 0x0000000088b00000| Complete 
| 140|0x0000000088c00000, 0x0000000088d00000, 0x0000000088d00000|100%|HC|  |TAMS 0x0000000088c00000| PB 0x0000000088c00000| Complete 
| 141|0x0000000088d00000, 0x0000000088e00000, 0x0000000088e00000|100%|HC|  |TAMS 0x0000000088d00000| PB 0x0000000088d00000| Complete 
| 142|0x0000000088e00000, 0x0000000088f00000, 0x0000000088f00000|100%|HC|  |TAMS 0x0000000088e00000| PB 0x0000000088e00000| Complete 
| 143|0x0000000088f00000, 0x0000000089000000, 0x0000000089000000|100%|HC|  |TAMS 0x0000000088f00000| PB 0x0000000088f00000| Complete 
| 144|0x0000000089000000, 0x0000000089100000, 0x0000000089100000|100%|HC|  |TAMS 0x0000000089000000| PB 0x0000000089000000| Complete 
| 145|0x0000000089100000, 0x0000000089100000, 0x0000000089200000|  0%| F|  |TAMS 0x0000000089100000| PB 0x0000000089100000| Untracked 
| 146|0x0000000089200000, 0x0000000089200000, 0x0000000089300000|  0%| F|  |TAMS 0x0000000089200000| PB 0x0000000089200000| Untracked 
| 147|0x0000000089300000, 0x0000000089300000, 0x0000000089400000|  0%| F|  |TAMS 0x0000000089300000| PB 0x0000000089300000| Untracked 
| 148|0x0000000089400000, 0x0000000089500000, 0x0000000089500000|100%|HS|  |TAMS 0x0000000089400000| PB 0x0000000089400000| Complete 
| 149|0x0000000089500000, 0x0000000089600000, 0x0000000089600000|100%| O|Cm|TAMS 0x0000000089500000| PB 0x0000000089500000| Complete 
| 150|0x0000000089600000, 0x0000000089700000, 0x0000000089700000|100%| O|  |TAMS 0x0000000089600000| PB 0x0000000089600000| Untracked 
| 151|0x0000000089700000, 0x0000000089800000, 0x0000000089800000|100%| O|  |TAMS 0x0000000089700000| PB 0x0000000089700000| Untracked 
| 152|0x0000000089800000, 0x0000000089900000, 0x0000000089900000|100%|HS|  |TAMS 0x0000000089800000| PB 0x0000000089800000| Complete 
| 153|0x0000000089900000, 0x0000000089a00000, 0x0000000089a00000|100%|HC|  |TAMS 0x0000000089900000| PB 0x0000000089900000| Complete 
| 154|0x0000000089a00000, 0x0000000089b00000, 0x0000000089b00000|100%|HC|  |TAMS 0x0000000089a00000| PB 0x0000000089a00000| Complete 
| 155|0x0000000089b00000, 0x0000000089c00000, 0x0000000089c00000|100%|HC|  |TAMS 0x0000000089b00000| PB 0x0000000089b00000| Complete 
| 156|0x0000000089c00000, 0x0000000089d00000, 0x0000000089d00000|100%|HC|  |TAMS 0x0000000089c00000| PB 0x0000000089c00000| Complete 
| 157|0x0000000089d00000, 0x0000000089e00000, 0x0000000089e00000|100%|HC|  |TAMS 0x0000000089d00000| PB 0x0000000089d00000| Complete 
| 158|0x0000000089e00000, 0x0000000089e00000, 0x0000000089f00000|  0%| F|  |TAMS 0x0000000089e00000| PB 0x0000000089e00000| Untracked 
| 159|0x0000000089f00000, 0x0000000089f00000, 0x000000008a000000|  0%| F|  |TAMS 0x0000000089f00000| PB 0x0000000089f00000| Untracked 
| 160|0x000000008a000000, 0x000000008a000000, 0x000000008a100000|  0%| F|  |TAMS 0x000000008a000000| PB 0x000000008a000000| Untracked 
| 161|0x000000008a100000, 0x000000008a100000, 0x000000008a200000|  0%| F|  |TAMS 0x000000008a100000| PB 0x000000008a100000| Untracked 
| 162|0x000000008a200000, 0x000000008a200000, 0x000000008a300000|  0%| F|  |TAMS 0x000000008a200000| PB 0x000000008a200000| Untracked 
| 163|0x000000008a300000, 0x000000008a300000, 0x000000008a400000|  0%| F|  |TAMS 0x000000008a300000| PB 0x000000008a300000| Untracked 
| 164|0x000000008a400000, 0x000000008a400000, 0x000000008a500000|  0%| F|  |TAMS 0x000000008a400000| PB 0x000000008a400000| Untracked 
| 165|0x000000008a500000, 0x000000008a500000, 0x000000008a600000|  0%| F|  |TAMS 0x000000008a500000| PB 0x000000008a500000| Untracked 
| 166|0x000000008a600000, 0x000000008a600000, 0x000000008a700000|  0%| F|  |TAMS 0x000000008a600000| PB 0x000000008a600000| Untracked 
| 167|0x000000008a700000, 0x000000008a700000, 0x000000008a800000|  0%| F|  |TAMS 0x000000008a700000| PB 0x000000008a700000| Untracked 
| 168|0x000000008a800000, 0x000000008a800000, 0x000000008a900000|  0%| F|  |TAMS 0x000000008a800000| PB 0x000000008a800000| Untracked 
| 169|0x000000008a900000, 0x000000008a900000, 0x000000008aa00000|  0%| F|  |TAMS 0x000000008a900000| PB 0x000000008a900000| Untracked 
| 170|0x000000008aa00000, 0x000000008aa00000, 0x000000008ab00000|  0%| F|  |TAMS 0x000000008aa00000| PB 0x000000008aa00000| Untracked 
| 171|0x000000008ab00000, 0x000000008ab00000, 0x000000008ac00000|  0%| F|  |TAMS 0x000000008ab00000| PB 0x000000008ab00000| Untracked 
| 172|0x000000008ac00000, 0x000000008ac00000, 0x000000008ad00000|  0%| F|  |TAMS 0x000000008ac00000| PB 0x000000008ac00000| Untracked 
| 173|0x000000008ad00000, 0x000000008ad00000, 0x000000008ae00000|  0%| F|  |TAMS 0x000000008ad00000| PB 0x000000008ad00000| Untracked 
| 174|0x000000008ae00000, 0x000000008ae00000, 0x000000008af00000|  0%| F|  |TAMS 0x000000008ae00000| PB 0x000000008ae00000| Untracked 
| 175|0x000000008af00000, 0x000000008af00000, 0x000000008b000000|  0%| F|  |TAMS 0x000000008af00000| PB 0x000000008af00000| Untracked 
| 176|0x000000008b000000, 0x000000008b000000, 0x000000008b100000|  0%| F|  |TAMS 0x000000008b000000| PB 0x000000008b000000| Untracked 
| 177|0x000000008b100000, 0x000000008b100000, 0x000000008b200000|  0%| F|  |TAMS 0x000000008b100000| PB 0x000000008b100000| Untracked 
| 178|0x000000008b200000, 0x000000008b300000, 0x000000008b300000|100%| O|  |TAMS 0x000000008b200000| PB 0x000000008b200000| Untracked 
| 179|0x000000008b300000, 0x000000008b300000, 0x000000008b400000|  0%| F|  |TAMS 0x000000008b300000| PB 0x000000008b300000| Untracked 
| 180|0x000000008b400000, 0x000000008b400000, 0x000000008b500000|  0%| F|  |TAMS 0x000000008b400000| PB 0x000000008b400000| Untracked 
| 181|0x000000008b500000, 0x000000008b500000, 0x000000008b600000|  0%| F|  |TAMS 0x000000008b500000| PB 0x000000008b500000| Untracked 
| 182|0x000000008b600000, 0x000000008b600000, 0x000000008b700000|  0%| F|  |TAMS 0x000000008b600000| PB 0x000000008b600000| Untracked 
| 183|0x000000008b700000, 0x000000008b700000, 0x000000008b800000|  0%| F|  |TAMS 0x000000008b700000| PB 0x000000008b700000| Untracked 
| 184|0x000000008b800000, 0x000000008b800000, 0x000000008b900000|  0%| F|  |TAMS 0x000000008b800000| PB 0x000000008b800000| Untracked 
| 185|0x000000008b900000, 0x000000008b900000, 0x000000008ba00000|  0%| F|  |TAMS 0x000000008b900000| PB 0x000000008b900000| Untracked 
| 186|0x000000008ba00000, 0x000000008bb00000, 0x000000008bb00000|100%| O|  |TAMS 0x000000008ba00000| PB 0x000000008ba00000| Untracked 
| 187|0x000000008bb00000, 0x000000008bc00000, 0x000000008bc00000|100%| O|  |TAMS 0x000000008bb00000| PB 0x000000008bb00000| Untracked 
| 188|0x000000008bc00000, 0x000000008bd00000, 0x000000008bd00000|100%| O|  |TAMS 0x000000008bc00000| PB 0x000000008bc00000| Untracked 
| 189|0x000000008bd00000, 0x000000008be00000, 0x000000008be00000|100%| O|  |TAMS 0x000000008bd00000| PB 0x000000008bd00000| Untracked 
| 190|0x000000008be00000, 0x000000008be00000, 0x000000008bf00000|  0%| F|  |TAMS 0x000000008be00000| PB 0x000000008be00000| Untracked 
| 191|0x000000008bf00000, 0x000000008bf00000, 0x000000008c000000|  0%| F|  |TAMS 0x000000008bf00000| PB 0x000000008bf00000| Untracked 
| 192|0x000000008c000000, 0x000000008c000000, 0x000000008c100000|  0%| F|  |TAMS 0x000000008c000000| PB 0x000000008c000000| Untracked 
| 193|0x000000008c100000, 0x000000008c100000, 0x000000008c200000|  0%| F|  |TAMS 0x000000008c100000| PB 0x000000008c100000| Untracked 
| 194|0x000000008c200000, 0x000000008c300000, 0x000000008c300000|100%| O|  |TAMS 0x000000008c200000| PB 0x000000008c200000| Untracked 
| 195|0x000000008c300000, 0x000000008c400000, 0x000000008c400000|100%| O|  |TAMS 0x000000008c300000| PB 0x000000008c300000| Untracked 
| 196|0x000000008c400000, 0x000000008c500000, 0x000000008c500000|100%| O|Cm|TAMS 0x000000008c400000| PB 0x000000008c400000| Complete 
| 197|0x000000008c500000, 0x000000008c600000, 0x000000008c600000|100%| O|  |TAMS 0x000000008c500000| PB 0x000000008c500000| Untracked 
| 198|0x000000008c600000, 0x000000008c700000, 0x000000008c700000|100%| O|  |TAMS 0x000000008c600000| PB 0x000000008c600000| Untracked 
| 199|0x000000008c700000, 0x000000008c800000, 0x000000008c800000|100%| O|  |TAMS 0x000000008c700000| PB 0x000000008c700000| Untracked 
| 200|0x000000008c800000, 0x000000008c800000, 0x000000008c900000|  0%| F|  |TAMS 0x000000008c800000| PB 0x000000008c800000| Untracked 
| 201|0x000000008c900000, 0x000000008c900000, 0x000000008ca00000|  0%| F|  |TAMS 0x000000008c900000| PB 0x000000008c900000| Untracked 
| 202|0x000000008ca00000, 0x000000008ca00000, 0x000000008cb00000|  0%| F|  |TAMS 0x000000008ca00000| PB 0x000000008ca00000| Untracked 
| 203|0x000000008cb00000, 0x000000008cb00000, 0x000000008cc00000|  0%| F|  |TAMS 0x000000008cb00000| PB 0x000000008cb00000| Untracked 
| 204|0x000000008cc00000, 0x000000008cc00000, 0x000000008cd00000|  0%| F|  |TAMS 0x000000008cc00000| PB 0x000000008cc00000| Untracked 
| 205|0x000000008cd00000, 0x000000008cd00000, 0x000000008ce00000|  0%| F|  |TAMS 0x000000008cd00000| PB 0x000000008cd00000| Untracked 
| 206|0x000000008ce00000, 0x000000008ce00000, 0x000000008cf00000|  0%| F|  |TAMS 0x000000008ce00000| PB 0x000000008ce00000| Untracked 
| 207|0x000000008cf00000, 0x000000008cf00000, 0x000000008d000000|  0%| F|  |TAMS 0x000000008cf00000| PB 0x000000008cf00000| Untracked 
| 208|0x000000008d000000, 0x000000008d000000, 0x000000008d100000|  0%| F|  |TAMS 0x000000008d000000| PB 0x000000008d000000| Untracked 
| 209|0x000000008d100000, 0x000000008d100000, 0x000000008d200000|  0%| F|  |TAMS 0x000000008d100000| PB 0x000000008d100000| Untracked 
| 210|0x000000008d200000, 0x000000008d200000, 0x000000008d300000|  0%| F|  |TAMS 0x000000008d200000| PB 0x000000008d200000| Untracked 
| 211|0x000000008d300000, 0x000000008d300000, 0x000000008d400000|  0%| F|  |TAMS 0x000000008d300000| PB 0x000000008d300000| Untracked 
| 212|0x000000008d400000, 0x000000008d400000, 0x000000008d500000|  0%| F|  |TAMS 0x000000008d400000| PB 0x000000008d400000| Untracked 
| 213|0x000000008d500000, 0x000000008d500000, 0x000000008d600000|  0%| F|  |TAMS 0x000000008d500000| PB 0x000000008d500000| Untracked 
| 214|0x000000008d600000, 0x000000008d600000, 0x000000008d700000|  0%| F|  |TAMS 0x000000008d600000| PB 0x000000008d600000| Untracked 
| 215|0x000000008d700000, 0x000000008d700000, 0x000000008d800000|  0%| F|  |TAMS 0x000000008d700000| PB 0x000000008d700000| Untracked 
| 216|0x000000008d800000, 0x000000008d800000, 0x000000008d900000|  0%| F|  |TAMS 0x000000008d800000| PB 0x000000008d800000| Untracked 
| 217|0x000000008d900000, 0x000000008d900000, 0x000000008da00000|  0%| F|  |TAMS 0x000000008d900000| PB 0x000000008d900000| Untracked 
| 218|0x000000008da00000, 0x000000008da00000, 0x000000008db00000|  0%| F|  |TAMS 0x000000008da00000| PB 0x000000008da00000| Untracked 
| 219|0x000000008db00000, 0x000000008db00000, 0x000000008dc00000|  0%| F|  |TAMS 0x000000008db00000| PB 0x000000008db00000| Untracked 
| 220|0x000000008dc00000, 0x000000008dc00000, 0x000000008dd00000|  0%| F|  |TAMS 0x000000008dc00000| PB 0x000000008dc00000| Untracked 
| 221|0x000000008dd00000, 0x000000008dd00000, 0x000000008de00000|  0%| F|  |TAMS 0x000000008dd00000| PB 0x000000008dd00000| Untracked 
| 222|0x000000008de00000, 0x000000008de00000, 0x000000008df00000|  0%| F|  |TAMS 0x000000008de00000| PB 0x000000008de00000| Untracked 
| 223|0x000000008df00000, 0x000000008df00000, 0x000000008e000000|  0%| F|  |TAMS 0x000000008df00000| PB 0x000000008df00000| Untracked 
| 224|0x000000008e000000, 0x000000008e000000, 0x000000008e100000|  0%| F|  |TAMS 0x000000008e000000| PB 0x000000008e000000| Untracked 
| 225|0x000000008e100000, 0x000000008e100000, 0x000000008e200000|  0%| F|  |TAMS 0x000000008e100000| PB 0x000000008e100000| Untracked 
| 226|0x000000008e200000, 0x000000008e200000, 0x000000008e300000|  0%| F|  |TAMS 0x000000008e200000| PB 0x000000008e200000| Untracked 
| 227|0x000000008e300000, 0x000000008e3fa3e0, 0x000000008e400000| 97%| S|CS|TAMS 0x000000008e300000| PB 0x000000008e300000| Complete 
| 228|0x000000008e400000, 0x000000008e500000, 0x000000008e500000|100%| S|CS|TAMS 0x000000008e400000| PB 0x000000008e400000| Complete 
| 229|0x000000008e500000, 0x000000008e600000, 0x000000008e600000|100%| S|CS|TAMS 0x000000008e500000| PB 0x000000008e500000| Complete 
| 230|0x000000008e600000, 0x000000008e600000, 0x000000008e700000|  0%| F|  |TAMS 0x000000008e600000| PB 0x000000008e600000| Untracked 
| 231|0x000000008e700000, 0x000000008e700000, 0x000000008e800000|  0%| F|  |TAMS 0x000000008e700000| PB 0x000000008e700000| Untracked 
| 232|0x000000008e800000, 0x000000008e800000, 0x000000008e900000|  0%| F|  |TAMS 0x000000008e800000| PB 0x000000008e800000| Untracked 
| 233|0x000000008e900000, 0x000000008e900000, 0x000000008ea00000|  0%| F|  |TAMS 0x000000008e900000| PB 0x000000008e900000| Untracked 
| 234|0x000000008ea00000, 0x000000008ea00000, 0x000000008eb00000|  0%| F|  |TAMS 0x000000008ea00000| PB 0x000000008ea00000| Untracked 
| 235|0x000000008eb00000, 0x000000008eb00000, 0x000000008ec00000|  0%| F|  |TAMS 0x000000008eb00000| PB 0x000000008eb00000| Untracked 
| 236|0x000000008ec00000, 0x000000008ec00000, 0x000000008ed00000|  0%| F|  |TAMS 0x000000008ec00000| PB 0x000000008ec00000| Untracked 
| 237|0x000000008ed00000, 0x000000008ed00000, 0x000000008ee00000|  0%| F|  |TAMS 0x000000008ed00000| PB 0x000000008ed00000| Untracked 
| 238|0x000000008ee00000, 0x000000008ee00000, 0x000000008ef00000|  0%| F|  |TAMS 0x000000008ee00000| PB 0x000000008ee00000| Untracked 
| 239|0x000000008ef00000, 0x000000008ef00000, 0x000000008f000000|  0%| F|  |TAMS 0x000000008ef00000| PB 0x000000008ef00000| Untracked 
| 240|0x000000008f000000, 0x000000008f000000, 0x000000008f100000|  0%| F|  |TAMS 0x000000008f000000| PB 0x000000008f000000| Untracked 
| 241|0x000000008f100000, 0x000000008f100000, 0x000000008f200000|  0%| F|  |TAMS 0x000000008f100000| PB 0x000000008f100000| Untracked 
| 242|0x000000008f200000, 0x000000008f200000, 0x000000008f300000|  0%| F|  |TAMS 0x000000008f200000| PB 0x000000008f200000| Untracked 
| 243|0x000000008f300000, 0x000000008f300000, 0x000000008f400000|  0%| F|  |TAMS 0x000000008f300000| PB 0x000000008f300000| Untracked 
| 244|0x000000008f400000, 0x000000008f400000, 0x000000008f500000|  0%| F|  |TAMS 0x000000008f400000| PB 0x000000008f400000| Untracked 
| 245|0x000000008f500000, 0x000000008f500000, 0x000000008f600000|  0%| F|  |TAMS 0x000000008f500000| PB 0x000000008f500000| Untracked 
| 246|0x000000008f600000, 0x000000008f600000, 0x000000008f700000|  0%| F|  |TAMS 0x000000008f600000| PB 0x000000008f600000| Untracked 
| 247|0x000000008f700000, 0x000000008f700000, 0x000000008f800000|  0%| F|  |TAMS 0x000000008f700000| PB 0x000000008f700000| Untracked 
| 248|0x000000008f800000, 0x000000008f800000, 0x000000008f900000|  0%| F|  |TAMS 0x000000008f800000| PB 0x000000008f800000| Untracked 
| 249|0x000000008f900000, 0x000000008f900000, 0x000000008fa00000|  0%| F|  |TAMS 0x000000008f900000| PB 0x000000008f900000| Untracked 
| 250|0x000000008fa00000, 0x000000008fa00000, 0x000000008fb00000|  0%| F|  |TAMS 0x000000008fa00000| PB 0x000000008fa00000| Untracked 
| 251|0x000000008fb00000, 0x000000008fb00000, 0x000000008fc00000|  0%| F|  |TAMS 0x000000008fb00000| PB 0x000000008fb00000| Untracked 
| 252|0x000000008fc00000, 0x000000008fc00000, 0x000000008fd00000|  0%| F|  |TAMS 0x000000008fc00000| PB 0x000000008fc00000| Untracked 
| 253|0x000000008fd00000, 0x000000008fd00000, 0x000000008fe00000|  0%| F|  |TAMS 0x000000008fd00000| PB 0x000000008fd00000| Untracked 
| 254|0x000000008fe00000, 0x000000008fe00000, 0x000000008ff00000|  0%| F|  |TAMS 0x000000008fe00000| PB 0x000000008fe00000| Untracked 
| 255|0x000000008ff00000, 0x000000008ff00000, 0x0000000090000000|  0%| F|  |TAMS 0x000000008ff00000| PB 0x000000008ff00000| Untracked 
| 256|0x0000000090000000, 0x0000000090000000, 0x0000000090100000|  0%| F|  |TAMS 0x0000000090000000| PB 0x0000000090000000| Untracked 
| 257|0x0000000090100000, 0x0000000090100000, 0x0000000090200000|  0%| F|  |TAMS 0x0000000090100000| PB 0x0000000090100000| Untracked 
| 258|0x0000000090200000, 0x0000000090200000, 0x0000000090300000|  0%| F|  |TAMS 0x0000000090200000| PB 0x0000000090200000| Untracked 
| 259|0x0000000090300000, 0x0000000090300000, 0x0000000090400000|  0%| F|  |TAMS 0x0000000090300000| PB 0x0000000090300000| Untracked 
| 260|0x0000000090400000, 0x0000000090400000, 0x0000000090500000|  0%| F|  |TAMS 0x0000000090400000| PB 0x0000000090400000| Untracked 
| 261|0x0000000090500000, 0x0000000090500000, 0x0000000090600000|  0%| F|  |TAMS 0x0000000090500000| PB 0x0000000090500000| Untracked 
| 262|0x0000000090600000, 0x0000000090600000, 0x0000000090700000|  0%| F|  |TAMS 0x0000000090600000| PB 0x0000000090600000| Untracked 
| 263|0x0000000090700000, 0x0000000090700000, 0x0000000090800000|  0%| F|  |TAMS 0x0000000090700000| PB 0x0000000090700000| Untracked 
| 264|0x0000000090800000, 0x0000000090800000, 0x0000000090900000|  0%| F|  |TAMS 0x0000000090800000| PB 0x0000000090800000| Untracked 
| 265|0x0000000090900000, 0x0000000090900000, 0x0000000090a00000|  0%| F|  |TAMS 0x0000000090900000| PB 0x0000000090900000| Untracked 
| 266|0x0000000090a00000, 0x0000000090a00000, 0x0000000090b00000|  0%| F|  |TAMS 0x0000000090a00000| PB 0x0000000090a00000| Untracked 
| 267|0x0000000090b00000, 0x0000000090b00000, 0x0000000090c00000|  0%| F|  |TAMS 0x0000000090b00000| PB 0x0000000090b00000| Untracked 
| 268|0x0000000090c00000, 0x0000000090c00000, 0x0000000090d00000|  0%| F|  |TAMS 0x0000000090c00000| PB 0x0000000090c00000| Untracked 
| 269|0x0000000090d00000, 0x0000000090d00000, 0x0000000090e00000|  0%| F|  |TAMS 0x0000000090d00000| PB 0x0000000090d00000| Untracked 
| 270|0x0000000090e00000, 0x0000000090e00000, 0x0000000090f00000|  0%| F|  |TAMS 0x0000000090e00000| PB 0x0000000090e00000| Untracked 
| 271|0x0000000090f00000, 0x0000000090f00000, 0x0000000091000000|  0%| F|  |TAMS 0x0000000090f00000| PB 0x0000000090f00000| Untracked 
| 272|0x0000000091000000, 0x0000000091000000, 0x0000000091100000|  0%| F|  |TAMS 0x0000000091000000| PB 0x0000000091000000| Untracked 
| 273|0x0000000091100000, 0x0000000091100000, 0x0000000091200000|  0%| F|  |TAMS 0x0000000091100000| PB 0x0000000091100000| Untracked 
| 274|0x0000000091200000, 0x0000000091200000, 0x0000000091300000|  0%| F|  |TAMS 0x0000000091200000| PB 0x0000000091200000| Untracked 
| 275|0x0000000091300000, 0x0000000091300000, 0x0000000091400000|  0%| F|  |TAMS 0x0000000091300000| PB 0x0000000091300000| Untracked 
| 276|0x0000000091400000, 0x0000000091400000, 0x0000000091500000|  0%| F|  |TAMS 0x0000000091400000| PB 0x0000000091400000| Untracked 
| 277|0x0000000091500000, 0x0000000091500000, 0x0000000091600000|  0%| F|  |TAMS 0x0000000091500000| PB 0x0000000091500000| Untracked 
| 278|0x0000000091600000, 0x0000000091600000, 0x0000000091700000|  0%| F|  |TAMS 0x0000000091600000| PB 0x0000000091600000| Untracked 
| 279|0x0000000091700000, 0x0000000091700000, 0x0000000091800000|  0%| F|  |TAMS 0x0000000091700000| PB 0x0000000091700000| Untracked 
| 280|0x0000000091800000, 0x0000000091800000, 0x0000000091900000|  0%| F|  |TAMS 0x0000000091800000| PB 0x0000000091800000| Untracked 
| 281|0x0000000091900000, 0x0000000091900000, 0x0000000091a00000|  0%| F|  |TAMS 0x0000000091900000| PB 0x0000000091900000| Untracked 
| 282|0x0000000091a00000, 0x0000000091a00000, 0x0000000091b00000|  0%| F|  |TAMS 0x0000000091a00000| PB 0x0000000091a00000| Untracked 
| 283|0x0000000091b00000, 0x0000000091b00000, 0x0000000091c00000|  0%| F|  |TAMS 0x0000000091b00000| PB 0x0000000091b00000| Untracked 
| 284|0x0000000091c00000, 0x0000000091c00000, 0x0000000091d00000|  0%| F|  |TAMS 0x0000000091c00000| PB 0x0000000091c00000| Untracked 
| 285|0x0000000091d00000, 0x0000000091d00000, 0x0000000091e00000|  0%| F|  |TAMS 0x0000000091d00000| PB 0x0000000091d00000| Untracked 
| 286|0x0000000091e00000, 0x0000000091e00000, 0x0000000091f00000|  0%| F|  |TAMS 0x0000000091e00000| PB 0x0000000091e00000| Untracked 
| 287|0x0000000091f00000, 0x0000000091f00000, 0x0000000092000000|  0%| F|  |TAMS 0x0000000091f00000| PB 0x0000000091f00000| Untracked 
| 288|0x0000000092000000, 0x0000000092000000, 0x0000000092100000|  0%| F|  |TAMS 0x0000000092000000| PB 0x0000000092000000| Untracked 
| 289|0x0000000092100000, 0x0000000092100000, 0x0000000092200000|  0%| F|  |TAMS 0x0000000092100000| PB 0x0000000092100000| Untracked 
| 290|0x0000000092200000, 0x0000000092200000, 0x0000000092300000|  0%| F|  |TAMS 0x0000000092200000| PB 0x0000000092200000| Untracked 
| 291|0x0000000092300000, 0x0000000092300000, 0x0000000092400000|  0%| F|  |TAMS 0x0000000092300000| PB 0x0000000092300000| Untracked 
| 292|0x0000000092400000, 0x0000000092400000, 0x0000000092500000|  0%| F|  |TAMS 0x0000000092400000| PB 0x0000000092400000| Untracked 
| 293|0x0000000092500000, 0x0000000092500000, 0x0000000092600000|  0%| F|  |TAMS 0x0000000092500000| PB 0x0000000092500000| Untracked 
| 294|0x0000000092600000, 0x0000000092600000, 0x0000000092700000|  0%| F|  |TAMS 0x0000000092600000| PB 0x0000000092600000| Untracked 
| 295|0x0000000092700000, 0x0000000092700000, 0x0000000092800000|  0%| F|  |TAMS 0x0000000092700000| PB 0x0000000092700000| Untracked 
| 296|0x0000000092800000, 0x0000000092800000, 0x0000000092900000|  0%| F|  |TAMS 0x0000000092800000| PB 0x0000000092800000| Untracked 
| 297|0x0000000092900000, 0x0000000092900000, 0x0000000092a00000|  0%| F|  |TAMS 0x0000000092900000| PB 0x0000000092900000| Untracked 
| 298|0x0000000092a00000, 0x0000000092a00000, 0x0000000092b00000|  0%| F|  |TAMS 0x0000000092a00000| PB 0x0000000092a00000| Untracked 
| 299|0x0000000092b00000, 0x0000000092b00000, 0x0000000092c00000|  0%| F|  |TAMS 0x0000000092b00000| PB 0x0000000092b00000| Untracked 
| 300|0x0000000092c00000, 0x0000000092c00000, 0x0000000092d00000|  0%| F|  |TAMS 0x0000000092c00000| PB 0x0000000092c00000| Untracked 
| 301|0x0000000092d00000, 0x0000000092d00000, 0x0000000092e00000|  0%| F|  |TAMS 0x0000000092d00000| PB 0x0000000092d00000| Untracked 
| 302|0x0000000092e00000, 0x0000000092e00000, 0x0000000092f00000|  0%| F|  |TAMS 0x0000000092e00000| PB 0x0000000092e00000| Untracked 
| 303|0x0000000092f00000, 0x0000000092f00000, 0x0000000093000000|  0%| F|  |TAMS 0x0000000092f00000| PB 0x0000000092f00000| Untracked 
| 304|0x0000000093000000, 0x0000000093000000, 0x0000000093100000|  0%| F|  |TAMS 0x0000000093000000| PB 0x0000000093000000| Untracked 
| 305|0x0000000093100000, 0x0000000093100000, 0x0000000093200000|  0%| F|  |TAMS 0x0000000093100000| PB 0x0000000093100000| Untracked 
| 306|0x0000000093200000, 0x0000000093200000, 0x0000000093300000|  0%| F|  |TAMS 0x0000000093200000| PB 0x0000000093200000| Untracked 
| 307|0x0000000093300000, 0x0000000093300000, 0x0000000093400000|  0%| F|  |TAMS 0x0000000093300000| PB 0x0000000093300000| Untracked 
| 308|0x0000000093400000, 0x0000000093400000, 0x0000000093500000|  0%| F|  |TAMS 0x0000000093400000| PB 0x0000000093400000| Untracked 
| 309|0x0000000093500000, 0x0000000093500000, 0x0000000093600000|  0%| F|  |TAMS 0x0000000093500000| PB 0x0000000093500000| Untracked 
| 310|0x0000000093600000, 0x0000000093600000, 0x0000000093700000|  0%| F|  |TAMS 0x0000000093600000| PB 0x0000000093600000| Untracked 
| 311|0x0000000093700000, 0x0000000093700000, 0x0000000093800000|  0%| F|  |TAMS 0x0000000093700000| PB 0x0000000093700000| Untracked 
| 312|0x0000000093800000, 0x0000000093800000, 0x0000000093900000|  0%| F|  |TAMS 0x0000000093800000| PB 0x0000000093800000| Untracked 
| 313|0x0000000093900000, 0x0000000093900000, 0x0000000093a00000|  0%| F|  |TAMS 0x0000000093900000| PB 0x0000000093900000| Untracked 
| 314|0x0000000093a00000, 0x0000000093a00000, 0x0000000093b00000|  0%| F|  |TAMS 0x0000000093a00000| PB 0x0000000093a00000| Untracked 
| 315|0x0000000093b00000, 0x0000000093b00000, 0x0000000093c00000|  0%| F|  |TAMS 0x0000000093b00000| PB 0x0000000093b00000| Untracked 
| 316|0x0000000093c00000, 0x0000000093c00000, 0x0000000093d00000|  0%| F|  |TAMS 0x0000000093c00000| PB 0x0000000093c00000| Untracked 
| 317|0x0000000093d00000, 0x0000000093d00000, 0x0000000093e00000|  0%| F|  |TAMS 0x0000000093d00000| PB 0x0000000093d00000| Untracked 
| 318|0x0000000093e00000, 0x0000000093e00000, 0x0000000093f00000|  0%| F|  |TAMS 0x0000000093e00000| PB 0x0000000093e00000| Untracked 
| 319|0x0000000093f00000, 0x0000000093f00000, 0x0000000094000000|  0%| F|  |TAMS 0x0000000093f00000| PB 0x0000000093f00000| Untracked 
| 320|0x0000000094000000, 0x0000000094000000, 0x0000000094100000|  0%| F|  |TAMS 0x0000000094000000| PB 0x0000000094000000| Untracked 
| 321|0x0000000094100000, 0x0000000094100000, 0x0000000094200000|  0%| F|  |TAMS 0x0000000094100000| PB 0x0000000094100000| Untracked 
| 322|0x0000000094200000, 0x0000000094200000, 0x0000000094300000|  0%| F|  |TAMS 0x0000000094200000| PB 0x0000000094200000| Untracked 
| 323|0x0000000094300000, 0x0000000094300000, 0x0000000094400000|  0%| F|  |TAMS 0x0000000094300000| PB 0x0000000094300000| Untracked 
| 324|0x0000000094400000, 0x0000000094400000, 0x0000000094500000|  0%| F|  |TAMS 0x0000000094400000| PB 0x0000000094400000| Untracked 
| 325|0x0000000094500000, 0x0000000094500000, 0x0000000094600000|  0%| F|  |TAMS 0x0000000094500000| PB 0x0000000094500000| Untracked 
| 326|0x0000000094600000, 0x0000000094600000, 0x0000000094700000|  0%| F|  |TAMS 0x0000000094600000| PB 0x0000000094600000| Untracked 
| 327|0x0000000094700000, 0x0000000094700000, 0x0000000094800000|  0%| F|  |TAMS 0x0000000094700000| PB 0x0000000094700000| Untracked 
| 328|0x0000000094800000, 0x0000000094800000, 0x0000000094900000|  0%| F|  |TAMS 0x0000000094800000| PB 0x0000000094800000| Untracked 
| 329|0x0000000094900000, 0x0000000094900000, 0x0000000094a00000|  0%| F|  |TAMS 0x0000000094900000| PB 0x0000000094900000| Untracked 
| 330|0x0000000094a00000, 0x0000000094a00000, 0x0000000094b00000|  0%| F|  |TAMS 0x0000000094a00000| PB 0x0000000094a00000| Untracked 
| 331|0x0000000094b00000, 0x0000000094b00000, 0x0000000094c00000|  0%| F|  |TAMS 0x0000000094b00000| PB 0x0000000094b00000| Untracked 
| 332|0x0000000094c00000, 0x0000000094c00000, 0x0000000094d00000|  0%| F|  |TAMS 0x0000000094c00000| PB 0x0000000094c00000| Untracked 
| 333|0x0000000094d00000, 0x0000000094d00000, 0x0000000094e00000|  0%| F|  |TAMS 0x0000000094d00000| PB 0x0000000094d00000| Untracked 
| 334|0x0000000094e00000, 0x0000000094e00000, 0x0000000094f00000|  0%| F|  |TAMS 0x0000000094e00000| PB 0x0000000094e00000| Untracked 
| 335|0x0000000094f00000, 0x0000000094f00000, 0x0000000095000000|  0%| F|  |TAMS 0x0000000094f00000| PB 0x0000000094f00000| Untracked 
| 336|0x0000000095000000, 0x0000000095000000, 0x0000000095100000|  0%| F|  |TAMS 0x0000000095000000| PB 0x0000000095000000| Untracked 
| 337|0x0000000095100000, 0x0000000095100000, 0x0000000095200000|  0%| F|  |TAMS 0x0000000095100000| PB 0x0000000095100000| Untracked 
| 338|0x0000000095200000, 0x0000000095200000, 0x0000000095300000|  0%| F|  |TAMS 0x0000000095200000| PB 0x0000000095200000| Untracked 
| 339|0x0000000095300000, 0x0000000095300000, 0x0000000095400000|  0%| F|  |TAMS 0x0000000095300000| PB 0x0000000095300000| Untracked 
| 340|0x0000000095400000, 0x0000000095400000, 0x0000000095500000|  0%| F|  |TAMS 0x0000000095400000| PB 0x0000000095400000| Untracked 
| 341|0x0000000095500000, 0x0000000095500000, 0x0000000095600000|  0%| F|  |TAMS 0x0000000095500000| PB 0x0000000095500000| Untracked 
| 342|0x0000000095600000, 0x0000000095600000, 0x0000000095700000|  0%| F|  |TAMS 0x0000000095600000| PB 0x0000000095600000| Untracked 
| 343|0x0000000095700000, 0x0000000095700000, 0x0000000095800000|  0%| F|  |TAMS 0x0000000095700000| PB 0x0000000095700000| Untracked 
| 344|0x0000000095800000, 0x0000000095800000, 0x0000000095900000|  0%| F|  |TAMS 0x0000000095800000| PB 0x0000000095800000| Untracked 
| 345|0x0000000095900000, 0x0000000095900000, 0x0000000095a00000|  0%| F|  |TAMS 0x0000000095900000| PB 0x0000000095900000| Untracked 
| 346|0x0000000095a00000, 0x0000000095a00000, 0x0000000095b00000|  0%| F|  |TAMS 0x0000000095a00000| PB 0x0000000095a00000| Untracked 
| 347|0x0000000095b00000, 0x0000000095b00000, 0x0000000095c00000|  0%| F|  |TAMS 0x0000000095b00000| PB 0x0000000095b00000| Untracked 
| 348|0x0000000095c00000, 0x0000000095c00000, 0x0000000095d00000|  0%| F|  |TAMS 0x0000000095c00000| PB 0x0000000095c00000| Untracked 
| 349|0x0000000095d00000, 0x0000000095d00000, 0x0000000095e00000|  0%| F|  |TAMS 0x0000000095d00000| PB 0x0000000095d00000| Untracked 
| 350|0x0000000095e00000, 0x0000000095e00000, 0x0000000095f00000|  0%| F|  |TAMS 0x0000000095e00000| PB 0x0000000095e00000| Untracked 
| 351|0x0000000095f00000, 0x0000000095f00000, 0x0000000096000000|  0%| F|  |TAMS 0x0000000095f00000| PB 0x0000000095f00000| Untracked 
| 352|0x0000000096000000, 0x0000000096000000, 0x0000000096100000|  0%| F|  |TAMS 0x0000000096000000| PB 0x0000000096000000| Untracked 
| 353|0x0000000096100000, 0x0000000096100000, 0x0000000096200000|  0%| F|  |TAMS 0x0000000096100000| PB 0x0000000096100000| Untracked 
| 354|0x0000000096200000, 0x0000000096200000, 0x0000000096300000|  0%| F|  |TAMS 0x0000000096200000| PB 0x0000000096200000| Untracked 
| 355|0x0000000096300000, 0x0000000096300000, 0x0000000096400000|  0%| F|  |TAMS 0x0000000096300000| PB 0x0000000096300000| Untracked 
| 356|0x0000000096400000, 0x0000000096400000, 0x0000000096500000|  0%| F|  |TAMS 0x0000000096400000| PB 0x0000000096400000| Untracked 
| 357|0x0000000096500000, 0x0000000096500000, 0x0000000096600000|  0%| F|  |TAMS 0x0000000096500000| PB 0x0000000096500000| Untracked 
| 358|0x0000000096600000, 0x0000000096600000, 0x0000000096700000|  0%| F|  |TAMS 0x0000000096600000| PB 0x0000000096600000| Untracked 
| 359|0x0000000096700000, 0x0000000096700000, 0x0000000096800000|  0%| F|  |TAMS 0x0000000096700000| PB 0x0000000096700000| Untracked 
| 360|0x0000000096800000, 0x0000000096800000, 0x0000000096900000|  0%| F|  |TAMS 0x0000000096800000| PB 0x0000000096800000| Untracked 
| 361|0x0000000096900000, 0x0000000096900000, 0x0000000096a00000|  0%| F|  |TAMS 0x0000000096900000| PB 0x0000000096900000| Untracked 
| 362|0x0000000096a00000, 0x0000000096a00000, 0x0000000096b00000|  0%| F|  |TAMS 0x0000000096a00000| PB 0x0000000096a00000| Untracked 
| 363|0x0000000096b00000, 0x0000000096b00000, 0x0000000096c00000|  0%| F|  |TAMS 0x0000000096b00000| PB 0x0000000096b00000| Untracked 
| 364|0x0000000096c00000, 0x0000000096c00000, 0x0000000096d00000|  0%| F|  |TAMS 0x0000000096c00000| PB 0x0000000096c00000| Untracked 
| 365|0x0000000096d00000, 0x0000000096d00000, 0x0000000096e00000|  0%| F|  |TAMS 0x0000000096d00000| PB 0x0000000096d00000| Untracked 
| 366|0x0000000096e00000, 0x0000000096e00000, 0x0000000096f00000|  0%| F|  |TAMS 0x0000000096e00000| PB 0x0000000096e00000| Untracked 
| 367|0x0000000096f00000, 0x0000000096f00000, 0x0000000097000000|  0%| F|  |TAMS 0x0000000096f00000| PB 0x0000000096f00000| Untracked 
| 368|0x0000000097000000, 0x0000000097000000, 0x0000000097100000|  0%| F|  |TAMS 0x0000000097000000| PB 0x0000000097000000| Untracked 
| 369|0x0000000097100000, 0x0000000097100000, 0x0000000097200000|  0%| F|  |TAMS 0x0000000097100000| PB 0x0000000097100000| Untracked 
| 370|0x0000000097200000, 0x0000000097200000, 0x0000000097300000|  0%| F|  |TAMS 0x0000000097200000| PB 0x0000000097200000| Untracked 
| 371|0x0000000097300000, 0x0000000097300000, 0x0000000097400000|  0%| F|  |TAMS 0x0000000097300000| PB 0x0000000097300000| Untracked 
| 372|0x0000000097400000, 0x0000000097400000, 0x0000000097500000|  0%| F|  |TAMS 0x0000000097400000| PB 0x0000000097400000| Untracked 
| 373|0x0000000097500000, 0x0000000097500000, 0x0000000097600000|  0%| F|  |TAMS 0x0000000097500000| PB 0x0000000097500000| Untracked 
| 374|0x0000000097600000, 0x0000000097600000, 0x0000000097700000|  0%| F|  |TAMS 0x0000000097600000| PB 0x0000000097600000| Untracked 
| 375|0x0000000097700000, 0x0000000097700000, 0x0000000097800000|  0%| F|  |TAMS 0x0000000097700000| PB 0x0000000097700000| Untracked 
| 376|0x0000000097800000, 0x0000000097800000, 0x0000000097900000|  0%| F|  |TAMS 0x0000000097800000| PB 0x0000000097800000| Untracked 
| 377|0x0000000097900000, 0x0000000097900000, 0x0000000097a00000|  0%| F|  |TAMS 0x0000000097900000| PB 0x0000000097900000| Untracked 
| 378|0x0000000097a00000, 0x0000000097a00000, 0x0000000097b00000|  0%| F|  |TAMS 0x0000000097a00000| PB 0x0000000097a00000| Untracked 
| 379|0x0000000097b00000, 0x0000000097b00000, 0x0000000097c00000|  0%| F|  |TAMS 0x0000000097b00000| PB 0x0000000097b00000| Untracked 
| 380|0x0000000097c00000, 0x0000000097c00000, 0x0000000097d00000|  0%| F|  |TAMS 0x0000000097c00000| PB 0x0000000097c00000| Untracked 
| 381|0x0000000097d00000, 0x0000000097d00000, 0x0000000097e00000|  0%| F|  |TAMS 0x0000000097d00000| PB 0x0000000097d00000| Untracked 
| 382|0x0000000097e00000, 0x0000000097e00000, 0x0000000097f00000|  0%| F|  |TAMS 0x0000000097e00000| PB 0x0000000097e00000| Untracked 
| 383|0x0000000097f00000, 0x0000000097f00000, 0x0000000098000000|  0%| F|  |TAMS 0x0000000097f00000| PB 0x0000000097f00000| Untracked 
| 384|0x0000000098000000, 0x0000000098000000, 0x0000000098100000|  0%| F|  |TAMS 0x0000000098000000| PB 0x0000000098000000| Untracked 
| 385|0x0000000098100000, 0x0000000098100000, 0x0000000098200000|  0%| F|  |TAMS 0x0000000098100000| PB 0x0000000098100000| Untracked 
| 386|0x0000000098200000, 0x0000000098200000, 0x0000000098300000|  0%| F|  |TAMS 0x0000000098200000| PB 0x0000000098200000| Untracked 
| 387|0x0000000098300000, 0x0000000098300000, 0x0000000098400000|  0%| F|  |TAMS 0x0000000098300000| PB 0x0000000098300000| Untracked 
| 388|0x0000000098400000, 0x0000000098400000, 0x0000000098500000|  0%| F|  |TAMS 0x0000000098400000| PB 0x0000000098400000| Untracked 
| 389|0x0000000098500000, 0x0000000098500000, 0x0000000098600000|  0%| F|  |TAMS 0x0000000098500000| PB 0x0000000098500000| Untracked 
| 390|0x0000000098600000, 0x0000000098600000, 0x0000000098700000|  0%| F|  |TAMS 0x0000000098600000| PB 0x0000000098600000| Untracked 
| 391|0x0000000098700000, 0x0000000098700000, 0x0000000098800000|  0%| F|  |TAMS 0x0000000098700000| PB 0x0000000098700000| Untracked 
| 392|0x0000000098800000, 0x0000000098800000, 0x0000000098900000|  0%| F|  |TAMS 0x0000000098800000| PB 0x0000000098800000| Untracked 
| 393|0x0000000098900000, 0x0000000098900000, 0x0000000098a00000|  0%| F|  |TAMS 0x0000000098900000| PB 0x0000000098900000| Untracked 
| 394|0x0000000098a00000, 0x0000000098a00000, 0x0000000098b00000|  0%| F|  |TAMS 0x0000000098a00000| PB 0x0000000098a00000| Untracked 
| 395|0x0000000098b00000, 0x0000000098b00000, 0x0000000098c00000|  0%| F|  |TAMS 0x0000000098b00000| PB 0x0000000098b00000| Untracked 
| 396|0x0000000098c00000, 0x0000000098c00000, 0x0000000098d00000|  0%| F|  |TAMS 0x0000000098c00000| PB 0x0000000098c00000| Untracked 
| 397|0x0000000098d00000, 0x0000000098d00000, 0x0000000098e00000|  0%| F|  |TAMS 0x0000000098d00000| PB 0x0000000098d00000| Untracked 
| 398|0x0000000098e00000, 0x0000000098e00000, 0x0000000098f00000|  0%| F|  |TAMS 0x0000000098e00000| PB 0x0000000098e00000| Untracked 
| 399|0x0000000098f00000, 0x0000000098f00000, 0x0000000099000000|  0%| F|  |TAMS 0x0000000098f00000| PB 0x0000000098f00000| Untracked 
| 400|0x0000000099000000, 0x0000000099000000, 0x0000000099100000|  0%| F|  |TAMS 0x0000000099000000| PB 0x0000000099000000| Untracked 
| 401|0x0000000099100000, 0x0000000099100000, 0x0000000099200000|  0%| F|  |TAMS 0x0000000099100000| PB 0x0000000099100000| Untracked 
| 402|0x0000000099200000, 0x0000000099200000, 0x0000000099300000|  0%| F|  |TAMS 0x0000000099200000| PB 0x0000000099200000| Untracked 
| 403|0x0000000099300000, 0x0000000099300000, 0x0000000099400000|  0%| F|  |TAMS 0x0000000099300000| PB 0x0000000099300000| Untracked 
| 404|0x0000000099400000, 0x0000000099400000, 0x0000000099500000|  0%| F|  |TAMS 0x0000000099400000| PB 0x0000000099400000| Untracked 
| 405|0x0000000099500000, 0x0000000099500000, 0x0000000099600000|  0%| F|  |TAMS 0x0000000099500000| PB 0x0000000099500000| Untracked 
| 406|0x0000000099600000, 0x0000000099600000, 0x0000000099700000|  0%| F|  |TAMS 0x0000000099600000| PB 0x0000000099600000| Untracked 
| 407|0x0000000099700000, 0x0000000099700000, 0x0000000099800000|  0%| F|  |TAMS 0x0000000099700000| PB 0x0000000099700000| Untracked 
| 408|0x0000000099800000, 0x0000000099800000, 0x0000000099900000|  0%| F|  |TAMS 0x0000000099800000| PB 0x0000000099800000| Untracked 
| 409|0x0000000099900000, 0x0000000099900000, 0x0000000099a00000|  0%| F|  |TAMS 0x0000000099900000| PB 0x0000000099900000| Untracked 
| 410|0x0000000099a00000, 0x0000000099a00000, 0x0000000099b00000|  0%| F|  |TAMS 0x0000000099a00000| PB 0x0000000099a00000| Untracked 
| 411|0x0000000099b00000, 0x0000000099b00000, 0x0000000099c00000|  0%| F|  |TAMS 0x0000000099b00000| PB 0x0000000099b00000| Untracked 
| 412|0x0000000099c00000, 0x0000000099c00000, 0x0000000099d00000|  0%| F|  |TAMS 0x0000000099c00000| PB 0x0000000099c00000| Untracked 
| 413|0x0000000099d00000, 0x0000000099d00000, 0x0000000099e00000|  0%| F|  |TAMS 0x0000000099d00000| PB 0x0000000099d00000| Untracked 
| 414|0x0000000099e00000, 0x0000000099e00000, 0x0000000099f00000|  0%| F|  |TAMS 0x0000000099e00000| PB 0x0000000099e00000| Untracked 
| 415|0x0000000099f00000, 0x0000000099f00000, 0x000000009a000000|  0%| F|  |TAMS 0x0000000099f00000| PB 0x0000000099f00000| Untracked 
| 416|0x000000009a000000, 0x000000009a000000, 0x000000009a100000|  0%| F|  |TAMS 0x000000009a000000| PB 0x000000009a000000| Untracked 
| 417|0x000000009a100000, 0x000000009a100000, 0x000000009a200000|  0%| F|  |TAMS 0x000000009a100000| PB 0x000000009a100000| Untracked 
| 418|0x000000009a200000, 0x000000009a200000, 0x000000009a300000|  0%| F|  |TAMS 0x000000009a200000| PB 0x000000009a200000| Untracked 
| 419|0x000000009a300000, 0x000000009a300000, 0x000000009a400000|  0%| F|  |TAMS 0x000000009a300000| PB 0x000000009a300000| Untracked 
| 420|0x000000009a400000, 0x000000009a400000, 0x000000009a500000|  0%| F|  |TAMS 0x000000009a400000| PB 0x000000009a400000| Untracked 
| 421|0x000000009a500000, 0x000000009a500000, 0x000000009a600000|  0%| F|  |TAMS 0x000000009a500000| PB 0x000000009a500000| Untracked 
| 422|0x000000009a600000, 0x000000009a600000, 0x000000009a700000|  0%| F|  |TAMS 0x000000009a600000| PB 0x000000009a600000| Untracked 
| 423|0x000000009a700000, 0x000000009a700000, 0x000000009a800000|  0%| F|  |TAMS 0x000000009a700000| PB 0x000000009a700000| Untracked 
| 424|0x000000009a800000, 0x000000009a800000, 0x000000009a900000|  0%| F|  |TAMS 0x000000009a800000| PB 0x000000009a800000| Untracked 
| 425|0x000000009a900000, 0x000000009a900000, 0x000000009aa00000|  0%| F|  |TAMS 0x000000009a900000| PB 0x000000009a900000| Untracked 
| 426|0x000000009aa00000, 0x000000009aa00000, 0x000000009ab00000|  0%| F|  |TAMS 0x000000009aa00000| PB 0x000000009aa00000| Untracked 
| 427|0x000000009ab00000, 0x000000009ab00000, 0x000000009ac00000|  0%| F|  |TAMS 0x000000009ab00000| PB 0x000000009ab00000| Untracked 
| 428|0x000000009ac00000, 0x000000009ac00000, 0x000000009ad00000|  0%| F|  |TAMS 0x000000009ac00000| PB 0x000000009ac00000| Untracked 
| 429|0x000000009ad00000, 0x000000009ad00000, 0x000000009ae00000|  0%| F|  |TAMS 0x000000009ad00000| PB 0x000000009ad00000| Untracked 
| 430|0x000000009ae00000, 0x000000009ae00000, 0x000000009af00000|  0%| F|  |TAMS 0x000000009ae00000| PB 0x000000009ae00000| Untracked 
| 431|0x000000009af00000, 0x000000009af00000, 0x000000009b000000|  0%| F|  |TAMS 0x000000009af00000| PB 0x000000009af00000| Untracked 
| 432|0x000000009b000000, 0x000000009b000000, 0x000000009b100000|  0%| F|  |TAMS 0x000000009b000000| PB 0x000000009b000000| Untracked 
| 433|0x000000009b100000, 0x000000009b100000, 0x000000009b200000|  0%| F|  |TAMS 0x000000009b100000| PB 0x000000009b100000| Untracked 
| 434|0x000000009b200000, 0x000000009b200000, 0x000000009b300000|  0%| F|  |TAMS 0x000000009b200000| PB 0x000000009b200000| Untracked 
| 435|0x000000009b300000, 0x000000009b300000, 0x000000009b400000|  0%| F|  |TAMS 0x000000009b300000| PB 0x000000009b300000| Untracked 
| 436|0x000000009b400000, 0x000000009b400000, 0x000000009b500000|  0%| F|  |TAMS 0x000000009b400000| PB 0x000000009b400000| Untracked 
| 437|0x000000009b500000, 0x000000009b500000, 0x000000009b600000|  0%| F|  |TAMS 0x000000009b500000| PB 0x000000009b500000| Untracked 
| 438|0x000000009b600000, 0x000000009b600000, 0x000000009b700000|  0%| F|  |TAMS 0x000000009b600000| PB 0x000000009b600000| Untracked 
| 439|0x000000009b700000, 0x000000009b700000, 0x000000009b800000|  0%| F|  |TAMS 0x000000009b700000| PB 0x000000009b700000| Untracked 
| 440|0x000000009b800000, 0x000000009b800000, 0x000000009b900000|  0%| F|  |TAMS 0x000000009b800000| PB 0x000000009b800000| Untracked 
| 441|0x000000009b900000, 0x000000009b900000, 0x000000009ba00000|  0%| F|  |TAMS 0x000000009b900000| PB 0x000000009b900000| Untracked 
| 442|0x000000009ba00000, 0x000000009ba00000, 0x000000009bb00000|  0%| F|  |TAMS 0x000000009ba00000| PB 0x000000009ba00000| Untracked 
| 443|0x000000009bb00000, 0x000000009bb00000, 0x000000009bc00000|  0%| F|  |TAMS 0x000000009bb00000| PB 0x000000009bb00000| Untracked 
| 444|0x000000009bc00000, 0x000000009bc00000, 0x000000009bd00000|  0%| F|  |TAMS 0x000000009bc00000| PB 0x000000009bc00000| Untracked 
| 445|0x000000009bd00000, 0x000000009bd00000, 0x000000009be00000|  0%| F|  |TAMS 0x000000009bd00000| PB 0x000000009bd00000| Untracked 
| 446|0x000000009be00000, 0x000000009be00000, 0x000000009bf00000|  0%| F|  |TAMS 0x000000009be00000| PB 0x000000009be00000| Untracked 
| 447|0x000000009bf00000, 0x000000009bf00000, 0x000000009c000000|  0%| F|  |TAMS 0x000000009bf00000| PB 0x000000009bf00000| Untracked 
| 448|0x000000009c000000, 0x000000009c000000, 0x000000009c100000|  0%| F|  |TAMS 0x000000009c000000| PB 0x000000009c000000| Untracked 
| 449|0x000000009c100000, 0x000000009c100000, 0x000000009c200000|  0%| F|  |TAMS 0x000000009c100000| PB 0x000000009c100000| Untracked 
| 450|0x000000009c200000, 0x000000009c200000, 0x000000009c300000|  0%| F|  |TAMS 0x000000009c200000| PB 0x000000009c200000| Untracked 
| 451|0x000000009c300000, 0x000000009c380000, 0x000000009c400000| 50%| E|  |TAMS 0x000000009c300000| PB 0x000000009c300000| Complete 
| 452|0x000000009c400000, 0x000000009c500000, 0x000000009c500000|100%| E|CS|TAMS 0x000000009c400000| PB 0x000000009c400000| Complete 
| 453|0x000000009c500000, 0x000000009c600000, 0x000000009c600000|100%| E|CS|TAMS 0x000000009c500000| PB 0x000000009c500000| Complete 
| 454|0x000000009c600000, 0x000000009c700000, 0x000000009c700000|100%| E|CS|TAMS 0x000000009c600000| PB 0x000000009c600000| Complete 
| 455|0x000000009c700000, 0x000000009c800000, 0x000000009c800000|100%| E|CS|TAMS 0x000000009c700000| PB 0x000000009c700000| Complete 
| 456|0x000000009c800000, 0x000000009c900000, 0x000000009c900000|100%| E|CS|TAMS 0x000000009c800000| PB 0x000000009c800000| Complete 
| 457|0x000000009c900000, 0x000000009ca00000, 0x000000009ca00000|100%| E|CS|TAMS 0x000000009c900000| PB 0x000000009c900000| Complete 
| 458|0x000000009ca00000, 0x000000009cb00000, 0x000000009cb00000|100%| E|CS|TAMS 0x000000009ca00000| PB 0x000000009ca00000| Complete 
| 459|0x000000009cb00000, 0x000000009cc00000, 0x000000009cc00000|100%| E|CS|TAMS 0x000000009cb00000| PB 0x000000009cb00000| Complete 
| 460|0x000000009cc00000, 0x000000009cd00000, 0x000000009cd00000|100%| E|CS|TAMS 0x000000009cc00000| PB 0x000000009cc00000| Complete 
| 461|0x000000009cd00000, 0x000000009ce00000, 0x000000009ce00000|100%| E|CS|TAMS 0x000000009cd00000| PB 0x000000009cd00000| Complete 
| 462|0x000000009ce00000, 0x000000009cf00000, 0x000000009cf00000|100%| E|CS|TAMS 0x000000009ce00000| PB 0x000000009ce00000| Complete 
| 463|0x000000009cf00000, 0x000000009d000000, 0x000000009d000000|100%| E|CS|TAMS 0x000000009cf00000| PB 0x000000009cf00000| Complete 
| 464|0x000000009d000000, 0x000000009d100000, 0x000000009d100000|100%| E|CS|TAMS 0x000000009d000000| PB 0x000000009d000000| Complete 
| 465|0x000000009d100000, 0x000000009d200000, 0x000000009d200000|100%| E|CS|TAMS 0x000000009d100000| PB 0x000000009d100000| Complete 
| 466|0x000000009d200000, 0x000000009d300000, 0x000000009d300000|100%| E|CS|TAMS 0x000000009d200000| PB 0x000000009d200000| Complete 
| 467|0x000000009d300000, 0x000000009d400000, 0x000000009d400000|100%| E|CS|TAMS 0x000000009d300000| PB 0x000000009d300000| Complete 
| 468|0x000000009d400000, 0x000000009d500000, 0x000000009d500000|100%| E|CS|TAMS 0x000000009d400000| PB 0x000000009d400000| Complete 
| 469|0x000000009d500000, 0x000000009d600000, 0x000000009d600000|100%| E|CS|TAMS 0x000000009d500000| PB 0x000000009d500000| Complete 
| 470|0x000000009d600000, 0x000000009d700000, 0x000000009d700000|100%| E|CS|TAMS 0x000000009d600000| PB 0x000000009d600000| Complete 
| 471|0x000000009d700000, 0x000000009d800000, 0x000000009d800000|100%| E|CS|TAMS 0x000000009d700000| PB 0x000000009d700000| Complete 
| 472|0x000000009d800000, 0x000000009d900000, 0x000000009d900000|100%| E|CS|TAMS 0x000000009d800000| PB 0x000000009d800000| Complete 
| 473|0x000000009d900000, 0x000000009da00000, 0x000000009da00000|100%| E|CS|TAMS 0x000000009d900000| PB 0x000000009d900000| Complete 
| 474|0x000000009da00000, 0x000000009db00000, 0x000000009db00000|100%| E|CS|TAMS 0x000000009da00000| PB 0x000000009da00000| Complete 
| 475|0x000000009db00000, 0x000000009dc00000, 0x000000009dc00000|100%| E|CS|TAMS 0x000000009db00000| PB 0x000000009db00000| Complete 
| 476|0x000000009dc00000, 0x000000009dd00000, 0x000000009dd00000|100%| E|CS|TAMS 0x000000009dc00000| PB 0x000000009dc00000| Complete 
| 477|0x000000009dd00000, 0x000000009de00000, 0x000000009de00000|100%| E|CS|TAMS 0x000000009dd00000| PB 0x000000009dd00000| Complete 
| 478|0x000000009de00000, 0x000000009df00000, 0x000000009df00000|100%| E|CS|TAMS 0x000000009de00000| PB 0x000000009de00000| Complete 
| 479|0x000000009df00000, 0x000000009e000000, 0x000000009e000000|100%| E|CS|TAMS 0x000000009df00000| PB 0x000000009df00000| Complete 
| 480|0x000000009e000000, 0x000000009e100000, 0x000000009e100000|100%| E|CS|TAMS 0x000000009e000000| PB 0x000000009e000000| Complete 
| 481|0x000000009e100000, 0x000000009e200000, 0x000000009e200000|100%| E|CS|TAMS 0x000000009e100000| PB 0x000000009e100000| Complete 
| 482|0x000000009e200000, 0x000000009e300000, 0x000000009e300000|100%| E|CS|TAMS 0x000000009e200000| PB 0x000000009e200000| Complete 
| 483|0x000000009e300000, 0x000000009e400000, 0x000000009e400000|100%| E|CS|TAMS 0x000000009e300000| PB 0x000000009e300000| Complete 
| 484|0x000000009e400000, 0x000000009e500000, 0x000000009e500000|100%| E|CS|TAMS 0x000000009e400000| PB 0x000000009e400000| Complete 
| 485|0x000000009e500000, 0x000000009e600000, 0x000000009e600000|100%| E|CS|TAMS 0x000000009e500000| PB 0x000000009e500000| Complete 
| 486|0x000000009e600000, 0x000000009e700000, 0x000000009e700000|100%| E|CS|TAMS 0x000000009e600000| PB 0x000000009e600000| Complete 
| 487|0x000000009e700000, 0x000000009e800000, 0x000000009e800000|100%| E|CS|TAMS 0x000000009e700000| PB 0x000000009e700000| Complete 
| 488|0x000000009e800000, 0x000000009e900000, 0x000000009e900000|100%| E|CS|TAMS 0x000000009e800000| PB 0x000000009e800000| Complete 
| 489|0x000000009e900000, 0x000000009ea00000, 0x000000009ea00000|100%| E|CS|TAMS 0x000000009e900000| PB 0x000000009e900000| Complete 
| 490|0x000000009ea00000, 0x000000009eb00000, 0x000000009eb00000|100%| E|CS|TAMS 0x000000009ea00000| PB 0x000000009ea00000| Complete 
| 491|0x000000009eb00000, 0x000000009ec00000, 0x000000009ec00000|100%| E|CS|TAMS 0x000000009eb00000| PB 0x000000009eb00000| Complete 
| 492|0x000000009ec00000, 0x000000009ed00000, 0x000000009ed00000|100%| E|CS|TAMS 0x000000009ec00000| PB 0x000000009ec00000| Complete 
| 493|0x000000009ed00000, 0x000000009ee00000, 0x000000009ee00000|100%| E|CS|TAMS 0x000000009ed00000| PB 0x000000009ed00000| Complete 
| 494|0x000000009ee00000, 0x000000009ef00000, 0x000000009ef00000|100%| E|CS|TAMS 0x000000009ee00000| PB 0x000000009ee00000| Complete 
| 495|0x000000009ef00000, 0x000000009f000000, 0x000000009f000000|100%| E|CS|TAMS 0x000000009ef00000| PB 0x000000009ef00000| Complete 
| 496|0x000000009f000000, 0x000000009f100000, 0x000000009f100000|100%| E|CS|TAMS 0x000000009f000000| PB 0x000000009f000000| Complete 
| 497|0x000000009f100000, 0x000000009f200000, 0x000000009f200000|100%| E|CS|TAMS 0x000000009f100000| PB 0x000000009f100000| Complete 
| 498|0x000000009f200000, 0x000000009f300000, 0x000000009f300000|100%| E|CS|TAMS 0x000000009f200000| PB 0x000000009f200000| Complete 
| 499|0x000000009f300000, 0x000000009f400000, 0x000000009f400000|100%| E|CS|TAMS 0x000000009f300000| PB 0x000000009f300000| Complete 
| 500|0x000000009f400000, 0x000000009f500000, 0x000000009f500000|100%| E|CS|TAMS 0x000000009f400000| PB 0x000000009f400000| Complete 
| 501|0x000000009f500000, 0x000000009f600000, 0x000000009f600000|100%| E|CS|TAMS 0x000000009f500000| PB 0x000000009f500000| Complete 
| 502|0x000000009f600000, 0x000000009f700000, 0x000000009f700000|100%| E|CS|TAMS 0x000000009f600000| PB 0x000000009f600000| Complete 
| 503|0x000000009f700000, 0x000000009f800000, 0x000000009f800000|100%| E|CS|TAMS 0x000000009f700000| PB 0x000000009f700000| Complete 
| 504|0x000000009f800000, 0x000000009f900000, 0x000000009f900000|100%| E|CS|TAMS 0x000000009f800000| PB 0x000000009f800000| Complete 
| 505|0x000000009f900000, 0x000000009fa00000, 0x000000009fa00000|100%| E|CS|TAMS 0x000000009f900000| PB 0x000000009f900000| Complete 
| 506|0x000000009fa00000, 0x000000009fb00000, 0x000000009fb00000|100%| E|CS|TAMS 0x000000009fa00000| PB 0x000000009fa00000| Complete 
| 507|0x000000009fb00000, 0x000000009fc00000, 0x000000009fc00000|100%| E|CS|TAMS 0x000000009fb00000| PB 0x000000009fb00000| Complete 
| 508|0x000000009fc00000, 0x000000009fd00000, 0x000000009fd00000|100%| E|CS|TAMS 0x000000009fc00000| PB 0x000000009fc00000| Complete 
| 509|0x000000009fd00000, 0x000000009fe00000, 0x000000009fe00000|100%| E|CS|TAMS 0x000000009fd00000| PB 0x000000009fd00000| Complete 
| 510|0x000000009fe00000, 0x000000009ff00000, 0x000000009ff00000|100%| E|CS|TAMS 0x000000009fe00000| PB 0x000000009fe00000| Complete 
| 511|0x000000009ff00000, 0x00000000a0000000, 0x00000000a0000000|100%| E|CS|TAMS 0x000000009ff00000| PB 0x000000009ff00000| Complete 
| 512|0x00000000a0000000, 0x00000000a0100000, 0x00000000a0100000|100%| E|CS|TAMS 0x00000000a0000000| PB 0x00000000a0000000| Complete 
| 513|0x00000000a0100000, 0x00000000a0200000, 0x00000000a0200000|100%| E|CS|TAMS 0x00000000a0100000| PB 0x00000000a0100000| Complete 
| 514|0x00000000a0200000, 0x00000000a0300000, 0x00000000a0300000|100%| E|CS|TAMS 0x00000000a0200000| PB 0x00000000a0200000| Complete 
| 515|0x00000000a0300000, 0x00000000a0400000, 0x00000000a0400000|100%| E|CS|TAMS 0x00000000a0300000| PB 0x00000000a0300000| Complete 
| 516|0x00000000a0400000, 0x00000000a0500000, 0x00000000a0500000|100%| E|CS|TAMS 0x00000000a0400000| PB 0x00000000a0400000| Complete 
| 517|0x00000000a0500000, 0x00000000a0600000, 0x00000000a0600000|100%| E|CS|TAMS 0x00000000a0500000| PB 0x00000000a0500000| Complete 
| 518|0x00000000a0600000, 0x00000000a0700000, 0x00000000a0700000|100%| E|CS|TAMS 0x00000000a0600000| PB 0x00000000a0600000| Complete 
| 519|0x00000000a0700000, 0x00000000a0800000, 0x00000000a0800000|100%| E|CS|TAMS 0x00000000a0700000| PB 0x00000000a0700000| Complete 
| 520|0x00000000a0800000, 0x00000000a0900000, 0x00000000a0900000|100%| E|CS|TAMS 0x00000000a0800000| PB 0x00000000a0800000| Complete 
| 521|0x00000000a0900000, 0x00000000a0a00000, 0x00000000a0a00000|100%| E|CS|TAMS 0x00000000a0900000| PB 0x00000000a0900000| Complete 
| 522|0x00000000a0a00000, 0x00000000a0b00000, 0x00000000a0b00000|100%| E|CS|TAMS 0x00000000a0a00000| PB 0x00000000a0a00000| Complete 
| 523|0x00000000a0b00000, 0x00000000a0c00000, 0x00000000a0c00000|100%| E|CS|TAMS 0x00000000a0b00000| PB 0x00000000a0b00000| Complete 
| 524|0x00000000a0c00000, 0x00000000a0d00000, 0x00000000a0d00000|100%| E|CS|TAMS 0x00000000a0c00000| PB 0x00000000a0c00000| Complete 
| 525|0x00000000a0d00000, 0x00000000a0e00000, 0x00000000a0e00000|100%| E|CS|TAMS 0x00000000a0d00000| PB 0x00000000a0d00000| Complete 
| 526|0x00000000a0e00000, 0x00000000a0f00000, 0x00000000a0f00000|100%| E|CS|TAMS 0x00000000a0e00000| PB 0x00000000a0e00000| Complete 
| 527|0x00000000a0f00000, 0x00000000a1000000, 0x00000000a1000000|100%| E|CS|TAMS 0x00000000a0f00000| PB 0x00000000a0f00000| Complete 
| 528|0x00000000a1000000, 0x00000000a1100000, 0x00000000a1100000|100%| E|CS|TAMS 0x00000000a1000000| PB 0x00000000a1000000| Complete 
| 529|0x00000000a1100000, 0x00000000a1200000, 0x00000000a1200000|100%| E|CS|TAMS 0x00000000a1100000| PB 0x00000000a1100000| Complete 
| 530|0x00000000a1200000, 0x00000000a1300000, 0x00000000a1300000|100%| E|CS|TAMS 0x00000000a1200000| PB 0x00000000a1200000| Complete 
| 531|0x00000000a1300000, 0x00000000a1400000, 0x00000000a1400000|100%| E|CS|TAMS 0x00000000a1300000| PB 0x00000000a1300000| Complete 
| 532|0x00000000a1400000, 0x00000000a1500000, 0x00000000a1500000|100%| E|CS|TAMS 0x00000000a1400000| PB 0x00000000a1400000| Complete 
| 533|0x00000000a1500000, 0x00000000a1600000, 0x00000000a1600000|100%| E|CS|TAMS 0x00000000a1500000| PB 0x00000000a1500000| Complete 
| 534|0x00000000a1600000, 0x00000000a1700000, 0x00000000a1700000|100%| E|CS|TAMS 0x00000000a1600000| PB 0x00000000a1600000| Complete 
| 535|0x00000000a1700000, 0x00000000a1800000, 0x00000000a1800000|100%| E|CS|TAMS 0x00000000a1700000| PB 0x00000000a1700000| Complete 
| 536|0x00000000a1800000, 0x00000000a1900000, 0x00000000a1900000|100%| E|CS|TAMS 0x00000000a1800000| PB 0x00000000a1800000| Complete 
| 537|0x00000000a1900000, 0x00000000a1a00000, 0x00000000a1a00000|100%| E|CS|TAMS 0x00000000a1900000| PB 0x00000000a1900000| Complete 
| 538|0x00000000a1a00000, 0x00000000a1b00000, 0x00000000a1b00000|100%| E|CS|TAMS 0x00000000a1a00000| PB 0x00000000a1a00000| Complete 
| 539|0x00000000a1b00000, 0x00000000a1c00000, 0x00000000a1c00000|100%| E|CS|TAMS 0x00000000a1b00000| PB 0x00000000a1b00000| Complete 
| 540|0x00000000a1c00000, 0x00000000a1d00000, 0x00000000a1d00000|100%| E|CS|TAMS 0x00000000a1c00000| PB 0x00000000a1c00000| Complete 
| 541|0x00000000a1d00000, 0x00000000a1e00000, 0x00000000a1e00000|100%| E|CS|TAMS 0x00000000a1d00000| PB 0x00000000a1d00000| Complete 
| 542|0x00000000a1e00000, 0x00000000a1f00000, 0x00000000a1f00000|100%| E|CS|TAMS 0x00000000a1e00000| PB 0x00000000a1e00000| Complete 
| 543|0x00000000a1f00000, 0x00000000a2000000, 0x00000000a2000000|100%| E|CS|TAMS 0x00000000a1f00000| PB 0x00000000a1f00000| Complete 
| 544|0x00000000a2000000, 0x00000000a2100000, 0x00000000a2100000|100%| E|CS|TAMS 0x00000000a2000000| PB 0x00000000a2000000| Complete 
| 545|0x00000000a2100000, 0x00000000a2200000, 0x00000000a2200000|100%| E|CS|TAMS 0x00000000a2100000| PB 0x00000000a2100000| Complete 
| 546|0x00000000a2200000, 0x00000000a2300000, 0x00000000a2300000|100%| E|CS|TAMS 0x00000000a2200000| PB 0x00000000a2200000| Complete 
| 547|0x00000000a2300000, 0x00000000a2400000, 0x00000000a2400000|100%| E|CS|TAMS 0x00000000a2300000| PB 0x00000000a2300000| Complete 
| 548|0x00000000a2400000, 0x00000000a2500000, 0x00000000a2500000|100%| E|CS|TAMS 0x00000000a2400000| PB 0x00000000a2400000| Complete 
| 549|0x00000000a2500000, 0x00000000a2600000, 0x00000000a2600000|100%| E|CS|TAMS 0x00000000a2500000| PB 0x00000000a2500000| Complete 
| 550|0x00000000a2600000, 0x00000000a2700000, 0x00000000a2700000|100%| E|CS|TAMS 0x00000000a2600000| PB 0x00000000a2600000| Complete 
| 551|0x00000000a2700000, 0x00000000a2800000, 0x00000000a2800000|100%| E|CS|TAMS 0x00000000a2700000| PB 0x00000000a2700000| Complete 
| 552|0x00000000a2800000, 0x00000000a2900000, 0x00000000a2900000|100%| E|CS|TAMS 0x00000000a2800000| PB 0x00000000a2800000| Complete 
| 553|0x00000000a2900000, 0x00000000a2a00000, 0x00000000a2a00000|100%| E|CS|TAMS 0x00000000a2900000| PB 0x00000000a2900000| Complete 
| 554|0x00000000a2a00000, 0x00000000a2b00000, 0x00000000a2b00000|100%| E|CS|TAMS 0x00000000a2a00000| PB 0x00000000a2a00000| Complete 
| 555|0x00000000a2b00000, 0x00000000a2c00000, 0x00000000a2c00000|100%| E|CS|TAMS 0x00000000a2b00000| PB 0x00000000a2b00000| Complete 
| 556|0x00000000a2c00000, 0x00000000a2d00000, 0x00000000a2d00000|100%| E|CS|TAMS 0x00000000a2c00000| PB 0x00000000a2c00000| Complete 
| 557|0x00000000a2d00000, 0x00000000a2e00000, 0x00000000a2e00000|100%| E|CS|TAMS 0x00000000a2d00000| PB 0x00000000a2d00000| Complete 
| 561|0x00000000a3100000, 0x00000000a3200000, 0x00000000a3200000|100%| E|CS|TAMS 0x00000000a3100000| PB 0x00000000a3100000| Complete 
| 562|0x00000000a3200000, 0x00000000a3300000, 0x00000000a3300000|100%| E|CS|TAMS 0x00000000a3200000| PB 0x00000000a3200000| Complete 
| 563|0x00000000a3300000, 0x00000000a3400000, 0x00000000a3400000|100%| E|CS|TAMS 0x00000000a3300000| PB 0x00000000a3300000| Complete 
| 564|0x00000000a3400000, 0x00000000a3500000, 0x00000000a3500000|100%| E|CS|TAMS 0x00000000a3400000| PB 0x00000000a3400000| Complete 
| 565|0x00000000a3500000, 0x00000000a3600000, 0x00000000a3600000|100%| E|CS|TAMS 0x00000000a3500000| PB 0x00000000a3500000| Complete 
| 566|0x00000000a3600000, 0x00000000a3700000, 0x00000000a3700000|100%| E|CS|TAMS 0x00000000a3600000| PB 0x00000000a3600000| Complete 
| 567|0x00000000a3700000, 0x00000000a3800000, 0x00000000a3800000|100%| E|CS|TAMS 0x00000000a3700000| PB 0x00000000a3700000| Complete 
| 568|0x00000000a3800000, 0x00000000a3900000, 0x00000000a3900000|100%| E|CS|TAMS 0x00000000a3800000| PB 0x00000000a3800000| Complete 
| 569|0x00000000a3900000, 0x00000000a3a00000, 0x00000000a3a00000|100%| E|CS|TAMS 0x00000000a3900000| PB 0x00000000a3900000| Complete 
| 570|0x00000000a3a00000, 0x00000000a3b00000, 0x00000000a3b00000|100%| E|CS|TAMS 0x00000000a3a00000| PB 0x00000000a3a00000| Complete 
| 571|0x00000000a3b00000, 0x00000000a3c00000, 0x00000000a3c00000|100%| E|CS|TAMS 0x00000000a3b00000| PB 0x00000000a3b00000| Complete 
| 572|0x00000000a3c00000, 0x00000000a3d00000, 0x00000000a3d00000|100%| E|CS|TAMS 0x00000000a3c00000| PB 0x00000000a3c00000| Complete 
| 573|0x00000000a3d00000, 0x00000000a3e00000, 0x00000000a3e00000|100%| E|CS|TAMS 0x00000000a3d00000| PB 0x00000000a3d00000| Complete 
| 574|0x00000000a3e00000, 0x00000000a3f00000, 0x00000000a3f00000|100%| E|CS|TAMS 0x00000000a3e00000| PB 0x00000000a3e00000| Complete 
| 575|0x00000000a3f00000, 0x00000000a4000000, 0x00000000a4000000|100%| E|CS|TAMS 0x00000000a3f00000| PB 0x00000000a3f00000| Complete 
| 576|0x00000000a4000000, 0x00000000a4100000, 0x00000000a4100000|100%| E|CS|TAMS 0x00000000a4000000| PB 0x00000000a4000000| Complete 
| 584|0x00000000a4800000, 0x00000000a4900000, 0x00000000a4900000|100%| E|CS|TAMS 0x00000000a4800000| PB 0x00000000a4800000| Complete 
| 585|0x00000000a4900000, 0x00000000a4a00000, 0x00000000a4a00000|100%| E|CS|TAMS 0x00000000a4900000| PB 0x00000000a4900000| Complete 
| 586|0x00000000a4a00000, 0x00000000a4b00000, 0x00000000a4b00000|100%| E|CS|TAMS 0x00000000a4a00000| PB 0x00000000a4a00000| Complete 
| 587|0x00000000a4b00000, 0x00000000a4c00000, 0x00000000a4c00000|100%| E|CS|TAMS 0x00000000a4b00000| PB 0x00000000a4b00000| Complete 
| 588|0x00000000a4c00000, 0x00000000a4d00000, 0x00000000a4d00000|100%| E|CS|TAMS 0x00000000a4c00000| PB 0x00000000a4c00000| Complete 
| 589|0x00000000a4d00000, 0x00000000a4e00000, 0x00000000a4e00000|100%| E|CS|TAMS 0x00000000a4d00000| PB 0x00000000a4d00000| Complete 
| 590|0x00000000a4e00000, 0x00000000a4f00000, 0x00000000a4f00000|100%| E|CS|TAMS 0x00000000a4e00000| PB 0x00000000a4e00000| Complete 
| 591|0x00000000a4f00000, 0x00000000a5000000, 0x00000000a5000000|100%| E|CS|TAMS 0x00000000a4f00000| PB 0x00000000a4f00000| Complete 
| 592|0x00000000a5000000, 0x00000000a5100000, 0x00000000a5100000|100%| E|CS|TAMS 0x00000000a5000000| PB 0x00000000a5000000| Complete 
| 637|0x00000000a7d00000, 0x00000000a7e00000, 0x00000000a7e00000|100%| E|CS|TAMS 0x00000000a7d00000| PB 0x00000000a7d00000| Complete 
| 638|0x00000000a7e00000, 0x00000000a7f00000, 0x00000000a7f00000|100%| E|CS|TAMS 0x00000000a7e00000| PB 0x00000000a7e00000| Complete 
| 639|0x00000000a7f00000, 0x00000000a8000000, 0x00000000a8000000|100%| E|CS|TAMS 0x00000000a7f00000| PB 0x00000000a7f00000| Complete 
| 640|0x00000000a8000000, 0x00000000a8100000, 0x00000000a8100000|100%| E|CS|TAMS 0x00000000a8000000| PB 0x00000000a8000000| Complete 
| 641|0x00000000a8100000, 0x00000000a8200000, 0x00000000a8200000|100%| E|CS|TAMS 0x00000000a8100000| PB 0x00000000a8100000| Complete 
| 642|0x00000000a8200000, 0x00000000a8300000, 0x00000000a8300000|100%| E|CS|TAMS 0x00000000a8200000| PB 0x00000000a8200000| Complete 
| 643|0x00000000a8300000, 0x00000000a8400000, 0x00000000a8400000|100%| E|CS|TAMS 0x00000000a8300000| PB 0x00000000a8300000| Complete 
| 644|0x00000000a8400000, 0x00000000a8500000, 0x00000000a8500000|100%| E|CS|TAMS 0x00000000a8400000| PB 0x00000000a8400000| Complete 
| 645|0x00000000a8500000, 0x00000000a8600000, 0x00000000a8600000|100%| E|CS|TAMS 0x00000000a8500000| PB 0x00000000a8500000| Complete 
| 646|0x00000000a8600000, 0x00000000a8700000, 0x00000000a8700000|100%| E|CS|TAMS 0x00000000a8600000| PB 0x00000000a8600000| Complete 
|2011|0x00000000fdb00000, 0x00000000fdc00000, 0x00000000fdc00000|100%| O|  |TAMS 0x00000000fdb00000| PB 0x00000000fdb00000| Untracked 
|2012|0x00000000fdc00000, 0x00000000fdd00000, 0x00000000fdd00000|100%| O|  |TAMS 0x00000000fdc00000| PB 0x00000000fdc00000| Untracked 
|2013|0x00000000fdd00000, 0x00000000fde00000, 0x00000000fde00000|100%| O|  |TAMS 0x00000000fdd00000| PB 0x00000000fdd00000| Untracked 
|2014|0x00000000fde00000, 0x00000000fdf00000, 0x00000000fdf00000|100%| O|  |TAMS 0x00000000fde00000| PB 0x00000000fde00000| Untracked 
|2015|0x00000000fdf00000, 0x00000000fe000000, 0x00000000fe000000|100%| O|  |TAMS 0x00000000fdf00000| PB 0x00000000fdf00000| Untracked 
|2016|0x00000000fe000000, 0x00000000fe100000, 0x00000000fe100000|100%| O|  |TAMS 0x00000000fe000000| PB 0x00000000fe000000| Untracked 
|2017|0x00000000fe100000, 0x00000000fe200000, 0x00000000fe200000|100%| O|  |TAMS 0x00000000fe100000| PB 0x00000000fe100000| Untracked 
|2023|0x00000000fe700000, 0x00000000fe800000, 0x00000000fe800000|100%| O|  |TAMS 0x00000000fe700000| PB 0x00000000fe700000| Untracked 
|2024|0x00000000fe800000, 0x00000000fe900000, 0x00000000fe900000|100%| O|  |TAMS 0x00000000fe800000| PB 0x00000000fe800000| Untracked 
|2026|0x00000000fea00000, 0x00000000feb00000, 0x00000000feb00000|100%| O|  |TAMS 0x00000000fea00000| PB 0x00000000fea00000| Untracked 
|2027|0x00000000feb00000, 0x00000000fec00000, 0x00000000fec00000|100%| O|  |TAMS 0x00000000feb00000| PB 0x00000000feb00000| Untracked 
|2028|0x00000000fec00000, 0x00000000fed00000, 0x00000000fed00000|100%| O|  |TAMS 0x00000000fec00000| PB 0x00000000fec00000| Untracked 
|2032|0x00000000ff000000, 0x00000000ff100000, 0x00000000ff100000|100%| O|  |TAMS 0x00000000ff000000| PB 0x00000000ff000000| Untracked 
|2033|0x00000000ff100000, 0x00000000ff200000, 0x00000000ff200000|100%| O|  |TAMS 0x00000000ff100000| PB 0x00000000ff100000| Untracked 
|2034|0x00000000ff200000, 0x00000000ff300000, 0x00000000ff300000|100%| O|  |TAMS 0x00000000ff200000| PB 0x00000000ff200000| Untracked 
|2039|0x00000000ff700000, 0x00000000ff800000, 0x00000000ff800000|100%| E|CS|TAMS 0x00000000ff700000| PB 0x00000000ff700000| Complete 
|2040|0x00000000ff800000, 0x00000000ff900000, 0x00000000ff900000|100%| E|CS|TAMS 0x00000000ff800000| PB 0x00000000ff800000| Complete 
|2041|0x00000000ff900000, 0x00000000ffa00000, 0x00000000ffa00000|100%| E|CS|TAMS 0x00000000ff900000| PB 0x00000000ff900000| Complete 
|2042|0x00000000ffa00000, 0x00000000ffb00000, 0x00000000ffb00000|100%| E|CS|TAMS 0x00000000ffa00000| PB 0x00000000ffa00000| Complete 
|2043|0x00000000ffb00000, 0x00000000ffc00000, 0x00000000ffc00000|100%| E|CS|TAMS 0x00000000ffb00000| PB 0x00000000ffb00000| Complete 
|2044|0x00000000ffc00000, 0x00000000ffd00000, 0x00000000ffd00000|100%| E|CS|TAMS 0x00000000ffc00000| PB 0x00000000ffc00000| Complete 
|2045|0x00000000ffd00000, 0x00000000ffe00000, 0x00000000ffe00000|100%| E|CS|TAMS 0x00000000ffd00000| PB 0x00000000ffd00000| Complete 
|2046|0x00000000ffe00000, 0x00000000fff00000, 0x00000000fff00000|100%| O|  |TAMS 0x00000000ffe00000| PB 0x00000000ffe00000| Untracked 
|2047|0x00000000fff00000, 0x0000000100000000, 0x0000000100000000|100%| O|  |TAMS 0x00000000fff00000| PB 0x00000000fff00000| Untracked 

Card table byte_map: [0x000002ac74c20000,0x000002ac75020000] _byte_map_base: 0x000002ac74820000

Marking Bits: (CMBitMap*) 0x000002ac5ff43870
 Bits: [0x000002ac75020000, 0x000002ac77020000)

Polling page: 0x000002ac61760000

Metaspace:

Usage:
  Non-class:     59.82 MB used.
      Class:      8.93 MB used.
       Both:     68.75 MB used.

Virtual space:
  Non-class space:       64.00 MB reserved,      60.56 MB ( 95%) committed,  1 nodes.
      Class space:        1.00 GB reserved,       9.69 MB ( <1%) committed,  1 nodes.
             Both:        1.06 GB reserved,      70.25 MB (  6%) committed. 

Chunk freelists:
   Non-Class:  3.44 MB
       Class:  6.36 MB
        Both:  9.80 MB

MaxMetaspaceSize: unlimited
CompressedClassSpaceSize: 1.00 GB
Initial GC threshold: 21.00 MB
Current GC threshold: 112.81 MB
CDS: off
 - commit_granule_bytes: 65536.
 - commit_granule_words: 8192.
 - virtual_space_node_default_size: 8388608.
 - enlarge_chunks_in_place: 1.
 - use_allocation_guard: 0.


Internal statistics:

num_allocs_failed_limit: 6.
num_arena_births: 2796.
num_arena_deaths: 10.
num_vsnodes_births: 2.
num_vsnodes_deaths: 0.
num_space_committed: 1124.
num_space_uncommitted: 0.
num_chunks_returned_to_freelist: 26.
num_chunks_taken_from_freelist: 5560.
num_chunk_merges: 6.
num_chunk_splits: 3637.
num_chunks_enlarged: 2332.
num_inconsistent_stats: 0.

CodeHeap 'non-profiled nmethods': size=119168Kb used=8622Kb max_used=8793Kb free=110545Kb
 bounds [0x000002ac6c4e0000, 0x000002ac6cd80000, 0x000002ac73940000]
CodeHeap 'profiled nmethods': size=119104Kb used=16813Kb max_used=16813Kb free=102290Kb
 bounds [0x000002ac64940000, 0x000002ac659b0000, 0x000002ac6bd90000]
CodeHeap 'non-nmethods': size=7488Kb used=4427Kb max_used=4517Kb free=3060Kb
 bounds [0x000002ac6bd90000, 0x000002ac6c220000, 0x000002ac6c4e0000]
 total_blobs=9964 nmethods=9080 adapters=785
 compilation: enabled
              stopped_count=0, restarted_count=0
 full_count=0

Compilation events (20 events):
Event: 36.127 Thread 0x000002ac0c20e710 nmethod 11746 0x000002ac6599c010 code [0x000002ac6599c1c0, 0x000002ac6599c390]
Event: 36.127 Thread 0x000002ac7a23c510 nmethod 11745 0x000002ac6599c490 code [0x000002ac6599c620, 0x000002ac6599c788]
Event: 36.127 Thread 0x000002ac7a23c510 11747       3       kotlinx.metadata.internal.metadata.ProtoBuf$Property::getContextReceiverTypeCount (10 bytes)
Event: 36.127 Thread 0x000002ac0c20e710 11749       3       kotlinx.metadata.internal.metadata.deserialization.ProtoTypeTableUtilKt::receiverType (47 bytes)
Event: 36.127 Thread 0x000002ac7a23c510 nmethod 11747 0x000002ac6599c810 code [0x000002ac6599c9c0, 0x000002ac6599cb90]
Event: 36.127 Thread 0x000002ac0c2116c0 nmethod 11744 0x000002ac6599cc90 code [0x000002ac6599cfc0, 0x000002ac6599e1f0]
Event: 36.128 Thread 0x000002ac0c20e710 nmethod 11749 0x000002ac6599e710 code [0x000002ac6599ea00, 0x000002ac6599f848]
Event: 36.129 Thread 0x000002ac0c20e040 nmethod 11710 0x000002ac6cb5d890 code [0x000002ac6cb5daa0, 0x000002ac6cb5e410]
Event: 36.129 Thread 0x000002ac0c20d970 nmethod 11748 0x000002ac6599fd10 code [0x000002ac659a05a0, 0x000002ac659a4ce0]
Event: 36.129 Thread 0x000002ac0c20e710 11750       3       kotlinx.metadata.internal.metadata.jvm.JvmProtoBuf$JvmPropertySignature$Builder::<init> (44 bytes)
Event: 36.130 Thread 0x000002ac0c20e710 nmethod 11750 0x000002ac659a6a10 code [0x000002ac659a6c20, 0x000002ac659a72f0]
Event: 36.131 Thread 0x000002ac7a23c510 11751       3       kotlinx.metadata.impl.ReadersKt::visitDeclarations (240 bytes)
Event: 36.132 Thread 0x000002ac0c20d970 11753       3       kotlinx.metadata.internal.metadata.ProtoBuf$Class::hasInlineClassUnderlyingPropertyName (18 bytes)
Event: 36.132 Thread 0x000002ac0c2116c0 11752       3       kotlinx.metadata.internal.metadata.ProtoBuf$Class::hasInlineClassUnderlyingType (18 bytes)
Event: 36.132 Thread 0x000002ac0c20e710 11754       3       kotlin.jvm.internal.Lambda::<init> (10 bytes)
Event: 36.132 Thread 0x000002ac0c2116c0 nmethod 11752 0x000002ac659a7490 code [0x000002ac659a7620, 0x000002ac659a7788]
Event: 36.132 Thread 0x000002ac0c20d970 nmethod 11753 0x000002ac659a7810 code [0x000002ac659a79a0, 0x000002ac659a7b08]
Event: 36.132 Thread 0x000002ac0c20e710 nmethod 11754 0x000002ac659a7b90 code [0x000002ac659a7d40, 0x000002ac659a7ea8]
Event: 36.133 Thread 0x000002ac7a23c510 nmethod 11751 0x000002ac659a7f90 code [0x000002ac659a8460, 0x000002ac659aa780]
Event: 36.134 Thread 0x000002ac0c210ff0 nmethod 11712 0x000002ac6cb5c410 code [0x000002ac6cb5c660, 0x000002ac6cb5d2e8]

GC Heap History (20 events):
Event: 31.682 GC heap before
{Heap before GC invocations=77 (full 0):
 garbage-first heap   total 652288K, used 569030K [0x0000000080000000, 0x0000000100000000)
  region size 1024K, 382 young (391168K), 17 survivors (17408K)
 Metaspace       used 67504K, committed 69056K, reserved 1114112K
  class space    used 8865K, committed 9600K, reserved 1048576K
}
Event: 31.689 GC heap after
{Heap after GC invocations=78 (full 0):
 garbage-first heap   total 652288K, used 197320K [0x0000000080000000, 0x0000000100000000)
  region size 1024K, 19 young (19456K), 19 survivors (19456K)
 Metaspace       used 67504K, committed 69056K, reserved 1114112K
  class space    used 8865K, committed 9600K, reserved 1048576K
}
Event: 32.099 GC heap before
{Heap before GC invocations=78 (full 0):
 garbage-first heap   total 652288K, used 569032K [0x0000000080000000, 0x0000000100000000)
  region size 1024K, 382 young (391168K), 19 survivors (19456K)
 Metaspace       used 67505K, committed 69056K, reserved 1114112K
  class space    used 8865K, committed 9600K, reserved 1048576K
}
Event: 32.111 GC heap after
{Heap after GC invocations=79 (full 0):
 garbage-first heap   total 652288K, used 195167K [0x0000000080000000, 0x0000000100000000)
  region size 1024K, 22 young (22528K), 22 survivors (22528K)
 Metaspace       used 67505K, committed 69056K, reserved 1114112K
  class space    used 8865K, committed 9600K, reserved 1048576K
}
Event: 32.274 GC heap before
{Heap before GC invocations=79 (full 0):
 garbage-first heap   total 652288K, used 371295K [0x0000000080000000, 0x0000000100000000)
  region size 1024K, 195 young (199680K), 22 survivors (22528K)
 Metaspace       used 67506K, committed 69056K, reserved 1114112K
  class space    used 8865K, committed 9600K, reserved 1048576K
}
Event: 32.282 GC heap after
{Heap after GC invocations=80 (full 0):
 garbage-first heap   total 652288K, used 196766K [0x0000000080000000, 0x0000000100000000)
  region size 1024K, 23 young (23552K), 23 survivors (23552K)
 Metaspace       used 67506K, committed 69056K, reserved 1114112K
  class space    used 8865K, committed 9600K, reserved 1048576K
}
Event: 32.684 GC heap before
{Heap before GC invocations=81 (full 0):
 garbage-first heap   total 652288K, used 565406K [0x0000000080000000, 0x0000000100000000)
  region size 1024K, 382 young (391168K), 23 survivors (23552K)
 Metaspace       used 67507K, committed 69056K, reserved 1114112K
  class space    used 8865K, committed 9600K, reserved 1048576K
}
Event: 32.696 GC heap after
{Heap after GC invocations=82 (full 0):
 garbage-first heap   total 652288K, used 198046K [0x0000000080000000, 0x0000000100000000)
  region size 1024K, 24 young (24576K), 24 survivors (24576K)
 Metaspace       used 67507K, committed 69056K, reserved 1114112K
  class space    used 8865K, committed 9600K, reserved 1048576K
}
Event: 33.076 GC heap before
{Heap before GC invocations=82 (full 0):
 garbage-first heap   total 652288K, used 564638K [0x0000000080000000, 0x0000000100000000)
  region size 1024K, 382 young (391168K), 24 survivors (24576K)
 Metaspace       used 67515K, committed 69056K, reserved 1114112K
  class space    used 8865K, committed 9600K, reserved 1048576K
}
Event: 33.093 GC heap after
{Heap after GC invocations=83 (full 0):
 garbage-first heap   total 652288K, used 196476K [0x0000000080000000, 0x0000000100000000)
  region size 1024K, 26 young (26624K), 26 survivors (26624K)
 Metaspace       used 67515K, committed 69056K, reserved 1114112K
  class space    used 8865K, committed 9600K, reserved 1048576K
}
Event: 33.374 GC heap before
{Heap before GC invocations=83 (full 0):
 garbage-first heap   total 652288K, used 473980K [0x0000000080000000, 0x0000000100000000)
  region size 1024K, 298 young (305152K), 26 survivors (26624K)
 Metaspace       used 67522K, committed 69056K, reserved 1114112K
  class space    used 8865K, committed 9600K, reserved 1048576K
}
Event: 33.384 GC heap after
{Heap after GC invocations=84 (full 0):
 garbage-first heap   total 652288K, used 198846K [0x0000000080000000, 0x0000000100000000)
  region size 1024K, 23 young (23552K), 23 survivors (23552K)
 Metaspace       used 67522K, committed 69056K, reserved 1114112K
  class space    used 8865K, committed 9600K, reserved 1048576K
}
Event: 33.723 GC heap before
{Heap before GC invocations=85 (full 0):
 garbage-first heap   total 652288K, used 567486K [0x0000000080000000, 0x0000000100000000)
  region size 1024K, 382 young (391168K), 23 survivors (23552K)
 Metaspace       used 67522K, committed 69056K, reserved 1114112K
  class space    used 8865K, committed 9600K, reserved 1048576K
}
Event: 33.739 GC heap after
{Heap after GC invocations=86 (full 0):
 garbage-first heap   total 652288K, used 199870K [0x0000000080000000, 0x0000000100000000)
  region size 1024K, 24 young (24576K), 24 survivors (24576K)
 Metaspace       used 67522K, committed 69056K, reserved 1114112K
  class space    used 8865K, committed 9600K, reserved 1048576K
}
Event: 34.120 GC heap before
{Heap before GC invocations=86 (full 0):
 garbage-first heap   total 652288K, used 566462K [0x0000000080000000, 0x0000000100000000)
  region size 1024K, 382 young (391168K), 24 survivors (24576K)
 Metaspace       used 67522K, committed 69056K, reserved 1114112K
  class space    used 8865K, committed 9600K, reserved 1048576K
}
Event: 34.138 GC heap after
{Heap after GC invocations=87 (full 0):
 garbage-first heap   total 652288K, used 198960K [0x0000000080000000, 0x0000000100000000)
  region size 1024K, 26 young (26624K), 26 survivors (26624K)
 Metaspace       used 67522K, committed 69056K, reserved 1114112K
  class space    used 8865K, committed 9600K, reserved 1048576K
}
Event: 34.803 GC heap before
{Heap before GC invocations=87 (full 0):
 garbage-first heap   total 652288K, used 476464K [0x0000000080000000, 0x0000000100000000)
  region size 1024K, 298 young (305152K), 26 survivors (26624K)
 Metaspace       used 67586K, committed 69120K, reserved 1114112K
  class space    used 8872K, committed 9600K, reserved 1048576K
}
Event: 34.807 GC heap after
{Heap after GC invocations=88 (full 0):
 garbage-first heap   total 652288K, used 181089K [0x0000000080000000, 0x0000000100000000)
  region size 1024K, 8 young (8192K), 8 survivors (8192K)
 Metaspace       used 67586K, committed 69120K, reserved 1114112K
  class space    used 8872K, committed 9600K, reserved 1048576K
}
Event: 35.717 GC heap before
{Heap before GC invocations=89 (full 0):
 garbage-first heap   total 631808K, used 558945K [0x0000000080000000, 0x0000000100000000)
  region size 1024K, 370 young (378880K), 8 survivors (8192K)
 Metaspace       used 67828K, committed 69376K, reserved 1114112K
  class space    used 8891K, committed 9664K, reserved 1048576K
}
Event: 35.720 GC heap after
{Heap after GC invocations=90 (full 0):
 garbage-first heap   total 631808K, used 183763K [0x0000000080000000, 0x0000000100000000)
  region size 1024K, 3 young (3072K), 3 survivors (3072K)
 Metaspace       used 67828K, committed 69376K, reserved 1114112K
  class space    used 8891K, committed 9664K, reserved 1048576K
}

Dll operation events (3 events):
Event: 0.017 Loaded shared library C:\Program Files\Android\Android Studio\jbr\bin\java.dll
Event: 0.026 Loaded shared library C:\Program Files\Android\Android Studio\jbr\bin\zip.dll
Event: 0.559 Loaded shared library C:\Program Files\Android\Android Studio\jbr\bin\verify.dll

Deoptimization events (20 events):
Event: 36.092 Thread 0x000002ac00811050 Uncommon trap: trap_request=0xffffffde fr.pc=0x000002ac6c8f591c relative=0x000000000000069c
Event: 36.092 Thread 0x000002ac00811050 Uncommon trap: reason=class_check action=maybe_recompile pc=0x000002ac6c8f591c method=java.util.AbstractCollection.toArray()[Ljava/lang/Object; @ 1 c2
Event: 36.092 Thread 0x000002ac00811050 DEOPT PACKING pc=0x000002ac6c8f591c sp=0x000000ea29cf7260
Event: 36.092 Thread 0x000002ac00811050 DEOPT UNPACKING pc=0x000002ac6bde46a2 sp=0x000000ea29cf7210 mode 2
Event: 36.096 Thread 0x000002ac00811050 Uncommon trap: trap_request=0xffffffde fr.pc=0x000002ac6cb6eb50 relative=0x0000000000000c10
Event: 36.096 Thread 0x000002ac00811050 Uncommon trap: reason=class_check action=maybe_recompile pc=0x000002ac6cb6eb50 method=org.gradle.kotlin.dsl.normalization.KotlinApiMemberWriter.writeClass(Lorg/gradle/internal/normalization/java/impl/ClassMember;Ljava/util/Set;Ljava/util/Set;Ljava/util/Se
Event: 36.096 Thread 0x000002ac00811050 DEOPT PACKING pc=0x000002ac6cb6eb50 sp=0x000000ea29cf7c40
Event: 36.096 Thread 0x000002ac00811050 DEOPT UNPACKING pc=0x000002ac6bde46a2 sp=0x000000ea29cf7b60 mode 2
Event: 36.097 Thread 0x000002ac00811050 Uncommon trap: trap_request=0xffffffde fr.pc=0x000002ac6cb6eb50 relative=0x0000000000000c10
Event: 36.097 Thread 0x000002ac00811050 Uncommon trap: reason=class_check action=maybe_recompile pc=0x000002ac6cb6eb50 method=org.gradle.kotlin.dsl.normalization.KotlinApiMemberWriter.writeClass(Lorg/gradle/internal/normalization/java/impl/ClassMember;Ljava/util/Set;Ljava/util/Set;Ljava/util/Se
Event: 36.097 Thread 0x000002ac00811050 DEOPT PACKING pc=0x000002ac6cb6eb50 sp=0x000000ea29cf7c40
Event: 36.097 Thread 0x000002ac00811050 DEOPT UNPACKING pc=0x000002ac6bde46a2 sp=0x000000ea29cf7b60 mode 2
Event: 36.119 Thread 0x000002ac00811050 Uncommon trap: trap_request=0xffffffde fr.pc=0x000002ac6cb6eb50 relative=0x0000000000000c10
Event: 36.119 Thread 0x000002ac00811050 Uncommon trap: reason=class_check action=maybe_recompile pc=0x000002ac6cb6eb50 method=org.gradle.kotlin.dsl.normalization.KotlinApiMemberWriter.writeClass(Lorg/gradle/internal/normalization/java/impl/ClassMember;Ljava/util/Set;Ljava/util/Set;Ljava/util/Se
Event: 36.119 Thread 0x000002ac00811050 DEOPT PACKING pc=0x000002ac6cb6eb50 sp=0x000000ea29cf7c40
Event: 36.119 Thread 0x000002ac00811050 DEOPT UNPACKING pc=0x000002ac6bde46a2 sp=0x000000ea29cf7b60 mode 2
Event: 36.121 Thread 0x000002ac00811050 Uncommon trap: trap_request=0xffffffde fr.pc=0x000002ac6cb6eb50 relative=0x0000000000000c10
Event: 36.121 Thread 0x000002ac00811050 Uncommon trap: reason=class_check action=maybe_recompile pc=0x000002ac6cb6eb50 method=org.gradle.kotlin.dsl.normalization.KotlinApiMemberWriter.writeClass(Lorg/gradle/internal/normalization/java/impl/ClassMember;Ljava/util/Set;Ljava/util/Set;Ljava/util/Se
Event: 36.121 Thread 0x000002ac00811050 DEOPT PACKING pc=0x000002ac6cb6eb50 sp=0x000000ea29cf7c40
Event: 36.121 Thread 0x000002ac00811050 DEOPT UNPACKING pc=0x000002ac6bde46a2 sp=0x000000ea29cf7b60 mode 2

Classes loaded (20 events):
Event: 28.059 Loading class java/lang/ClassBeanInfo
Event: 28.059 Loading class java/lang/ClassBeanInfo done
Event: 28.059 Loading class java/lang/ClassCustomizer
Event: 28.059 Loading class java/lang/ClassCustomizer done
Event: 28.059 Loading class java/lang/ClassCustomizer
Event: 28.059 Loading class java/lang/ClassCustomizer done
Event: 28.162 Loading class java/util/BitSet$1BitSetSpliterator
Event: 28.163 Loading class java/util/BitSet$1BitSetSpliterator done
Event: 28.173 Loading class java/util/Collections$SynchronizedRandomAccessList
Event: 28.173 Loading class java/util/Collections$SynchronizedList
Event: 28.174 Loading class java/util/Collections$SynchronizedList done
Event: 28.174 Loading class java/util/Collections$SynchronizedRandomAccessList done
Event: 29.123 Loading class java/util/regex/Pattern$Caret
Event: 29.123 Loading class java/util/regex/Pattern$Caret done
Event: 35.920 Loading class java/util/concurrent/atomic/AtomicReferenceFieldUpdater
Event: 35.920 Loading class java/util/concurrent/atomic/AtomicReferenceFieldUpdater done
Event: 35.920 Loading class java/util/concurrent/atomic/AtomicReferenceFieldUpdater$AtomicReferenceFieldUpdaterImpl
Event: 35.920 Loading class java/util/concurrent/atomic/AtomicReferenceFieldUpdater$AtomicReferenceFieldUpdaterImpl done
Event: 35.920 Loading class java/util/concurrent/atomic/AtomicReferenceFieldUpdater$AtomicReferenceFieldUpdaterImpl$1
Event: 35.920 Loading class java/util/concurrent/atomic/AtomicReferenceFieldUpdater$AtomicReferenceFieldUpdaterImpl$1 done

Classes unloaded (20 events):
Event: 13.107 Thread 0x000002ac7a1a9900 Unloading class 0x0000000100768548 '_BuildScript_$_run_closure1'
Event: 13.107 Thread 0x000002ac7a1a9900 Unloading class 0x0000000100768000 '_BuildScript_'
Event: 13.665 Thread 0x000002ac7a1a9900 Unloading class 0x0000000100808948 '_BuildScript_$_run_closure1$_closure2'
Event: 13.665 Thread 0x000002ac7a1a9900 Unloading class 0x0000000100808548 '_BuildScript_$_run_closure1'
Event: 13.665 Thread 0x000002ac7a1a9900 Unloading class 0x0000000100808000 '_BuildScript_'
Event: 21.234 Thread 0x000002ac7a1a9900 Unloading class 0x0000000100918000 '_BuildScript_$_run_closure1$_closure2'
Event: 21.234 Thread 0x000002ac7a1a9900 Unloading class 0x0000000100911400 '_BuildScript_$_run_closure1'
Event: 21.234 Thread 0x000002ac7a1a9900 Unloading class 0x0000000100912800 '_BuildScript_'
Event: 21.234 Thread 0x000002ac7a1a9900 Unloading class 0x000000010090c948 '_BuildScript_$_run_closure2'
Event: 21.234 Thread 0x000002ac7a1a9900 Unloading class 0x000000010090c548 '_BuildScript_$_run_closure1'
Event: 21.234 Thread 0x000002ac7a1a9900 Unloading class 0x000000010090c000 '_BuildScript_'
Event: 34.896 Thread 0x000002ac7a1a9900 Unloading class 0x000000010091b948 '_BuildScript_$_run_closure1$_closure3'
Event: 34.896 Thread 0x000002ac7a1a9900 Unloading class 0x000000010091b548 '_BuildScript_$_run_closure1$_closure2'
Event: 34.896 Thread 0x000002ac7a1a9900 Unloading class 0x000000010091b148 '_BuildScript_$_run_closure1'
Event: 34.896 Thread 0x000002ac7a1a9900 Unloading class 0x000000010091ac00 '_BuildScript_'
Event: 34.896 Thread 0x000002ac7a1a9900 Unloading class 0x000000010091a800 'JetGradlePlugin$_apply_closure1$_closure2$_closure3'
Event: 34.896 Thread 0x000002ac7a1a9900 Unloading class 0x000000010091a400 'JetGradlePlugin$_apply_closure1$_closure2'
Event: 34.896 Thread 0x000002ac7a1a9900 Unloading class 0x000000010091a000 'JetGradlePlugin$_apply_closure1'
Event: 34.896 Thread 0x000002ac7a1a9900 Unloading class 0x0000000100912ae0 'JetGradlePlugin'
Event: 34.896 Thread 0x000002ac7a1a9900 Unloading class 0x0000000100912800 'RegistryProcessor'

Classes redefined (0 events):
No events

Internal exceptions (20 events):
Event: 28.077 Thread 0x000002ac00811050 Exception <a 'java/lang/ClassNotFoundException'{0x00000000a2a6a740}: org/gradle/internal/extensibility/DefaultConventionCustomizer> (0x00000000a2a6a740) 
thrown [s\src\hotspot\share\classfile\systemDictionary.cpp, line 312]
Event: 28.083 Thread 0x000002ac00811050 Exception <a 'java/lang/ClassNotFoundException'{0x00000000a2afacb0}: com/intellij/gradle/toolingExtension/impl/modelBuilder/ExtraModelBuilderBeanInfo> (0x00000000a2afacb0) 
thrown [s\src\hotspot\share\classfile\systemDictionary.cpp, line 312]
Event: 28.084 Thread 0x000002ac00811050 Exception <a 'java/lang/ClassNotFoundException'{0x00000000a29069c8}: com/intellij/gradle/toolingExtension/impl/modelBuilder/ExtraModelBuilderCustomizer> (0x00000000a29069c8) 
thrown [s\src\hotspot\share\classfile\systemDictionary.cpp, line 312]
Event: 28.165 Thread 0x000002ac00811050 Exception <a 'java/lang/IncompatibleClassChangeError'{0x00000000a1fe7068}: Found class java.lang.Object, but interface was expected> (0x00000000a1fe7068) 
thrown [s\src\hotspot\share\interpreter\linkResolver.cpp, line 851]
Event: 28.169 Thread 0x000002ac00811050 Exception <a 'sun/nio/fs/WindowsException'{0x00000000a1e11040}> (0x00000000a1e11040) 
thrown [s\src\hotspot\share\prims\jni.cpp, line 535]
Event: 28.170 Thread 0x000002ac00811050 Exception <a 'java/lang/NoSuchMethodError'{0x00000000a1e21648}: 'java.lang.Object java.lang.invoke.Invokers$Holder.invoker(java.lang.Object, java.lang.Object, java.lang.Object, java.lang.Object, java.lang.Object, java.lang.Object)'> (0x00000000a1e21648) 
thrown [s\src\hotspot\share\interpreter\linkResolver.cpp, line 784]
Event: 28.178 Thread 0x000002ac00811050 Exception <a 'java/lang/NoSuchMethodError'{0x00000000a1ee6ab0}: 'java.lang.Object java.lang.invoke.Invokers$Holder.invoker(java.lang.Object, java.lang.Object, java.lang.Object, java.lang.Object, java.lang.Object, java.lang.Object, java.lang.Object, java.lang.Object, java.lang.Object, java.lang.Object, java.lang.Object, java.lang.Object, java.lang.Object, java.lang.Object, java.lang.Object, java.lang.Object, java.lang.Object, java.lang.Object, java.lang.Object, java.lang.Object, java.lang.Object, java.lang.
Event: 28.178 Thread 0x000002ac00811050 Exception <a 'java/lang/NoSuchMethodError'{0x00000000a1eed320}: 'java.lang.Object java.lang.invoke.DelegatingMethodHandle$Holder.delegate(java.lang.Object, java.lang.Object, java.lang.Object, java.lang.Object, java.lang.Object, java.lang.Object, java.lang.Object, java.lang.Object, java.lang.Object, java.lang.Object, java.lang.Object, java.lang.Object, java.lang.Object, java.lang.Object, java.lang.Object, java.lang.Object, java.lang.Object, java.lang.Object, java.lang.Object, java.lang.Object, java.lang.Obj
Event: 28.184 Thread 0x000002ac00811050 Implicit null exception at 0x000002ac6cb85e01 to 0x000002ac6cb85f38
Event: 28.233 Thread 0x000002ac00811050 Exception <a 'sun/nio/fs/WindowsException'{0x00000000a095a808}> (0x00000000a095a808) 
thrown [s\src\hotspot\share\prims\jni.cpp, line 535]
Event: 28.234 Thread 0x000002ac00811050 Exception <a 'sun/nio/fs/WindowsException'{0x00000000a095c0a0}> (0x00000000a095c0a0) 
thrown [s\src\hotspot\share\prims\jni.cpp, line 535]
Event: 28.238 Thread 0x000002ac00811050 Implicit null exception at 0x000002ac6c9ab7c4 to 0x000002ac6c9aba00
Event: 28.238 Thread 0x000002ac00811050 Implicit null exception at 0x000002ac6ccb1fc1 to 0x000002ac6ccb3484
Event: 28.239 Thread 0x000002ac00811050 Implicit null exception at 0x000002ac6c9cb8ed to 0x000002ac6c9cbc4c
Event: 28.426 Thread 0x000002ac00811050 Implicit null exception at 0x000002ac6cc362a4 to 0x000002ac6cc37d7c
Event: 34.402 Thread 0x000002ac00811050 Exception <a 'sun/nio/fs/WindowsException'{0x0000000095eb59c0}> (0x0000000095eb59c0) 
thrown [s\src\hotspot\share\prims\jni.cpp, line 535]
Event: 34.404 Thread 0x000002ac00811050 Exception <a 'sun/nio/fs/WindowsException'{0x0000000095eb5b38}> (0x0000000095eb5b38) 
thrown [s\src\hotspot\share\prims\jni.cpp, line 535]
Event: 34.831 Thread 0x000002ac00811050 Implicit null exception at 0x000002ac6caaea90 to 0x000002ac6cab012c
Event: 34.833 Thread 0x000002ac00811050 Implicit null exception at 0x000002ac6ccda25e to 0x000002ac6ccda348
Event: 34.855 Thread 0x000002ac00811050 Implicit null exception at 0x000002ac6c8d6dde to 0x000002ac6c8d6e14

ZGC Phase Switch (0 events):
No events

VM Operations (20 events):
Event: 33.456 Executing VM operation: G1PauseRemark
Event: 33.459 Executing VM operation: G1PauseRemark done
Event: 33.490 Executing VM operation: G1PauseCleanup
Event: 33.490 Executing VM operation: G1PauseCleanup done
Event: 33.723 Executing VM operation: G1CollectForAllocation (G1 Evacuation Pause)
Event: 33.739 Executing VM operation: G1CollectForAllocation (G1 Evacuation Pause) done
Event: 34.120 Executing VM operation: G1CollectForAllocation (G1 Evacuation Pause)
Event: 34.138 Executing VM operation: G1CollectForAllocation (G1 Evacuation Pause) done
Event: 34.803 Executing VM operation: G1TryInitiateConcMark (G1 Humongous Allocation)
Event: 34.807 Executing VM operation: G1TryInitiateConcMark (G1 Humongous Allocation) done
Event: 34.837 Executing VM operation: HandshakeAllThreads (Deoptimize)
Event: 34.854 Executing VM operation: HandshakeAllThreads (Deoptimize) done
Event: 34.896 Executing VM operation: G1PauseRemark
Event: 34.902 Executing VM operation: G1PauseRemark done
Event: 34.944 Executing VM operation: G1PauseCleanup
Event: 34.945 Executing VM operation: G1PauseCleanup done
Event: 35.717 Executing VM operation: G1CollectForAllocation (G1 Evacuation Pause)
Event: 35.720 Executing VM operation: G1CollectForAllocation (G1 Evacuation Pause) done
Event: 35.918 Executing VM operation: HandshakeAllThreads (Deoptimize)
Event: 35.918 Executing VM operation: HandshakeAllThreads (Deoptimize) done

Memory protections (0 events):
No events

Nmethod flushes (20 events):
Event: 33.459 Thread 0x000002ac7a1a9900 flushing  nmethod 0x000002ac6ccec490
Event: 33.459 Thread 0x000002ac7a1a9900 flushing  nmethod 0x000002ac6ccfa710
Event: 33.459 Thread 0x000002ac7a1a9900 flushing  nmethod 0x000002ac655eb010
Event: 33.459 Thread 0x000002ac7a1a9900 flushing  nmethod 0x000002ac65591e90
Event: 33.459 Thread 0x000002ac7a1a9900 flushing  nmethod 0x000002ac655abe90
Event: 33.459 Thread 0x000002ac7a1a9900 flushing  nmethod 0x000002ac64d67f10
Event: 33.459 Thread 0x000002ac7a1a9900 flushing  nmethod 0x000002ac6557b710
Event: 33.459 Thread 0x000002ac7a1a9900 flushing  nmethod 0x000002ac656a9290
Event: 34.901 Thread 0x000002ac7a1a9900 flushing  nmethod 0x000002ac6c766410
Event: 34.901 Thread 0x000002ac7a1a9900 flushing  nmethod 0x000002ac6496d810
Event: 34.901 Thread 0x000002ac7a1a9900 flushing  nmethod 0x000002ac656af810
Event: 34.901 Thread 0x000002ac7a1a9900 flushing osr nmethod 0x000002ac6c711210
Event: 34.901 Thread 0x000002ac7a1a9900 flushing osr nmethod 0x000002ac6cc09310
Event: 34.901 Thread 0x000002ac7a1a9900 flushing osr nmethod 0x000002ac653ad810
Event: 34.901 Thread 0x000002ac7a1a9900 flushing  nmethod 0x000002ac6588ef10
Event: 34.901 Thread 0x000002ac7a1a9900 flushing  nmethod 0x000002ac6588f790
Event: 34.901 Thread 0x000002ac7a1a9900 flushing  nmethod 0x000002ac6588fe90
Event: 34.901 Thread 0x000002ac7a1a9900 flushing  nmethod 0x000002ac64a23290
Event: 34.901 Thread 0x000002ac7a1a9900 flushing  nmethod 0x000002ac65880010
Event: 34.901 Thread 0x000002ac7a1a9900 flushing  nmethod 0x000002ac6c6fb010

Events (20 events):
Event: 28.461 Thread 0x000002ac0c20ede0 Thread added: 0x000002ac0c211d90
Event: 28.587 Thread 0x000002ac7a233f60 Thread added: 0x000002ac0c212460
Event: 28.676 Thread 0x000002ac0c211d90 Thread added: 0x000002ac0c2138d0
Event: 29.099 Thread 0x000002ac0c2138d0 Thread exited: 0x000002ac0c2138d0
Event: 29.142 Thread 0x000002ac0c212460 Thread exited: 0x000002ac0c212460
Event: 29.468 Thread 0x000002ac0c211d90 Thread exited: 0x000002ac0c211d90
Event: 29.469 Thread 0x000002ac0c20e040 Thread exited: 0x000002ac0c20e040
Event: 29.484 Thread 0x000002ac0c2116c0 Thread exited: 0x000002ac0c2116c0
Event: 29.948 Thread 0x000002ac0c210ff0 Thread exited: 0x000002ac0c210ff0
Event: 29.948 Thread 0x000002ac0c20ede0 Thread exited: 0x000002ac0c20ede0
Event: 30.684 Thread 0x000002ac0c20d970 Thread exited: 0x000002ac0c20d970
Event: 30.795 Thread 0x000002ac0c20f4b0 Thread exited: 0x000002ac0c20f4b0
Event: 30.819 Thread 0x000002ac0c20e710 Thread exited: 0x000002ac0c20e710
Event: 34.835 Thread 0x000002ac7a233f60 Thread added: 0x000002ac0c20d970
Event: 34.858 Thread 0x000002ac7a23c510 Thread added: 0x000002ac0c2116c0
Event: 34.878 Thread 0x000002ac7a23c510 Thread added: 0x000002ac0c20e040
Event: 34.921 Thread 0x000002ac7a233f60 Thread added: 0x000002ac0c210ff0
Event: 34.931 Thread 0x000002ac0c210ff0 Thread added: 0x000002ac0c20e710
Event: 35.957 Thread 0x000002ac0c20e710 Thread exited: 0x000002ac0c20e710
Event: 36.034 Thread 0x000002ac0c20d970 Thread added: 0x000002ac0c20e710


Dynamic libraries:
0x00007ff6b4da0000 - 0x00007ff6b4daa000 	C:\Program Files\Android\Android Studio\jbr\bin\java.exe
0x00007ff9407a0000 - 0x00007ff940a03000 	C:\WINDOWS\SYSTEM32\ntdll.dll
0x00007ff93f940000 - 0x00007ff93fa07000 	C:\WINDOWS\System32\KERNEL32.DLL
0x00007ff93e210000 - 0x00007ff93e5d7000 	C:\WINDOWS\System32\KERNELBASE.dll
0x00007ff93de40000 - 0x00007ff93df8c000 	C:\WINDOWS\System32\ucrtbase.dll
0x00007ff936d50000 - 0x00007ff936d6b000 	C:\Program Files\Android\Android Studio\jbr\bin\VCRUNTIME140.dll
0x00007ff91e230000 - 0x00007ff91e248000 	C:\Program Files\Android\Android Studio\jbr\bin\jli.dll
0x00007ff9403b0000 - 0x00007ff940579000 	C:\WINDOWS\System32\USER32.dll
0x00007ff925fc0000 - 0x00007ff926250000 	C:\WINDOWS\WinSxS\amd64_microsoft.windows.common-controls_6595b64144ccf1df_6.0.26100.3037_none_3e09262ce333c378\COMCTL32.dll
0x00007ff93dd50000 - 0x00007ff93dd77000 	C:\WINDOWS\System32\win32u.dll
0x00007ff93e760000 - 0x00007ff93e809000 	C:\WINDOWS\System32\msvcrt.dll
0x00007ff93fdb0000 - 0x00007ff93fdda000 	C:\WINDOWS\System32\GDI32.dll
0x00007ff93e0e0000 - 0x00007ff93e20b000 	C:\WINDOWS\System32\gdi32full.dll
0x00007ff93e030000 - 0x00007ff93e0d3000 	C:\WINDOWS\System32\msvcp_win.dll
0x00007ff93fde0000 - 0x00007ff93fe0f000 	C:\WINDOWS\System32\IMM32.DLL
0x00007ff937bd0000 - 0x00007ff937bdc000 	C:\Program Files\Android\Android Studio\jbr\bin\vcruntime140_1.dll
0x00007ff8f7880000 - 0x00007ff8f790d000 	C:\Program Files\Android\Android Studio\jbr\bin\msvcp140.dll
0x00007ff88c370000 - 0x00007ff88cffa000 	C:\Program Files\Android\Android Studio\jbr\bin\server\jvm.dll
0x00007ff93f870000 - 0x00007ff93f924000 	C:\WINDOWS\System32\ADVAPI32.dll
0x00007ff93e600000 - 0x00007ff93e6a6000 	C:\WINDOWS\System32\sechost.dll
0x00007ff93f3b0000 - 0x00007ff93f4c6000 	C:\WINDOWS\System32\RPCRT4.dll
0x00007ff940580000 - 0x00007ff9405f4000 	C:\WINDOWS\System32\WS2_32.dll
0x00007ff93d9c0000 - 0x00007ff93da0e000 	C:\WINDOWS\SYSTEM32\POWRPROF.dll
0x00007ff93a8d0000 - 0x00007ff93a906000 	C:\WINDOWS\SYSTEM32\WINMM.dll
0x00007ff93a910000 - 0x00007ff93a91b000 	C:\WINDOWS\SYSTEM32\VERSION.dll
0x00007ff93d9a0000 - 0x00007ff93d9b4000 	C:\WINDOWS\SYSTEM32\UMPDC.dll
0x00007ff93c970000 - 0x00007ff93c98a000 	C:\WINDOWS\SYSTEM32\kernel.appcore.dll
0x00007ff936d40000 - 0x00007ff936d4a000 	C:\Program Files\Android\Android Studio\jbr\bin\jimage.dll
0x00007ff92edf0000 - 0x00007ff92f031000 	C:\WINDOWS\SYSTEM32\DBGHELP.DLL
0x00007ff93fa20000 - 0x00007ff93fd9e000 	C:\WINDOWS\System32\combase.dll
0x00007ff93ef20000 - 0x00007ff93eff6000 	C:\WINDOWS\System32\OLEAUT32.dll
0x00007ff928780000 - 0x00007ff9287b9000 	C:\WINDOWS\SYSTEM32\dbgcore.DLL
0x00007ff93df90000 - 0x00007ff93e029000 	C:\WINDOWS\System32\bcryptPrimitives.dll
0x00007ff938320000 - 0x00007ff93832e000 	C:\Program Files\Android\Android Studio\jbr\bin\instrument.dll
0x00007ff936d20000 - 0x00007ff936d40000 	C:\Program Files\Android\Android Studio\jbr\bin\java.dll
0x00007ff936d00000 - 0x00007ff936d18000 	C:\Program Files\Android\Android Studio\jbr\bin\zip.dll
0x00007ff93e810000 - 0x00007ff93ef14000 	C:\WINDOWS\System32\SHELL32.dll
0x00007ff93b810000 - 0x00007ff93c047000 	C:\WINDOWS\SYSTEM32\windows.storage.dll
0x00007ff93f5b0000 - 0x00007ff93f699000 	C:\WINDOWS\System32\SHCORE.dll
0x00007ff93e700000 - 0x00007ff93e75d000 	C:\WINDOWS\System32\shlwapi.dll
0x00007ff93da50000 - 0x00007ff93da7e000 	C:\WINDOWS\SYSTEM32\profapi.dll
0x00007ff936cf0000 - 0x00007ff936d00000 	C:\Program Files\Android\Android Studio\jbr\bin\net.dll
0x00007ff933fc0000 - 0x00007ff9340de000 	C:\WINDOWS\SYSTEM32\WINHTTP.dll
0x00007ff93ce80000 - 0x00007ff93ceea000 	C:\WINDOWS\system32\mswsock.dll
0x00007ff936cd0000 - 0x00007ff936ce6000 	C:\Program Files\Android\Android Studio\jbr\bin\nio.dll
0x00007ff91dfd0000 - 0x00007ff91dfe0000 	C:\Program Files\Android\Android Studio\jbr\bin\verify.dll
0x00007ff91e250000 - 0x00007ff91e277000 	C:\Users\herna\.gradle\native\c067742578af261105cb4f569cf0c3c89f3d7b1fecec35dd04571415982c5e48\windows-amd64\native-platform.dll
0x00007ff8ed080000 - 0x00007ff8ed1c4000 	C:\Users\herna\.gradle\native\100fb08df4bc3b14c8652ba06237920a3bd2aa13389f12d3474272988ae205f9\windows-amd64\native-platform-file-events.dll
0x00007ff936c50000 - 0x00007ff936c59000 	C:\Program Files\Android\Android Studio\jbr\bin\management.dll
0x00007ff921250000 - 0x00007ff92125b000 	C:\Program Files\Android\Android Studio\jbr\bin\management_ext.dll
0x00007ff940600000 - 0x00007ff940608000 	C:\WINDOWS\System32\PSAPI.DLL
0x00007ff93d120000 - 0x00007ff93d13c000 	C:\WINDOWS\SYSTEM32\CRYPTSP.dll
0x00007ff93c8b0000 - 0x00007ff93c8e8000 	C:\WINDOWS\system32\rsaenh.dll
0x00007ff93cf20000 - 0x00007ff93cf4b000 	C:\WINDOWS\SYSTEM32\USERENV.dll
0x00007ff93d2f0000 - 0x00007ff93d316000 	C:\WINDOWS\SYSTEM32\bcrypt.dll
0x00007ff93d140000 - 0x00007ff93d14c000 	C:\WINDOWS\SYSTEM32\CRYPTBASE.dll
0x00007ff93c350000 - 0x00007ff93c382000 	C:\WINDOWS\SYSTEM32\IPHLPAPI.DLL
0x00007ff93f930000 - 0x00007ff93f93a000 	C:\WINDOWS\System32\NSI.dll
0x00007ff936c60000 - 0x00007ff936c69000 	C:\Program Files\Android\Android Studio\jbr\bin\extnet.dll
0x00007ff936c70000 - 0x00007ff936c78000 	C:\WINDOWS\system32\wshunix.dll
0x00007ff93ca90000 - 0x00007ff93cac5000 	C:\WINDOWS\SYSTEM32\ntmarta.dll

dbghelp: loaded successfully - version: 4.0.5 - missing functions: none
symbol engine: initialized successfully - sym options: 0x614 - pdb path: .;C:\Program Files\Android\Android Studio\jbr\bin;C:\WINDOWS\SYSTEM32;C:\WINDOWS\WinSxS\amd64_microsoft.windows.common-controls_6595b64144ccf1df_6.0.26100.3037_none_3e09262ce333c378;C:\Program Files\Android\Android Studio\jbr\bin\server;C:\Users\herna\.gradle\native\c067742578af261105cb4f569cf0c3c89f3d7b1fecec35dd04571415982c5e48\windows-amd64;C:\Users\herna\.gradle\native\100fb08df4bc3b14c8652ba06237920a3bd2aa13389f12d3474272988ae205f9\windows-amd64

VM Arguments:
jvm_args: --add-opens=java.base/java.util=ALL-UNNAMED --add-opens=java.base/java.lang=ALL-UNNAMED --add-opens=java.base/java.lang.invoke=ALL-UNNAMED --add-opens=java.prefs/java.util.prefs=ALL-UNNAMED --add-exports=jdk.compiler/com.sun.tools.javac.api=ALL-UNNAMED --add-exports=jdk.compiler/com.sun.tools.javac.util=ALL-UNNAMED --add-opens=java.base/java.nio.charset=ALL-UNNAMED --add-opens=java.base/java.net=ALL-UNNAMED --add-opens=java.base/java.util.concurrent.atomic=ALL-UNNAMED -Xmx2048m -Dfile.encoding=UTF-8 -Duser.country=MX -Duser.language=es -Duser.variant -javaagent:C:\Users\herna\.gradle\wrapper\dists\gradle-8.9-bin\90cnw93cvbtalezasaz0blq0a\gradle-8.9\lib\agents\gradle-instrumentation-agent-8.9.jar 
java_command: org.gradle.launcher.daemon.bootstrap.GradleDaemon 8.9
java_class_path (initial): C:\Users\herna\.gradle\wrapper\dists\gradle-8.9-bin\90cnw93cvbtalezasaz0blq0a\gradle-8.9\lib\gradle-daemon-main-8.9.jar
Launcher Type: SUN_STANDARD

[Global flags]
     intx CICompilerCount                          = 12                                        {product} {ergonomic}
     uint ConcGCThreads                            = 3                                         {product} {ergonomic}
     uint G1ConcRefinementThreads                  = 13                                        {product} {ergonomic}
   size_t G1HeapRegionSize                         = 1048576                                   {product} {ergonomic}
    uintx GCDrainStackTargetSize                   = 64                                        {product} {ergonomic}
   size_t InitialHeapSize                          = 257949696                                 {product} {ergonomic}
   size_t MarkStackSize                            = 4194304                                   {product} {ergonomic}
   size_t MaxHeapSize                              = 2147483648                                {product} {command line}
   size_t MaxNewSize                               = 1287651328                                {product} {ergonomic}
   size_t MinHeapDeltaBytes                        = 1048576                                   {product} {ergonomic}
   size_t MinHeapSize                              = 8388608                                   {product} {ergonomic}
    uintx NonNMethodCodeHeapSize                   = 7602480                                {pd product} {ergonomic}
    uintx NonProfiledCodeHeapSize                  = 122027880                              {pd product} {ergonomic}
    uintx ProfiledCodeHeapSize                     = 122027880                              {pd product} {ergonomic}
    uintx ReservedCodeCacheSize                    = 251658240                              {pd product} {ergonomic}
     bool SegmentedCodeCache                       = true                                      {product} {ergonomic}
   size_t SoftMaxHeapSize                          = 2147483648                             {manageable} {ergonomic}
     bool UseCompressedOops                        = true                           {product lp64_product} {ergonomic}
     bool UseG1GC                                  = true                                      {product} {ergonomic}
     bool UseLargePagesIndividualAllocation        = false                                  {pd product} {ergonomic}

Logging:
Log output configuration:
 #0: stdout all=warning uptime,level,tags foldmultilines=false
 #1: stderr all=off uptime,level,tags foldmultilines=false

Environment Variables:
JAVA_HOME=C:\Program Files\Amazon Corretto\jdk21.0.6_7
PATH=C:\Program Files\Amazon Corretto\jdk21.0.6_7\bin;C:\windows\system32;C:\windows;C:\windows\System32\Wbem;C:\windows\System32\WindowsPowerShell\v1.0\;C:\windows\System32\OpenSSH\;C:\Program Files\HP\HP One Agent;C:\WINDOWS\system32;C:\WINDOWS;C:\WINDOWS\System32\Wbem;C:\WINDOWS\System32\WindowsPowerShell\v1.0\;C:\WINDOWS\System32\OpenSSH\;C:\Program Files\Git\cmd;C:\maven\bin;C:\Program Files\nodejs\;C:\ProgramData\chocolatey\bin;C:\Users\herna\AppData\Local\Programs\Python\Python313\Scripts\;C:\Users\herna\AppData\Local\Programs\Python\Python313\;C:\Users\herna\AppData\Local\Microsoft\WindowsApps;C:\Users\herna\AppData\Local\Programs\Microsoft VS Code\bin;C:\Users\herna\AppData\Local\GitHubDesktop\bin;C:\Users\herna\AppData\Roaming\npm
USERNAME=herna
OS=Windows_NT
PROCESSOR_IDENTIFIER=AMD64 Family 25 Model 80 Stepping 0, AuthenticAMD
TMP=C:\Users\herna\AppData\Local\Temp
TEMP=C:\Users\herna\AppData\Local\Temp




Periodic native trim disabled

JNI global refs:
JNI global refs: 36, weak refs: 0

JNI global refs memory usage: 835, weak refs: 833

Process memory usage:
Resident Set Size: 898708K (5% of 16088428K total physical memory with 5190156K free physical memory)

OOME stack traces (most recent first):
Classloader memory used:
Loader org.gradle.internal.classloader.VisitableURLClassLoader                         : 38558K
Loader bootstrap                                                                       : 22973K
Loader org.gradle.initialization.MixInLegacyTypesClassLoader                           : 6514K
Loader org.gradle.internal.classloader.VisitableURLClassLoader                         : 697K
Loader org.gradle.internal.classloader.VisitableURLClassLoader$InstrumentingVisitableURLClassLoader: 567K
Loader jdk.internal.loader.ClassLoaders$PlatformClassLoader                            : 565K
Loader jdk.internal.loader.ClassLoaders$AppClassLoader                                 : 230K
Loader jdk.internal.reflect.DelegatingClassLoader                                      : 153K
Loader org.gradle.groovy.scripts.internal.DefaultScriptCompilationHandler$ScriptClassLoader: 91120B
Loader org.codehaus.groovy.runtime.callsite.CallSiteClassLoader                        : 48680B

Classes loaded by more than one classloader:
Class org.gradle.api.GradleException                                                  : loaded 3 times (x 78B)
Class org.gradle.internal.classloader.ClassLoaderHierarchy                            : loaded 2 times (x 66B)
Class org.gradle.api.internal.classpath.ManifestUtil                                  : loaded 2 times (x 67B)
Class org.gradle.internal.operations.MultipleBuildOperationFailures                   : loaded 2 times (x 91B)
Class org.gradle.internal.classloader.DefaultClassLoaderFactory                       : loaded 2 times (x 78B)
Class kotlin.collections.AbstractList$Companion                                       : loaded 2 times (x 67B)
Class org.gradle.internal.classloader.ClassLoaderVisitor                              : loaded 2 times (x 72B)
Class org.gradle.api.internal.classpath.EffectiveClassPath                            : loaded 2 times (x 86B)
Class org.gradle.api.internal.DefaultClassPathProvider                                : loaded 2 times (x 72B)
Class [Lorg.gradle.api.internal.ClassPathProvider;                                    : loaded 2 times (x 65B)
Class org.gradle.api.internal.ClassPathProvider                                       : loaded 2 times (x 66B)
Class org.gradle.internal.service.UnknownServiceException                             : loaded 2 times (x 79B)
Class org.gradle.internal.classpath.TransformedClassPath                              : loaded 2 times (x 92B)
Class kotlin.enums.EnumEntriesList                                                    : loaded 2 times (x 219B)
Class ijInit1_ce7xyvnbfh9vvjea6jb7aghcr                                               : loaded 2 times (x 175B)
Class org.gradle.internal.service.ServiceLocator                                      : loaded 2 times (x 66B)
Class org.gradle.internal.InternalTransformer                                         : loaded 2 times (x 66B)
Class org.gradle.internal.time.DefaultTimer                                           : loaded 2 times (x 76B)
Class org.gradle.internal.classloader.ClasspathUtil$1                                 : loaded 2 times (x 72B)
Class org.gradle.api.internal.classpath.DefaultModuleRegistry$DefaultModule           : loaded 2 times (x 82B)
Class org.gradle.internal.time.DefaultCountdownTimer                                  : loaded 2 times (x 84B)
Class kotlin.Function                                                                 : loaded 2 times (x 66B)
Class org.gradle.api.internal.classpath.Module                                        : loaded 2 times (x 66B)
Class org.gradle.api.internal.classpath.UnknownModuleException                        : loaded 2 times (x 78B)
Class org.gradle.api.internal.DefaultClassPathRegistry                                : loaded 2 times (x 72B)
Class org.gradle.api.internal.ClassPathRegistry                                       : loaded 2 times (x 66B)
Class org.gradle.internal.classpath.DefaultClassPath$ImmutableUniqueList              : loaded 2 times (x 195B)
Class org.gradle.internal.classpath.ClassPath                                         : loaded 2 times (x 66B)
Class org.gradle.api.UncheckedIOException                                             : loaded 2 times (x 78B)
Class kotlin.UninitializedPropertyAccessException                                     : loaded 2 times (x 78B)
Class org.gradle.internal.installation.GradleInstallation$1                           : loaded 2 times (x 71B)
Class org.gradle.api.internal.classpath.ModuleRegistry                                : loaded 2 times (x 66B)
Class org.gradle.api.internal.classpath.DefaultModuleRegistry                         : loaded 2 times (x 79B)
Class org.gradle.internal.time.MonotonicClock                                         : loaded 2 times (x 73B)
Class org.gradle.internal.service.ServiceLookupException                              : loaded 2 times (x 78B)
Class org.gradle.internal.classloader.ClassLoaderFactory                              : loaded 2 times (x 66B)
Class org.gradle.internal.service.CachingServiceLocator                               : loaded 2 times (x 78B)
Class sync_studio_tooling_1d7dm7rkqfrtq45qz5hutzfon                                   : loaded 2 times (x 175B)
Class org.gradle.internal.time.TimeSource                                             : loaded 2 times (x 66B)
Class kotlin.enums.EnumEntries                                                        : loaded 2 times (x 66B)
Class org.gradle.internal.exceptions.ResolutionProvider                               : loaded 2 times (x 66B)
Class org.gradle.internal.classloader.ClasspathUtil                                   : loaded 2 times (x 67B)
Class org.gradle.internal.time.TimeSource$1                                           : loaded 2 times (x 73B)
Class kotlin.jvm.internal.DefaultConstructorMarker                                    : loaded 2 times (x 67B)
Class org.gradle.api.specs.Spec                                                       : loaded 2 times (x 66B)
Class org.gradle.internal.time.Clock                                                  : loaded 2 times (x 66B)
Class kotlin.collections.AbstractList                                                 : loaded 2 times (x 193B)
Class kotlin.collections.AbstractCollection                                           : loaded 2 times (x 113B)
Class org.gradle.internal.classloader.VisitableURLClassLoader$InstrumentingVisitableURLClassLoader: loaded 2 times (x 119B)
Class org.gradle.internal.classloader.VisitableURLClassLoader$Spec                    : loaded 2 times (x 70B)
Class org.gradle.internal.classpath.DefaultClassPath                                  : loaded 2 times (x 86B)
Class org.gradle.internal.classloader.ClassLoaderSpec                                 : loaded 2 times (x 67B)
Class org.gradle.internal.classloader.VisitableURLClassLoader                         : loaded 2 times (x 113B)
Class org.gradle.internal.Cast                                                        : loaded 2 times (x 67B)
Class org.gradle.api.Action                                                           : loaded 2 times (x 66B)
Class kotlin.jvm.functions.Function1                                                  : loaded 2 times (x 66B)
Class org.gradle.internal.agents.InstrumentingClassLoader                             : loaded 2 times (x 66B)
Class org.gradle.internal.classpath.DefaultClassPath$ImmutableUniqueList$Builder      : loaded 2 times (x 71B)
Class org.gradle.internal.classloader.FilteringClassLoader                            : loaded 2 times (x 101B)
Class org.gradle.internal.exceptions.NonGradleCauseExceptionsHolder                   : loaded 2 times (x 66B)
Class kotlin.enums.EnumEntriesKt                                                      : loaded 2 times (x 67B)
Class org.gradle.internal.IoActions                                                   : loaded 2 times (x 67B)
Class org.gradle.internal.classloader.SystemClassLoaderSpec                           : loaded 2 times (x 67B)
Class org.gradle.internal.exceptions.MultiCauseException                              : loaded 2 times (x 66B)
Class org.gradle.internal.time.CountdownTimer                                         : loaded 2 times (x 66B)
Class kotlin.jvm.internal.Intrinsics                                                  : loaded 2 times (x 67B)
Class org.gradle.tooling.model.ProjectModel                                           : loaded 2 times (x 66B)
Class kotlin.KotlinNullPointerException                                               : loaded 2 times (x 79B)
Class org.gradle.internal.exceptions.DefaultMultiCauseException                       : loaded 2 times (x 91B)
Class org.gradle.internal.time.Time                                                   : loaded 2 times (x 67B)
Class org.gradle.internal.time.Timer                                                  : loaded 2 times (x 66B)
Class kotlin.jvm.internal.markers.KMappedMarker                                       : loaded 2 times (x 66B)
Class org.gradle.internal.installation.CurrentGradleInstallationLocator               : loaded 2 times (x 67B)
Class org.gradle.internal.service.DefaultServiceLocator                               : loaded 2 times (x 79B)
Class org.gradle.util.GradleVersion                                                   : loaded 2 times (x 79B)
Class org.gradle.internal.installation.CurrentGradleInstallation                      : loaded 2 times (x 69B)
Class org.gradle.util.internal.GUtil                                                  : loaded 2 times (x 67B)
Class org.gradle.internal.installation.GradleInstallation                             : loaded 2 times (x 71B)

---------------  S Y S T E M  ---------------

OS:
 Windows 11 , 64 bit Build 26100 (10.0.26100.3037)
OS uptime: 1 days 3:35 hours
Hyper-V role detected

CPU: total 16 (initial active 16) (16 cores per cpu, 2 threads per core) family 25 model 80 stepping 0 microcode 0xa50000f, cx8, cmov, fxsr, ht, mmx, 3dnowpref, sse, sse2, sse3, ssse3, sse4a, sse4.1, sse4.2, popcnt, lzcnt, tsc, tscinvbit, avx, avx2, aes, erms, clmul, bmi1, bmi2, adx, sha, fma, vzeroupper, clflush, clflushopt, hv, rdtscp, rdpid, fsrm, f16c, cet_ss
Processor Information for processor 0
  Max Mhz: 2000, Current Mhz: 1808, Mhz Limit: 2000
Processor Information for processor 1
  Max Mhz: 2000, Current Mhz: 1808, Mhz Limit: 2000
Processor Information for processor 2
  Max Mhz: 2000, Current Mhz: 1808, Mhz Limit: 2000
Processor Information for processor 3
  Max Mhz: 2000, Current Mhz: 1808, Mhz Limit: 2000
Processor Information for processor 4
  Max Mhz: 2000, Current Mhz: 1808, Mhz Limit: 2000
Processor Information for processor 5
  Max Mhz: 2000, Current Mhz: 1808, Mhz Limit: 2000
Processor Information for processor 6
  Max Mhz: 2000, Current Mhz: 1808, Mhz Limit: 2000
Processor Information for processor 7
  Max Mhz: 2000, Current Mhz: 1808, Mhz Limit: 2000
Processor Information for processor 8
  Max Mhz: 2000, Current Mhz: 1808, Mhz Limit: 2000
Processor Information for processor 9
  Max Mhz: 2000, Current Mhz: 2000, Mhz Limit: 2000
Processor Information for processor 10
  Max Mhz: 2000, Current Mhz: 1808, Mhz Limit: 2000
Processor Information for processor 11
  Max Mhz: 2000, Current Mhz: 1808, Mhz Limit: 2000
Processor Information for processor 12
  Max Mhz: 2000, Current Mhz: 1808, Mhz Limit: 2000
Processor Information for processor 13
  Max Mhz: 2000, Current Mhz: 2000, Mhz Limit: 2000
Processor Information for processor 14
  Max Mhz: 2000, Current Mhz: 1808, Mhz Limit: 2000
Processor Information for processor 15
  Max Mhz: 2000, Current Mhz: 1808, Mhz Limit: 2000

Memory: 4k page, system-wide physical 15711M (5068M free)
TotalPageFile size 18143M (AvailPageFile size 4935M)
current process WorkingSet (physical memory assigned to process): 877M, peak: 955M
current process commit charge ("private bytes"): 925M, peak: 1008M

vm_info: OpenJDK 64-Bit Server VM (21.0.5+-13047016-b750.29) for windows-amd64 JRE (21.0.5+-13047016-b750.29), built on 2025-02-11T21:12:39Z by "builder" with MS VC++ 16.10 / 16.11 (VS2019)

END.
