#
# A fatal error has been detected by the Java Runtime Environment:
#
#  EXCEPTION_ACCESS_VIOLATION (0xc0000005) at pc=0x00007ffc22981508, pid=17588, tid=3132
#
# JRE version: OpenJDK Runtime Environment (21.0.5) (build 21.0.5+-13047016-b750.29)
# Java VM: OpenJDK 64-Bit Server VM (21.0.5+-13047016-b750.29, mixed mode, tiered, compressed oops, compressed class ptrs, g1 gc, windows-amd64)
# Problematic frame:
# V  [jvm.dll+0x1e1508]
#
# No core dump will be written. Minidumps are not enabled by default on client versions of Windows
#
# If you would like to submit a bug report, please visit:
#   https://youtrack.jetbrains.com/issues/JBR
#

---------------  S U M M A R Y ------------

Command Line: --add-opens=java.base/java.util=ALL-UNNAMED --add-opens=java.base/java.lang=ALL-UNNAMED --add-opens=java.base/java.lang.invoke=ALL-UNNAMED --add-opens=java.prefs/java.util.prefs=ALL-UNNAMED --add-exports=jdk.compiler/com.sun.tools.javac.api=ALL-UNNAMED --add-exports=jdk.compiler/com.sun.tools.javac.util=ALL-UNNAMED --add-opens=java.base/java.nio.charset=ALL-UNNAMED --add-opens=java.base/java.net=ALL-UNNAMED --add-opens=java.base/java.util.concurrent.atomic=ALL-UNNAMED -Xmx2048m -Dfile.encoding=UTF-8 -Duser.country=MX -Duser.language=es -Duser.variant -javaagent:C:\Users\herna\.gradle\wrapper\dists\gradle-8.10.2-bin\a04bxjujx95o3nb99gddekhwo\gradle-8.10.2\lib\agents\gradle-instrumentation-agent-8.10.2.jar org.gradle.launcher.daemon.bootstrap.GradleDaemon 8.10.2

Host: AMD Ryzen 7 7730U with Radeon Graphics         , 16 cores, 15G,  Windows 11 , 64 bit Build 26100 (10.0.26100.3037)
Time: Tue Mar  4 13:04:41 2025 Hora estándar central (México) elapsed time: 248.640340 seconds (0d 0h 4m 8s)

---------------  T H R E A D  ---------------

Current thread (0x000001e006cc5640):  JavaThread "C2 CompilerThread7" daemon [_thread_in_native, id=3132, stack(0x0000006a69d00000,0x0000006a69e00000) (1024K)]


Current CompileTask:
C2:248640 41723       4       com.android.tools.r8.graph.U0::a (433 bytes)

Stack: [0x0000006a69d00000,0x0000006a69e00000],  sp=0x0000006a69dfce20,  free space=1011k
Native frames: (J=compiled Java code, j=interpreted, Vv=VM code, C=native code)
V  [jvm.dll+0x1e1508]
V  [jvm.dll+0x381f0c]
V  [jvm.dll+0x38140a]
V  [jvm.dll+0x247c62]
V  [jvm.dll+0x247231]
V  [jvm.dll+0x1c5ee4]
V  [jvm.dll+0x25697c]
V  [jvm.dll+0x254ec6]
V  [jvm.dll+0x3f0ce6]
V  [jvm.dll+0x806368]
V  [jvm.dll+0x6ce3fd]
C  [ucrtbase.dll+0x37b0]
C  [KERNEL32.DLL+0x2e8d7]
C  [ntdll.dll+0xbbf2c]


siginfo: EXCEPTION_ACCESS_VIOLATION (0xc0000005), reading address 0xffffffffffffffff


Registers:
RAX=0x000001e01490c4a9, RBX=0x000001e013e98f18, RCX=0x000001e013e98f18, RDX=0x0000000000000299
RSP=0x0000006a69dfce20, RBP=0x0000000000000000, RSI=0x000001e013c98f88, RDI=0x0000000000000000
R8 =0x0000006a69dfd330, R9 =0x0000000000000000, R10=0x0000000000000002, R11=0x0000006a69dfce38
R12=0x0000000000000299, R13=0x0000000000002524, R14=0x0000000000000000, R15=0x0000006a69dfcf50
RIP=0x00007ffc22981508, EFLAGS=0x0000000000010287


Register to memory mapping:

RAX=0x000001e01490c4a9 points into unknown readable memory: c3 90 14 e0 01 00 00
RBX=0x000001e013e98f18 points into unknown readable memory: 0x000001e01490c4a9 | a9 c4 90 14 e0 01 00 00
RCX=0x000001e013e98f18 points into unknown readable memory: 0x000001e01490c4a9 | a9 c4 90 14 e0 01 00 00
RDX=0x0000000000000299 is an unknown value
RSP=0x0000006a69dfce20 is pointing into the stack for thread: 0x000001e006cc5640
RBP=0x0 is null
RSI=0x000001e013c98f88 points into unknown readable memory: 0x00007ffc230cf680 | 80 f6 0c 23 fc 7f 00 00
RDI=0x0 is null
R8 =0x0000006a69dfd330 is pointing into the stack for thread: 0x000001e006cc5640
R9 =0x0 is null
R10=0x0000000000000002 is an unknown value
R11=0x0000006a69dfce38 is pointing into the stack for thread: 0x000001e006cc5640
R12=0x0000000000000299 is an unknown value
R13=0x0000000000002524 is an unknown value
R14=0x0 is null
R15=0x0000006a69dfcf50 is pointing into the stack for thread: 0x000001e006cc5640

Top of Stack: (sp=0x0000006a69dfce20)
0x0000006a69dfce20:   000001e0166be428 0000000000000007
0x0000006a69dfce30:   0000006a69dfceb8 00007ffc22b541aa
0x0000006a69dfce40:   000001e015bea950 000001e015bead38
0x0000006a69dfce50:   000001e015bea960 0000000000000000
0x0000006a69dfce60:   0000006a69dfd330 00007ffc22b21f0c
0x0000006a69dfce70:   000000000000000c 00000000ffffff01
0x0000006a69dfce80:   0000006a69dfcf70 00000000000003d8
0x0000006a69dfce90:   000000007fffff01 0000000000000002
0x0000006a69dfcea0:   0000000000000000 0000000000000054
0x0000006a69dfceb0:   0000000000000000 0000006a69dfcf07
0x0000006a69dfcec0:   000001e015bea950 000001e015bea950
0x0000006a69dfced0:   000001e015bea960 000001e015bead38
0x0000006a69dfcee0:   00000000000003d8 000001e07f2d44b0
0x0000006a69dfcef0:   000001e07f2dd960 000001e07f2d44c0
0x0000006a69dfcf00:   000001e00b85b070 000001e000000200
0x0000006a69dfcf10:   000001e00a36dc60 00007ffc00000200
0x0000006a69dfcf20:   000001e00b85b070 000001e01c5e3fa0
0x0000006a69dfcf30:   000000000017c918 00007ffc87e25f11
0x0000006a69dfcf40:   0000006a69dfd058 0000000000000000
0x0000006a69dfcf50:   00007ffc230e3c28 00007ffc00000009
0x0000006a69dfcf60:   0000006a69dfe8c0 0000000000000000
0x0000006a69dfcf70:   0000000000000000 00007ffc00000002
0x0000006a69dfcf80:   000001e0125b92f0 3fdc265400000002
0x0000006a69dfcf90:   000001e00b85b070 0000006a69dfd330
0x0000006a69dfcfa0:   000001e0deadbeef 0000006a69dfd540
0x0000006a69dfcfb0:   000001e01cc3a3b0 0000000000000000
0x0000006a69dfcfc0:   0000000000000000 0000000000000002
0x0000006a69dfcfd0:   000001e0125b92f8 0000000000000002
0x0000006a69dfcfe0:   000001e00b85b070 0000000000000002
0x0000006a69dfcff0:   000001e0125b9300 00007ffc00000002
0x0000006a69dfd000:   000001e00b85b070 0000000000000000
0x0000006a69dfd010:   0000000000000000 00007ffc00002525 

Instructions: (pc=0x00007ffc22981508)
0x00007ffc22981408:   8b 0c f8 48 8b c1 48 0b c2 49 89 04 f8 48 8b 7c
0x00007ffc22981418:   24 30 48 23 ca 75 02 ff 03 48 85 c9 0f 94 c0 48
0x00007ffc22981428:   83 c4 20 5b c3 cc cc cc 44 8b d2 41 3b d0 7c 47
0x00007ffc22981438:   41 8d 80 c0 02 00 00 3b d0 7d 3c 44 8b ca 45 2b
0x00007ffc22981448:   c8 41 8b c1 83 e0 3f 0f b6 d0 41 8b c1 48 c1 e8
0x00007ffc22981458:   06 48 8b 44 c1 38 48 0f a3 d0 73 1b 0f b7 81 9c
0x00007ffc22981468:   00 00 00 83 f8 01 74 0c 8d 48 ff 8b c1 41 23 c2
0x00007ffc22981478:   3b c1 75 03 b0 01 c3 32 c0 c3 cc cc cc cc cc cc
0x00007ffc22981488:   cc cc cc cc cc cc cc cc 40 57 41 57 48 83 ec 38
0x00007ffc22981498:   4c 8b 41 48 33 ff 48 89 5c 24 58 4c 8b f9 48 89
0x00007ffc229814a8:   74 24 68 4c 89 64 24 30 44 8b e7 4c 89 6c 24 28
0x00007ffc229814b8:   44 8b ef 41 39 78 40 0f 86 ba 00 00 00 48 89 6c
0x00007ffc229814c8:   24 60 4c 89 74 24 20 90 49 8b 40 30 8b ef 41 8b
0x00007ffc229814d8:   d4 48 8b 34 d0 8b 46 28 89 44 24 50 85 c0 0f 84
0x00007ffc229814e8:   7c 00 00 00 4c 8b f7 90 3b 6e 18 73 0a 48 8b 46
0x00007ffc229814f8:   20 49 8b 1c 06 eb 03 48 8b df 48 8b 03 48 8b cb
0x00007ffc22981508:   ff 90 80 00 00 00 4c 8b c7 44 8b 48 5c 8b 48 58
0x00007ffc22981518:   41 3b c9 77 1c 0f 1f 00 8b d1 ff c1 4c 0b 04 d0
0x00007ffc22981528:   41 3b c9 76 f3 4d 85 c0 74 07 8b 53 28 8b c2 eb
0x00007ffc22981538:   05 8b 43 28 8b d7 48 63 c8 49 8b 87 08 01 00 00
0x00007ffc22981548:   89 14 88 8b 43 28 41 3b c5 41 0f 46 c5 ff c5 49
0x00007ffc22981558:   83 c6 08 44 8b e8 3b 6c 24 50 72 8c 4d 8b 47 48
0x00007ffc22981568:   41 ff c4 45 3b 60 40 0f 82 5b ff ff ff 4c 8b 74
0x00007ffc22981578:   24 20 48 8b 6c 24 60 4c 8b 64 24 30 41 8d 75 01
0x00007ffc22981588:   4c 8b 6c 24 28 49 8d 9f e8 00 00 00 41 89 b7 e0
0x00007ffc22981598:   00 00 00 8b 03 3b f0 7c 33 3b 73 04 7c 0c 8b d6
0x00007ffc229815a8:   48 8b cb e8 b0 d2 ee ff 8b 03 48 63 c8 48 63 d6
0x00007ffc229815b8:   48 3b ca 7d 12 0f 1f 00 48 8b 43 08 89 3c 88 48
0x00007ffc229815c8:   ff c1 48 3b ca 7c f1 8d 46 01 89 03 48 8b 43 08
0x00007ffc229815d8:   48 8b 5c 24 58 48 63 ce 48 8b 74 24 68 89 3c 88
0x00007ffc229815e8:   41 39 bf e0 00 00 00 76 18 49 8b 87 f0 00 00 00
0x00007ffc229815f8:   48 63 cf 89 3c 88 ff c7 41 3b bf e0 00 00 00 72 


Stack slot to memory mapping:

stack at sp + 0 slots: 0x000001e0166be428 points into unknown readable memory: 0x00007ffc230cadb8 | b8 ad 0c 23 fc 7f 00 00
stack at sp + 1 slots: 0x0000000000000007 is an unknown value
stack at sp + 2 slots: 0x0000006a69dfceb8 is pointing into the stack for thread: 0x000001e006cc5640
stack at sp + 3 slots: 0x00007ffc22b541aa jvm.dll
stack at sp + 4 slots: 0x000001e015bea950 points into unknown readable memory: 0x0000000000000000 | 00 00 00 00 00 00 00 00
stack at sp + 5 slots: 0x000001e015bead38 points into unknown readable memory: 0x800001009c5b5f71 | 71 5f 5b 9c 00 01 00 80
stack at sp + 6 slots: 0x000001e015bea960 points into unknown readable memory: 0x0000001000000000 | 00 00 00 00 10 00 00 00
stack at sp + 7 slots: 0x0 is null


---------------  P R O C E S S  ---------------

Threads class SMR info:
_java_thread_list=0x000001e01a953e20, length=246, elements={
0x000001e063324c80, 0x000001e07d98dff0, 0x000001e07d990a50, 0x000001e07d9941e0,
0x000001e07d9928a0, 0x000001e07d9932f0, 0x000001e07d9b70c0, 0x000001e07d9cc260,
0x000001e07d9d0320, 0x000001e07d7e2010, 0x000001e07df9fff0, 0x000001e0043f7b40,
0x000001e0044a6c00, 0x000001e004740910, 0x000001e004ae4ed0, 0x000001e004ae4840,
0x000001e004ae20e0, 0x000001e004ae5560, 0x000001e004ae2770, 0x000001e004ae41b0,
0x000001e0060ce5f0, 0x000001e005d26b90, 0x000001e005d26500, 0x000001e005d27220,
0x000001e005d24430, 0x000001e005d27f40, 0x000001e005d24ac0, 0x000001e005d285d0,
0x000001e005d25e70, 0x000001e005d28c60, 0x000001e005d257e0, 0x000001e005d292f0,
0x000001e005d29980, 0x000001e006b4ff30, 0x000001e005d2a6a0, 0x000001e005d2ad30,
0x000001e005d2b3c0, 0x000001e005d2ba50, 0x000001e005475490, 0x000001e005475b20,
0x000001e0054761b0, 0x000001e005476ed0, 0x000001e005474770, 0x000001e005477560,
0x000001e0054740e0, 0x000001e005477bf0, 0x000001e005478280, 0x000001e005474e00,
0x000001e005478910, 0x000001e005479630, 0x000001e005479cc0, 0x000001e00547a350,
0x000001e0060cbe90, 0x000001e0060cb800, 0x000001e0060cb170, 0x000001e0060cc520,
0x000001e0060ca450, 0x000001e0060c9730, 0x000001e0060c90a0, 0x000001e0060ccbb0,
0x000001e0060cd240, 0x000001e0060c9dc0, 0x000001e0060caae0, 0x000001e0060d06c0,
0x000001e0089ca460, 0x000001e0089c8390, 0x000001e0089cdf70, 0x000001e0089cf9b0,
0x000001e004ae2e00, 0x000001e004ae3490, 0x000001e004ae3b20, 0x000001e007ec2420,
0x000001e007ec2ab0, 0x000001e007ec3140, 0x000001e007ec37d0, 0x000001e007ec3e60,
0x000001e007ec44f0, 0x000001e007ec4b80, 0x000001e007ec1700, 0x000001e007ec5210,
0x000001e007ec1d90, 0x000001e007ec8690, 0x000001e007ec5f30, 0x000001e006cc18f0,
0x000001e007ec8d20, 0x000001e007ec72e0, 0x000001e007ec7970, 0x000001e007ec65c0,
0x000001e007ec8000, 0x000001e007ec6c50, 0x000001e010321040, 0x000001e010321d60,
0x000001e010322a80, 0x000001e0103237a0, 0x000001e0103216d0, 0x000001e010323110,
0x000001e010324b50, 0x000001e010323e30, 0x000001e0103223f0, 0x000001e005625c70,
0x000001e005627d40, 0x000001e005626300, 0x000001e005624f50, 0x000001e005626990,
0x000001e005628a60, 0x000001e005627020, 0x000001e0056255e0, 0x000001e005629780,
0x000001e00562a4a0, 0x000001e00562ab30, 0x000001e0056276b0, 0x000001e00562b1c0,
0x000001e0056290f0, 0x000001e005629e10, 0x000001e00562cc00, 0x000001e005632e70,
0x000001e009d88260, 0x000001e010327940, 0x000001e004fe1af0, 0x000001e004fe7040,
0x000001e004fe6320, 0x000001e004fe7d60, 0x000001e004fe8a80, 0x000001e004fe76d0,
0x000001e004fe69b0, 0x000001e004fe5c90, 0x000001e004feab50, 0x000001e004fe2ea0,
0x000001e004fe2810, 0x000001e004fe3530, 0x000001e004fe3bc0, 0x000001e004fe4250,
0x000001e004fe48e0, 0x000001e004feb1e0, 0x000001e004febf00, 0x000001e004fecc20,
0x000001e004fed2b0, 0x000001e004fe0dd0, 0x000001e004fe0740, 0x000001e004fe9e30,
0x000001e004fea4c0, 0x000001e004feb870, 0x000001e004fe83f0, 0x000001e004fec590,
0x000001e004fed940, 0x000001e004fedfd0, 0x000001e004fee660, 0x000001e004feecf0,
0x000001e00562f360, 0x000001e00562ecd0, 0x000001e00562bee0, 0x000001e00562d290,
0x000001e00562f9f0, 0x000001e00562c570, 0x000001e005630080, 0x000001e005630710,
0x000001e005630da0, 0x000001e00562d920, 0x000001e005633500, 0x000001e005632150,
0x000001e009d86eb0, 0x000001e009d84de0, 0x000001e009d888f0, 0x000001e009d85470,
0x000001e009d87540, 0x000001e009d88f80, 0x000001e009d85b00, 0x000001e009d89610,
0x000001e009d86190, 0x000001e009d8a9c0, 0x000001e009d89ca0, 0x000001e009d8bd70,
0x000001e009d8b050, 0x000001e009d8b6e0, 0x000001e0103244c0, 0x000001e010327fd0,
0x000001e0103251e0, 0x000001e0103272b0, 0x000001e010326c20, 0x000001e008732d40,
0x000001e0087333d0, 0x000001e00872ff50, 0x000001e008733a60, 0x000001e0087340f0,
0x000001e008734780, 0x000001e008731300, 0x000001e008734e10, 0x000001e008731990,
0x000001e008738290, 0x000001e008736850, 0x000001e008738920, 0x000001e008736ee0,
0x000001e0087354a0, 0x000001e008737c00, 0x000001e008735b30, 0x000001e008737570,
0x000001e00873b710, 0x000001e0087361c0, 0x000001e00873bda0, 0x000001e00873a360,
0x000001e00873c430, 0x000001e008739cd0, 0x000001e008738fb0, 0x000001e00873cac0,
0x000001e008739640, 0x000001e00873d150, 0x000001e00873a9f0, 0x000001e00873d7e0,
0x000001e00873de70, 0x000001e00873b080, 0x000001e00508ae60, 0x000001e00508a140,
0x000001e00508a7d0, 0x000001e00508b4f0, 0x000001e005089ab0, 0x000001e005088070,
0x000001e00508bb80, 0x000001e005089420, 0x000001e005088700, 0x000001e00508c210,
0x000001e005088d90, 0x000001e00508fd20, 0x000001e00508cf30, 0x000001e00508d5c0,
0x000001e00508f690, 0x000001e0053263b0, 0x000001e005325690, 0x000001e005327760,
0x000001e005326a40, 0x000001e005325d20, 0x000001e005328480, 0x000001e006cc4f70,
0x000001e006cc41d0, 0x000001e006cc2690, 0x000001e006cc2d60, 0x000001e006cc3430,
0x000001e006cc5640, 0x000001e014213630, 0x000001e005ef9ed0, 0x000001e005ef7e00,
0x000001e005ef8b20, 0x000001e005efa560, 0x000001e005ef9840, 0x000001e013abe180,
0x000001e00ad58c50, 0x000001e007572900
}

Java Threads: ( => current thread )
  0x000001e063324c80 JavaThread "main"                              [_thread_blocked, id=11764, stack(0x0000006a61000000,0x0000006a61100000) (1024K)]
  0x000001e07d98dff0 JavaThread "Reference Handler"          daemon [_thread_blocked, id=12684, stack(0x0000006a61800000,0x0000006a61900000) (1024K)]
  0x000001e07d990a50 JavaThread "Finalizer"                  daemon [_thread_blocked, id=22576, stack(0x0000006a61900000,0x0000006a61a00000) (1024K)]
  0x000001e07d9941e0 JavaThread "Signal Dispatcher"          daemon [_thread_blocked, id=2116, stack(0x0000006a61a00000,0x0000006a61b00000) (1024K)]
  0x000001e07d9928a0 JavaThread "Attach Listener"            daemon [_thread_blocked, id=23304, stack(0x0000006a61b00000,0x0000006a61c00000) (1024K)]
  0x000001e07d9932f0 JavaThread "Service Thread"             daemon [_thread_blocked, id=10596, stack(0x0000006a61c00000,0x0000006a61d00000) (1024K)]
  0x000001e07d9b70c0 JavaThread "Monitor Deflation Thread"   daemon [_thread_blocked, id=11384, stack(0x0000006a61d00000,0x0000006a61e00000) (1024K)]
  0x000001e07d9cc260 JavaThread "C2 CompilerThread0"         daemon [_thread_in_native, id=14312, stack(0x0000006a61e00000,0x0000006a61f00000) (1024K)]
  0x000001e07d9d0320 JavaThread "C1 CompilerThread0"         daemon [_thread_blocked, id=23444, stack(0x0000006a61f00000,0x0000006a62000000) (1024K)]
  0x000001e07d7e2010 JavaThread "Common-Cleaner"             daemon [_thread_blocked, id=3636, stack(0x0000006a62000000,0x0000006a62100000) (1024K)]
  0x000001e07df9fff0 JavaThread "Notification Thread"        daemon [_thread_blocked, id=13752, stack(0x0000006a62400000,0x0000006a62500000) (1024K)]
  0x000001e0043f7b40 JavaThread "Daemon health stats"               [_thread_blocked, id=20612, stack(0x0000006a62f00000,0x0000006a63000000) (1024K)]
  0x000001e0044a6c00 JavaThread "Incoming local TCP Connector on port 59372"        [_thread_in_native, id=3040, stack(0x0000006a63000000,0x0000006a63100000) (1024K)]
  0x000001e004740910 JavaThread "Daemon periodic checks"            [_thread_blocked, id=5476, stack(0x0000006a63100000,0x0000006a63200000) (1024K)]
  0x000001e004ae4ed0 JavaThread "Cache worker for journal cache (C:\Users\herna\.gradle\caches\journal-1)"        [_thread_blocked, id=4780, stack(0x0000006a64000000,0x0000006a64100000) (1024K)]
  0x000001e004ae4840 JavaThread "File lock request listener"        [_thread_in_native, id=1900, stack(0x0000006a64100000,0x0000006a64200000) (1024K)]
  0x000001e004ae20e0 JavaThread "Cache worker for file hash cache (C:\Users\herna\.gradle\caches\8.10.2\fileHashes)"        [_thread_blocked, id=22164, stack(0x0000006a64200000,0x0000006a64300000) (1024K)]
  0x000001e004ae5560 JavaThread "File watcher server"        daemon [_thread_in_native, id=11200, stack(0x0000006a64500000,0x0000006a64600000) (1024K)]
  0x000001e004ae2770 JavaThread "File watcher consumer"      daemon [_thread_blocked, id=4084, stack(0x0000006a64600000,0x0000006a64700000) (1024K)]
  0x000001e004ae41b0 JavaThread "Cache worker for file content cache (C:\Users\herna\.gradle\caches\8.10.2\fileContent)"        [_thread_blocked, id=5584, stack(0x0000006a64800000,0x0000006a64900000) (1024K)]
  0x000001e0060ce5f0 JavaThread "Memory manager"                    [_thread_blocked, id=2500, stack(0x0000006a67b00000,0x0000006a67c00000) (1024K)]
  0x000001e005d26b90 JavaThread "Daemon Thread 2"                   [_thread_blocked, id=10096, stack(0x0000006a60d00000,0x0000006a60e00000) (1024K)]
  0x000001e005d26500 JavaThread "Handler for socket connection from /127.0.0.1:59372 to /127.0.0.1:59591"        [_thread_in_native, id=23052, stack(0x0000006a60e00000,0x0000006a60f00000) (1024K)]
  0x000001e005d27220 JavaThread "Cancel handler"                    [_thread_blocked, id=2656, stack(0x0000006a60f00000,0x0000006a61000000) (1024K)]
  0x000001e005d24430 JavaThread "Daemon worker Thread 2"            [_thread_blocked, id=19408, stack(0x0000006a62100000,0x0000006a62200000) (1024K)]
  0x000001e005d27f40 JavaThread "Asynchronous log dispatcher for DefaultDaemonConnection: socket connection from /127.0.0.1:59372 to /127.0.0.1:59591"        [_thread_blocked, id=22364, stack(0x0000006a62200000,0x0000006a62300000) (1024K)]
  0x000001e005d24ac0 JavaThread "Stdin handler"                     [_thread_blocked, id=19016, stack(0x0000006a62300000,0x0000006a62400000) (1024K)]
  0x000001e005d285d0 JavaThread "Daemon client event forwarder"        [_thread_blocked, id=1704, stack(0x0000006a62500000,0x0000006a62600000) (1024K)]
  0x000001e005d25e70 JavaThread "Cache worker for file hash cache (C:\Users\herna\Documents\Escuela\Nativas\GitHub\CalcuCron\.gradle\8.10.2\fileHashes)"        [_thread_blocked, id=23516, stack(0x0000006a62600000,0x0000006a62700000) (1024K)]
  0x000001e005d28c60 JavaThread "Cache worker for Build Output Cleanup Cache (C:\Users\herna\Documents\Escuela\Nativas\GitHub\CalcuCron\.gradle\buildOutputCleanup)"        [_thread_blocked, id=2680, stack(0x0000006a62700000,0x0000006a62800000) (1024K)]
  0x000001e005d257e0 JavaThread "Cache worker for checksums cache (C:\Users\herna\Documents\Escuela\Nativas\GitHub\CalcuCron\.gradle\8.10.2\checksums)"        [_thread_blocked, id=22292, stack(0x0000006a63300000,0x0000006a63400000) (1024K)]
  0x000001e005d292f0 JavaThread "Cache worker for cache directory md-rule (C:\Users\herna\.gradle\caches\8.10.2\md-rule)"        [_thread_blocked, id=5132, stack(0x0000006a63400000,0x0000006a63500000) (1024K)]
  0x000001e005d29980 JavaThread "Cache worker for cache directory md-supplier (C:\Users\herna\.gradle\caches\8.10.2\md-supplier)"        [_thread_blocked, id=6212, stack(0x0000006a63500000,0x0000006a63600000) (1024K)]
  0x000001e006b4ff30 JavaThread "C1 CompilerThread1"         daemon [_thread_blocked, id=9812, stack(0x0000006a63700000,0x0000006a63800000) (1024K)]
  0x000001e005d2a6a0 JavaThread "Unconstrained build operations"        [_thread_blocked, id=10064, stack(0x0000006a64400000,0x0000006a64500000) (1024K)]
  0x000001e005d2ad30 JavaThread "Unconstrained build operations Thread 2"        [_thread_blocked, id=18216, stack(0x0000006a64700000,0x0000006a64800000) (1024K)]
  0x000001e005d2b3c0 JavaThread "Unconstrained build operations Thread 3"        [_thread_blocked, id=4020, stack(0x0000006a64900000,0x0000006a64a00000) (1024K)]
  0x000001e005d2ba50 JavaThread "Unconstrained build operations Thread 4"        [_thread_blocked, id=5928, stack(0x0000006a64a00000,0x0000006a64b00000) (1024K)]
  0x000001e005475490 JavaThread "Unconstrained build operations Thread 5"        [_thread_blocked, id=4416, stack(0x0000006a64b00000,0x0000006a64c00000) (1024K)]
  0x000001e005475b20 JavaThread "Unconstrained build operations Thread 6"        [_thread_blocked, id=12372, stack(0x0000006a64c00000,0x0000006a64d00000) (1024K)]
  0x000001e0054761b0 JavaThread "Unconstrained build operations Thread 7"        [_thread_blocked, id=21348, stack(0x0000006a64d00000,0x0000006a64e00000) (1024K)]
  0x000001e005476ed0 JavaThread "Unconstrained build operations Thread 8"        [_thread_blocked, id=21308, stack(0x0000006a64e00000,0x0000006a64f00000) (1024K)]
  0x000001e005474770 JavaThread "Unconstrained build operations Thread 9"        [_thread_blocked, id=10888, stack(0x0000006a64f00000,0x0000006a65000000) (1024K)]
  0x000001e005477560 JavaThread "Unconstrained build operations Thread 10"        [_thread_blocked, id=23020, stack(0x0000006a65000000,0x0000006a65100000) (1024K)]
  0x000001e0054740e0 JavaThread "Unconstrained build operations Thread 11"        [_thread_blocked, id=2492, stack(0x0000006a65100000,0x0000006a65200000) (1024K)]
  0x000001e005477bf0 JavaThread "Unconstrained build operations Thread 12"        [_thread_blocked, id=11284, stack(0x0000006a65200000,0x0000006a65300000) (1024K)]
  0x000001e005478280 JavaThread "Unconstrained build operations Thread 13"        [_thread_blocked, id=23144, stack(0x0000006a65300000,0x0000006a65400000) (1024K)]
  0x000001e005474e00 JavaThread "Unconstrained build operations Thread 14"        [_thread_blocked, id=15540, stack(0x0000006a65400000,0x0000006a65500000) (1024K)]
  0x000001e005478910 JavaThread "Unconstrained build operations Thread 15"        [_thread_blocked, id=15752, stack(0x0000006a65500000,0x0000006a65600000) (1024K)]
  0x000001e005479630 JavaThread "Unconstrained build operations Thread 16"        [_thread_blocked, id=13852, stack(0x0000006a65600000,0x0000006a65700000) (1024K)]
  0x000001e005479cc0 JavaThread "Unconstrained build operations Thread 17"        [_thread_blocked, id=12380, stack(0x0000006a65700000,0x0000006a65800000) (1024K)]
  0x000001e00547a350 JavaThread "Unconstrained build operations Thread 18"        [_thread_blocked, id=21364, stack(0x0000006a65800000,0x0000006a65900000) (1024K)]
  0x000001e0060cbe90 JavaThread "Unconstrained build operations Thread 19"        [_thread_blocked, id=23192, stack(0x0000006a65900000,0x0000006a65a00000) (1024K)]
  0x000001e0060cb800 JavaThread "Unconstrained build operations Thread 20"        [_thread_blocked, id=23432, stack(0x0000006a65a00000,0x0000006a65b00000) (1024K)]
  0x000001e0060cb170 JavaThread "Unconstrained build operations Thread 21"        [_thread_blocked, id=21216, stack(0x0000006a65b00000,0x0000006a65c00000) (1024K)]
  0x000001e0060cc520 JavaThread "Unconstrained build operations Thread 22"        [_thread_blocked, id=14960, stack(0x0000006a65c00000,0x0000006a65d00000) (1024K)]
  0x000001e0060ca450 JavaThread "Unconstrained build operations Thread 23"        [_thread_blocked, id=4876, stack(0x0000006a65d00000,0x0000006a65e00000) (1024K)]
  0x000001e0060c9730 JavaThread "Unconstrained build operations Thread 24"        [_thread_blocked, id=1956, stack(0x0000006a65e00000,0x0000006a65f00000) (1024K)]
  0x000001e0060c90a0 JavaThread "Unconstrained build operations Thread 25"        [_thread_blocked, id=19192, stack(0x0000006a65f00000,0x0000006a66000000) (1024K)]
  0x000001e0060ccbb0 JavaThread "Unconstrained build operations Thread 26"        [_thread_blocked, id=6656, stack(0x0000006a66000000,0x0000006a66100000) (1024K)]
  0x000001e0060cd240 JavaThread "Unconstrained build operations Thread 27"        [_thread_blocked, id=11936, stack(0x0000006a66100000,0x0000006a66200000) (1024K)]
  0x000001e0060c9dc0 JavaThread "Unconstrained build operations Thread 28"        [_thread_blocked, id=20360, stack(0x0000006a66200000,0x0000006a66300000) (1024K)]
  0x000001e0060caae0 JavaThread "Unconstrained build operations Thread 29"        [_thread_blocked, id=10044, stack(0x0000006a66300000,0x0000006a66400000) (1024K)]
  0x000001e0060d06c0 JavaThread "Unconstrained build operations Thread 30"        [_thread_blocked, id=4872, stack(0x0000006a66400000,0x0000006a66500000) (1024K)]
  0x000001e0089ca460 JavaThread "build event listener"              [_thread_blocked, id=14820, stack(0x0000006a66500000,0x0000006a66600000) (1024K)]
  0x000001e0089c8390 JavaThread "build event listener"              [_thread_blocked, id=7612, stack(0x0000006a66800000,0x0000006a66900000) (1024K)]
  0x000001e0089cdf70 JavaThread "included builds"                   [_thread_blocked, id=22360, stack(0x0000006a66a00000,0x0000006a66b00000) (1024K)]
  0x000001e0089cf9b0 JavaThread "Execution worker"                  [_thread_blocked, id=14432, stack(0x0000006a66b00000,0x0000006a66c00000) (1024K)]
  0x000001e004ae2e00 JavaThread "Execution worker Thread 2"         [_thread_blocked, id=22760, stack(0x0000006a66c00000,0x0000006a66d00000) (1024K)]
  0x000001e004ae3490 JavaThread "Execution worker Thread 3"         [_thread_blocked, id=3360, stack(0x0000006a66d00000,0x0000006a66e00000) (1024K)]
  0x000001e004ae3b20 JavaThread "Execution worker Thread 4"         [_thread_blocked, id=5876, stack(0x0000006a66e00000,0x0000006a66f00000) (1024K)]
  0x000001e007ec2420 JavaThread "Execution worker Thread 5"         [_thread_blocked, id=7144, stack(0x0000006a66f00000,0x0000006a67000000) (1024K)]
  0x000001e007ec2ab0 JavaThread "Execution worker Thread 6"         [_thread_blocked, id=23076, stack(0x0000006a67000000,0x0000006a67100000) (1024K)]
  0x000001e007ec3140 JavaThread "Execution worker Thread 7"         [_thread_blocked, id=14464, stack(0x0000006a67100000,0x0000006a67200000) (1024K)]
  0x000001e007ec37d0 JavaThread "Execution worker Thread 8"         [_thread_blocked, id=9936, stack(0x0000006a67200000,0x0000006a67300000) (1024K)]
  0x000001e007ec3e60 JavaThread "Execution worker Thread 9"         [_thread_blocked, id=13736, stack(0x0000006a67300000,0x0000006a67400000) (1024K)]
  0x000001e007ec44f0 JavaThread "Execution worker Thread 10"        [_thread_blocked, id=864, stack(0x0000006a67400000,0x0000006a67500000) (1024K)]
  0x000001e007ec4b80 JavaThread "Execution worker Thread 11"        [_thread_blocked, id=22856, stack(0x0000006a67500000,0x0000006a67600000) (1024K)]
  0x000001e007ec1700 JavaThread "Execution worker Thread 12"        [_thread_blocked, id=4880, stack(0x0000006a67600000,0x0000006a67700000) (1024K)]
  0x000001e007ec5210 JavaThread "Execution worker Thread 13"        [_thread_blocked, id=12644, stack(0x0000006a67700000,0x0000006a67800000) (1024K)]
  0x000001e007ec1d90 JavaThread "Execution worker Thread 14"        [_thread_blocked, id=1816, stack(0x0000006a67800000,0x0000006a67900000) (1024K)]
  0x000001e007ec8690 JavaThread "Execution worker Thread 15"        [_thread_blocked, id=9632, stack(0x0000006a67900000,0x0000006a67a00000) (1024K)]
  0x000001e007ec5f30 JavaThread "Cache worker for execution history cache (C:\Users\herna\Documents\Escuela\Nativas\GitHub\CalcuCron\.gradle\8.10.2\executionHistory)"        [_thread_blocked, id=20968, stack(0x0000006a67a00000,0x0000006a67b00000) (1024K)]
  0x000001e006cc18f0 JavaThread "C2 CompilerThread1"         daemon [_thread_in_vm, id=14628, stack(0x0000006a63200000,0x0000006a63300000) (1024K)]
  0x000001e007ec8d20 JavaThread "Unconstrained build operations Thread 31"        [_thread_blocked, id=22204, stack(0x0000006a64300000,0x0000006a64400000) (1024K)]
  0x000001e007ec72e0 JavaThread "Unconstrained build operations Thread 32"        [_thread_blocked, id=13456, stack(0x0000006a67c00000,0x0000006a67d00000) (1024K)]
  0x000001e007ec7970 JavaThread "Unconstrained build operations Thread 33"        [_thread_blocked, id=6676, stack(0x0000006a67d00000,0x0000006a67e00000) (1024K)]
  0x000001e007ec65c0 JavaThread "Unconstrained build operations Thread 34"        [_thread_blocked, id=7264, stack(0x0000006a67e00000,0x0000006a67f00000) (1024K)]
  0x000001e007ec8000 JavaThread "Unconstrained build operations Thread 35"        [_thread_blocked, id=3328, stack(0x0000006a67f00000,0x0000006a68000000) (1024K)]
  0x000001e007ec6c50 JavaThread "Unconstrained build operations Thread 36"        [_thread_blocked, id=21200, stack(0x0000006a68000000,0x0000006a68100000) (1024K)]
  0x000001e010321040 JavaThread "Unconstrained build operations Thread 37"        [_thread_blocked, id=10312, stack(0x0000006a68100000,0x0000006a68200000) (1024K)]
  0x000001e010321d60 JavaThread "Unconstrained build operations Thread 38"        [_thread_blocked, id=2060, stack(0x0000006a68200000,0x0000006a68300000) (1024K)]
  0x000001e010322a80 JavaThread "Unconstrained build operations Thread 39"        [_thread_blocked, id=21896, stack(0x0000006a68300000,0x0000006a68400000) (1024K)]
  0x000001e0103237a0 JavaThread "Unconstrained build operations Thread 40"        [_thread_blocked, id=21100, stack(0x0000006a68400000,0x0000006a68500000) (1024K)]
  0x000001e0103216d0 JavaThread "Unconstrained build operations Thread 41"        [_thread_blocked, id=8964, stack(0x0000006a68500000,0x0000006a68600000) (1024K)]
  0x000001e010323110 JavaThread "Unconstrained build operations Thread 42"        [_thread_blocked, id=11244, stack(0x0000006a68600000,0x0000006a68700000) (1024K)]
  0x000001e010324b50 JavaThread "Unconstrained build operations Thread 43"        [_thread_blocked, id=22436, stack(0x0000006a68700000,0x0000006a68800000) (1024K)]
  0x000001e010323e30 JavaThread "Unconstrained build operations Thread 44"        [_thread_blocked, id=4264, stack(0x0000006a68800000,0x0000006a68900000) (1024K)]
  0x000001e0103223f0 JavaThread "Unconstrained build operations Thread 45"        [_thread_blocked, id=23060, stack(0x0000006a68900000,0x0000006a68a00000) (1024K)]
  0x000001e005625c70 JavaThread "WorkerExecutor Queue"              [_thread_blocked, id=21376, stack(0x0000006a68c00000,0x0000006a68d00000) (1024K)]
  0x000001e005627d40 JavaThread "Unconstrained build operations Thread 46"        [_thread_blocked, id=2820, stack(0x0000006a68d00000,0x0000006a68e00000) (1024K)]
  0x000001e005626300 JavaThread "Unconstrained build operations Thread 47"        [_thread_blocked, id=20288, stack(0x0000006a68e00000,0x0000006a68f00000) (1024K)]
  0x000001e005624f50 JavaThread "Unconstrained build operations Thread 48"        [_thread_blocked, id=22724, stack(0x0000006a68f00000,0x0000006a69000000) (1024K)]
  0x000001e005626990 JavaThread "Unconstrained build operations Thread 49"        [_thread_blocked, id=22632, stack(0x0000006a69000000,0x0000006a69100000) (1024K)]
  0x000001e005628a60 JavaThread "Unconstrained build operations Thread 50"        [_thread_blocked, id=22652, stack(0x0000006a69100000,0x0000006a69200000) (1024K)]
  0x000001e005627020 JavaThread "Unconstrained build operations Thread 51"        [_thread_blocked, id=14072, stack(0x0000006a69200000,0x0000006a69300000) (1024K)]
  0x000001e0056255e0 JavaThread "Unconstrained build operations Thread 52"        [_thread_blocked, id=12424, stack(0x0000006a69300000,0x0000006a69400000) (1024K)]
  0x000001e005629780 JavaThread "Unconstrained build operations Thread 53"        [_thread_blocked, id=15376, stack(0x0000006a69400000,0x0000006a69500000) (1024K)]
  0x000001e00562a4a0 JavaThread "Unconstrained build operations Thread 54"        [_thread_blocked, id=8432, stack(0x0000006a69500000,0x0000006a69600000) (1024K)]
  0x000001e00562ab30 JavaThread "Unconstrained build operations Thread 55"        [_thread_blocked, id=22012, stack(0x0000006a69600000,0x0000006a69700000) (1024K)]
  0x000001e0056276b0 JavaThread "Unconstrained build operations Thread 56"        [_thread_blocked, id=20412, stack(0x0000006a69700000,0x0000006a69800000) (1024K)]
  0x000001e00562b1c0 JavaThread "Unconstrained build operations Thread 57"        [_thread_blocked, id=22980, stack(0x0000006a69800000,0x0000006a69900000) (1024K)]
  0x000001e0056290f0 JavaThread "Unconstrained build operations Thread 58"        [_thread_blocked, id=22752, stack(0x0000006a69900000,0x0000006a69a00000) (1024K)]
  0x000001e005629e10 JavaThread "Unconstrained build operations Thread 59"        [_thread_blocked, id=5424, stack(0x0000006a69a00000,0x0000006a69b00000) (1024K)]
  0x000001e00562cc00 JavaThread "Unconstrained build operations Thread 60"        [_thread_blocked, id=1780, stack(0x0000006a69b00000,0x0000006a69c00000) (1024K)]
  0x000001e005632e70 JavaThread "WorkerExecutor Queue Thread 3"        [_thread_blocked, id=7884, stack(0x0000006a69e00000,0x0000006a69f00000) (1024K)]
  0x000001e009d88260 JavaThread "WorkerExecutor Queue Thread 4"        [_thread_blocked, id=23244, stack(0x0000006a69f00000,0x0000006a6a000000) (1024K)]
  0x000001e010327940 JavaThread "WorkerExecutor Queue Thread 5"        [_thread_blocked, id=19644, stack(0x0000006a6a000000,0x0000006a6a100000) (1024K)]
  0x000001e004fe1af0 JavaThread "WorkerExecutor Queue Thread 6"        [_thread_blocked, id=15904, stack(0x0000006a6a200000,0x0000006a6a300000) (1024K)]
  0x000001e004fe7040 JavaThread "WorkerExecutor Queue Thread 8"        [_thread_blocked, id=1716, stack(0x0000006a6a400000,0x0000006a6a500000) (1024K)]
  0x000001e004fe6320 JavaThread "WorkerExecutor Queue Thread 9"        [_thread_blocked, id=18968, stack(0x0000006a6a500000,0x0000006a6a600000) (1024K)]
  0x000001e004fe7d60 JavaThread "WorkerExecutor Queue Thread 10"        [_thread_blocked, id=21988, stack(0x0000006a6a600000,0x0000006a6a700000) (1024K)]
  0x000001e004fe8a80 JavaThread "WorkerExecutor Queue Thread 11"        [_thread_blocked, id=8020, stack(0x0000006a6a700000,0x0000006a6a800000) (1024K)]
  0x000001e004fe76d0 JavaThread "WorkerExecutor Queue Thread 12"        [_thread_blocked, id=17580, stack(0x0000006a6a800000,0x0000006a6a900000) (1024K)]
  0x000001e004fe69b0 JavaThread "WorkerExecutor Queue Thread 13"        [_thread_blocked, id=20660, stack(0x0000006a6a900000,0x0000006a6aa00000) (1024K)]
  0x000001e004fe5c90 JavaThread "WorkerExecutor Queue Thread 15"        [_thread_blocked, id=18204, stack(0x0000006a6ab00000,0x0000006a6ac00000) (1024K)]
  0x000001e004feab50 JavaThread "WorkerExecutor Queue Thread 16"        [_thread_in_native, id=4336, stack(0x0000006a6ac00000,0x0000006a6ad00000) (1024K)]
  0x000001e004fe2ea0 JavaThread "Unconstrained build operations Thread 61"        [_thread_blocked, id=19788, stack(0x0000006a6ad00000,0x0000006a6ae00000) (1024K)]
  0x000001e004fe2810 JavaThread "Unconstrained build operations Thread 62"        [_thread_blocked, id=13048, stack(0x0000006a6ae00000,0x0000006a6af00000) (1024K)]
  0x000001e004fe3530 JavaThread "Unconstrained build operations Thread 63"        [_thread_blocked, id=22168, stack(0x0000006a6af00000,0x0000006a6b000000) (1024K)]
  0x000001e004fe3bc0 JavaThread "Unconstrained build operations Thread 64"        [_thread_blocked, id=8852, stack(0x0000006a6b000000,0x0000006a6b100000) (1024K)]
  0x000001e004fe4250 JavaThread "Unconstrained build operations Thread 65"        [_thread_blocked, id=4580, stack(0x0000006a6b100000,0x0000006a6b200000) (1024K)]
  0x000001e004fe48e0 JavaThread "Unconstrained build operations Thread 66"        [_thread_blocked, id=19748, stack(0x0000006a6b200000,0x0000006a6b300000) (1024K)]
  0x000001e004feb1e0 JavaThread "Unconstrained build operations Thread 67"        [_thread_blocked, id=12364, stack(0x0000006a6b300000,0x0000006a6b400000) (1024K)]
  0x000001e004febf00 JavaThread "Unconstrained build operations Thread 68"        [_thread_blocked, id=5596, stack(0x0000006a6b400000,0x0000006a6b500000) (1024K)]
  0x000001e004fecc20 JavaThread "Unconstrained build operations Thread 69"        [_thread_blocked, id=13932, stack(0x0000006a6b500000,0x0000006a6b600000) (1024K)]
  0x000001e004fed2b0 JavaThread "Unconstrained build operations Thread 70"        [_thread_blocked, id=5500, stack(0x0000006a6b600000,0x0000006a6b700000) (1024K)]
  0x000001e004fe0dd0 JavaThread "Unconstrained build operations Thread 71"        [_thread_blocked, id=22304, stack(0x0000006a6b700000,0x0000006a6b800000) (1024K)]
  0x000001e004fe0740 JavaThread "Unconstrained build operations Thread 72"        [_thread_blocked, id=13112, stack(0x0000006a6b800000,0x0000006a6b900000) (1024K)]
  0x000001e004fe9e30 JavaThread "Unconstrained build operations Thread 73"        [_thread_blocked, id=14264, stack(0x0000006a6b900000,0x0000006a6ba00000) (1024K)]
  0x000001e004fea4c0 JavaThread "Unconstrained build operations Thread 74"        [_thread_blocked, id=19508, stack(0x0000006a6ba00000,0x0000006a6bb00000) (1024K)]
  0x000001e004feb870 JavaThread "Unconstrained build operations Thread 75"        [_thread_blocked, id=8720, stack(0x0000006a6bb00000,0x0000006a6bc00000) (1024K)]
  0x000001e004fe83f0 JavaThread "Unconstrained build operations Thread 76"        [_thread_blocked, id=3476, stack(0x0000006a6bc00000,0x0000006a6bd00000) (1024K)]
  0x000001e004fec590 JavaThread "Unconstrained build operations Thread 77"        [_thread_blocked, id=6876, stack(0x0000006a6bd00000,0x0000006a6be00000) (1024K)]
  0x000001e004fed940 JavaThread "Unconstrained build operations Thread 78"        [_thread_blocked, id=23164, stack(0x0000006a6be00000,0x0000006a6bf00000) (1024K)]
  0x000001e004fedfd0 JavaThread "Unconstrained build operations Thread 79"        [_thread_blocked, id=3904, stack(0x0000006a6bf00000,0x0000006a6c000000) (1024K)]
  0x000001e004fee660 JavaThread "Unconstrained build operations Thread 80"        [_thread_blocked, id=12692, stack(0x0000006a6c000000,0x0000006a6c100000) (1024K)]
  0x000001e004feecf0 JavaThread "Unconstrained build operations Thread 81"        [_thread_blocked, id=6760, stack(0x0000006a6c100000,0x0000006a6c200000) (1024K)]
  0x000001e00562f360 JavaThread "Unconstrained build operations Thread 82"        [_thread_blocked, id=1512, stack(0x0000006a6c200000,0x0000006a6c300000) (1024K)]
  0x000001e00562ecd0 JavaThread "Unconstrained build operations Thread 83"        [_thread_blocked, id=12192, stack(0x0000006a6c300000,0x0000006a6c400000) (1024K)]
  0x000001e00562bee0 JavaThread "Unconstrained build operations Thread 84"        [_thread_blocked, id=22260, stack(0x0000006a6c400000,0x0000006a6c500000) (1024K)]
  0x000001e00562d290 JavaThread "Unconstrained build operations Thread 85"        [_thread_blocked, id=22300, stack(0x0000006a6c500000,0x0000006a6c600000) (1024K)]
  0x000001e00562f9f0 JavaThread "Unconstrained build operations Thread 86"        [_thread_blocked, id=21880, stack(0x0000006a6c600000,0x0000006a6c700000) (1024K)]
  0x000001e00562c570 JavaThread "Unconstrained build operations Thread 87"        [_thread_blocked, id=18572, stack(0x0000006a6c700000,0x0000006a6c800000) (1024K)]
  0x000001e005630080 JavaThread "Unconstrained build operations Thread 88"        [_thread_blocked, id=2916, stack(0x0000006a6c800000,0x0000006a6c900000) (1024K)]
  0x000001e005630710 JavaThread "Unconstrained build operations Thread 89"        [_thread_blocked, id=23208, stack(0x0000006a6c900000,0x0000006a6ca00000) (1024K)]
  0x000001e005630da0 JavaThread "Unconstrained build operations Thread 90"        [_thread_blocked, id=12552, stack(0x0000006a6ca00000,0x0000006a6cb00000) (1024K)]
  0x000001e00562d920 JavaThread "Unconstrained build operations Thread 91"        [_thread_blocked, id=3500, stack(0x0000006a6cb00000,0x0000006a6cc00000) (1024K)]
  0x000001e005633500 JavaThread "Unconstrained build operations Thread 92"        [_thread_blocked, id=14416, stack(0x0000006a6cc00000,0x0000006a6cd00000) (1024K)]
  0x000001e005632150 JavaThread "Unconstrained build operations Thread 93"        [_thread_blocked, id=20312, stack(0x0000006a6cd00000,0x0000006a6ce00000) (1024K)]
  0x000001e009d86eb0 JavaThread "Unconstrained build operations Thread 94"        [_thread_blocked, id=15920, stack(0x0000006a6ce00000,0x0000006a6cf00000) (1024K)]
  0x000001e009d84de0 JavaThread "Unconstrained build operations Thread 95"        [_thread_blocked, id=4080, stack(0x0000006a6cf00000,0x0000006a6d000000) (1024K)]
  0x000001e009d888f0 JavaThread "Unconstrained build operations Thread 96"        [_thread_blocked, id=22116, stack(0x0000006a6d000000,0x0000006a6d100000) (1024K)]
  0x000001e009d85470 JavaThread "Unconstrained build operations Thread 97"        [_thread_blocked, id=6940, stack(0x0000006a6d100000,0x0000006a6d200000) (1024K)]
  0x000001e009d87540 JavaThread "Unconstrained build operations Thread 98"        [_thread_blocked, id=21692, stack(0x0000006a6d200000,0x0000006a6d300000) (1024K)]
  0x000001e009d88f80 JavaThread "Unconstrained build operations Thread 99"        [_thread_blocked, id=16416, stack(0x0000006a6d300000,0x0000006a6d400000) (1024K)]
  0x000001e009d85b00 JavaThread "Unconstrained build operations Thread 100"        [_thread_blocked, id=2420, stack(0x0000006a6d400000,0x0000006a6d500000) (1024K)]
  0x000001e009d89610 JavaThread "Unconstrained build operations Thread 101"        [_thread_blocked, id=19912, stack(0x0000006a6d500000,0x0000006a6d600000) (1024K)]
  0x000001e009d86190 JavaThread "Unconstrained build operations Thread 102"        [_thread_blocked, id=10712, stack(0x0000006a6d600000,0x0000006a6d700000) (1024K)]
  0x000001e009d8a9c0 JavaThread "Unconstrained build operations Thread 103"        [_thread_blocked, id=2184, stack(0x0000006a6d700000,0x0000006a6d800000) (1024K)]
  0x000001e009d89ca0 JavaThread "Unconstrained build operations Thread 104"        [_thread_blocked, id=4792, stack(0x0000006a6d800000,0x0000006a6d900000) (1024K)]
  0x000001e009d8bd70 JavaThread "Unconstrained build operations Thread 105"        [_thread_blocked, id=5724, stack(0x0000006a6d900000,0x0000006a6da00000) (1024K)]
  0x000001e009d8b050 JavaThread "Unconstrained build operations Thread 106"        [_thread_blocked, id=22212, stack(0x0000006a6da00000,0x0000006a6db00000) (1024K)]
  0x000001e009d8b6e0 JavaThread "Unconstrained build operations Thread 107"        [_thread_blocked, id=20812, stack(0x0000006a6db00000,0x0000006a6dc00000) (1024K)]
  0x000001e0103244c0 JavaThread "Unconstrained build operations Thread 108"        [_thread_blocked, id=3256, stack(0x0000006a6dc00000,0x0000006a6dd00000) (1024K)]
  0x000001e010327fd0 JavaThread "Unconstrained build operations Thread 109"        [_thread_blocked, id=4776, stack(0x0000006a6dd00000,0x0000006a6de00000) (1024K)]
  0x000001e0103251e0 JavaThread "pool-4-thread-1"                   [_thread_blocked, id=8004, stack(0x0000006a6de00000,0x0000006a6df00000) (1024K)]
  0x000001e0103272b0 JavaThread "stderr"                            [_thread_in_native, id=22388, stack(0x0000006a6df00000,0x0000006a6e000000) (1024K)]
  0x000001e010326c20 JavaThread "stdout"                            [_thread_in_native, id=12108, stack(0x0000006a6e000000,0x0000006a6e100000) (1024K)]
  0x000001e008732d40 JavaThread "Unconstrained build operations Thread 110"        [_thread_blocked, id=1920, stack(0x0000006a6e100000,0x0000006a6e200000) (1024K)]
  0x000001e0087333d0 JavaThread "Unconstrained build operations Thread 111"        [_thread_blocked, id=10544, stack(0x0000006a6e200000,0x0000006a6e300000) (1024K)]
  0x000001e00872ff50 JavaThread "Unconstrained build operations Thread 112"        [_thread_blocked, id=15428, stack(0x0000006a6e300000,0x0000006a6e400000) (1024K)]
  0x000001e008733a60 JavaThread "Unconstrained build operations Thread 113"        [_thread_blocked, id=3420, stack(0x0000006a6e400000,0x0000006a6e500000) (1024K)]
  0x000001e0087340f0 JavaThread "Unconstrained build operations Thread 114"        [_thread_blocked, id=2676, stack(0x0000006a6e500000,0x0000006a6e600000) (1024K)]
  0x000001e008734780 JavaThread "Unconstrained build operations Thread 115"        [_thread_blocked, id=13716, stack(0x0000006a6e600000,0x0000006a6e700000) (1024K)]
  0x000001e008731300 JavaThread "Unconstrained build operations Thread 116"        [_thread_blocked, id=13192, stack(0x0000006a6e700000,0x0000006a6e800000) (1024K)]
  0x000001e008734e10 JavaThread "Unconstrained build operations Thread 117"        [_thread_blocked, id=10992, stack(0x0000006a6e800000,0x0000006a6e900000) (1024K)]
  0x000001e008731990 JavaThread "Unconstrained build operations Thread 118"        [_thread_blocked, id=15528, stack(0x0000006a6e900000,0x0000006a6ea00000) (1024K)]
  0x000001e008738290 JavaThread "Unconstrained build operations Thread 119"        [_thread_blocked, id=3960, stack(0x0000006a6ea00000,0x0000006a6eb00000) (1024K)]
  0x000001e008736850 JavaThread "Unconstrained build operations Thread 120"        [_thread_blocked, id=22448, stack(0x0000006a6eb00000,0x0000006a6ec00000) (1024K)]
  0x000001e008738920 JavaThread "Unconstrained build operations Thread 121"        [_thread_blocked, id=11900, stack(0x0000006a6ec00000,0x0000006a6ed00000) (1024K)]
  0x000001e008736ee0 JavaThread "Unconstrained build operations Thread 122"        [_thread_blocked, id=19560, stack(0x0000006a6ed00000,0x0000006a6ee00000) (1024K)]
  0x000001e0087354a0 JavaThread "Unconstrained build operations Thread 123"        [_thread_blocked, id=10104, stack(0x0000006a6ee00000,0x0000006a6ef00000) (1024K)]
  0x000001e008737c00 JavaThread "Unconstrained build operations Thread 124"        [_thread_blocked, id=2448, stack(0x0000006a6ef00000,0x0000006a6f000000) (1024K)]
  0x000001e008735b30 JavaThread "WorkerExecutor Queue Thread 17"        [_thread_blocked, id=4820, stack(0x0000006a6f000000,0x0000006a6f100000) (1024K)]
  0x000001e008737570 JavaThread "Unconstrained build operations Thread 125"        [_thread_blocked, id=9548, stack(0x0000006a6f100000,0x0000006a6f200000) (1024K)]
  0x000001e00873b710 JavaThread "Unconstrained build operations Thread 126"        [_thread_blocked, id=15208, stack(0x0000006a6f200000,0x0000006a6f300000) (1024K)]
  0x000001e0087361c0 JavaThread "Unconstrained build operations Thread 127"        [_thread_blocked, id=7256, stack(0x0000006a6f300000,0x0000006a6f400000) (1024K)]
  0x000001e00873bda0 JavaThread "Unconstrained build operations Thread 128"        [_thread_blocked, id=4644, stack(0x0000006a6f400000,0x0000006a6f500000) (1024K)]
  0x000001e00873a360 JavaThread "Unconstrained build operations Thread 129"        [_thread_blocked, id=5412, stack(0x0000006a6f500000,0x0000006a6f600000) (1024K)]
  0x000001e00873c430 JavaThread "Unconstrained build operations Thread 130"        [_thread_blocked, id=5520, stack(0x0000006a6f600000,0x0000006a6f700000) (1024K)]
  0x000001e008739cd0 JavaThread "Unconstrained build operations Thread 131"        [_thread_blocked, id=11340, stack(0x0000006a6f700000,0x0000006a6f800000) (1024K)]
  0x000001e008738fb0 JavaThread "Unconstrained build operations Thread 132"        [_thread_blocked, id=21944, stack(0x0000006a6f800000,0x0000006a6f900000) (1024K)]
  0x000001e00873cac0 JavaThread "Unconstrained build operations Thread 133"        [_thread_blocked, id=12064, stack(0x0000006a6f900000,0x0000006a6fa00000) (1024K)]
  0x000001e008739640 JavaThread "Unconstrained build operations Thread 134"        [_thread_blocked, id=12312, stack(0x0000006a6fa00000,0x0000006a6fb00000) (1024K)]
  0x000001e00873d150 JavaThread "Unconstrained build operations Thread 135"        [_thread_blocked, id=16068, stack(0x0000006a6fb00000,0x0000006a6fc00000) (1024K)]
  0x000001e00873a9f0 JavaThread "Unconstrained build operations Thread 136"        [_thread_blocked, id=10324, stack(0x0000006a6fc00000,0x0000006a6fd00000) (1024K)]
  0x000001e00873d7e0 JavaThread "Unconstrained build operations Thread 137"        [_thread_blocked, id=3448, stack(0x0000006a6fd00000,0x0000006a6fe00000) (1024K)]
  0x000001e00873de70 JavaThread "Unconstrained build operations Thread 138"        [_thread_blocked, id=18396, stack(0x0000006a6fe00000,0x0000006a6ff00000) (1024K)]
  0x000001e00873b080 JavaThread "Unconstrained build operations Thread 139"        [_thread_blocked, id=11032, stack(0x0000006a6ff00000,0x0000006a70000000) (1024K)]
  0x000001e00508ae60 JavaThread "Unconstrained build operations Thread 140"        [_thread_blocked, id=13304, stack(0x0000006a70000000,0x0000006a70100000) (1024K)]
  0x000001e00508a140 JavaThread "Unconstrained build operations Thread 141"        [_thread_blocked, id=3464, stack(0x0000006a70100000,0x0000006a70200000) (1024K)]
  0x000001e00508a7d0 JavaThread "Unconstrained build operations Thread 142"        [_thread_blocked, id=20924, stack(0x0000006a70200000,0x0000006a70300000) (1024K)]
  0x000001e00508b4f0 JavaThread "Unconstrained build operations Thread 143"        [_thread_blocked, id=5160, stack(0x0000006a70300000,0x0000006a70400000) (1024K)]
  0x000001e005089ab0 JavaThread "Unconstrained build operations Thread 144"        [_thread_blocked, id=10600, stack(0x0000006a70400000,0x0000006a70500000) (1024K)]
  0x000001e005088070 JavaThread "Unconstrained build operations Thread 145"        [_thread_blocked, id=6848, stack(0x0000006a70500000,0x0000006a70600000) (1024K)]
  0x000001e00508bb80 JavaThread "Unconstrained build operations Thread 146"        [_thread_blocked, id=22872, stack(0x0000006a70600000,0x0000006a70700000) (1024K)]
  0x000001e005089420 JavaThread "Unconstrained build operations Thread 147"        [_thread_blocked, id=21172, stack(0x0000006a70700000,0x0000006a70800000) (1024K)]
  0x000001e005088700 JavaThread "Unconstrained build operations Thread 148"        [_thread_blocked, id=16488, stack(0x0000006a70800000,0x0000006a70900000) (1024K)]
  0x000001e00508c210 JavaThread "Unconstrained build operations Thread 149"        [_thread_blocked, id=3572, stack(0x0000006a70900000,0x0000006a70a00000) (1024K)]
  0x000001e005088d90 JavaThread "Unconstrained build operations Thread 150"        [_thread_blocked, id=14004, stack(0x0000006a70a00000,0x0000006a70b00000) (1024K)]
  0x000001e00508fd20 JavaThread "Unconstrained build operations Thread 151"        [_thread_blocked, id=1680, stack(0x0000006a70b00000,0x0000006a70c00000) (1024K)]
  0x000001e00508cf30 JavaThread "Unconstrained build operations Thread 152"        [_thread_blocked, id=2920, stack(0x0000006a70e00000,0x0000006a70f00000) (1024K)]
  0x000001e00508d5c0 JavaThread "Unconstrained build operations Thread 153"        [_thread_blocked, id=20172, stack(0x0000006a70f00000,0x0000006a71000000) (1024K)]
  0x000001e00508f690 JavaThread "Unconstrained build operations Thread 154"        [_thread_blocked, id=8648, stack(0x0000006a71000000,0x0000006a71100000) (1024K)]
  0x000001e0053263b0 JavaThread "Unconstrained build operations Thread 155"        [_thread_blocked, id=7988, stack(0x0000006a71100000,0x0000006a71200000) (1024K)]
  0x000001e005325690 JavaThread "Unconstrained build operations Thread 156"        [_thread_blocked, id=7036, stack(0x0000006a71200000,0x0000006a71300000) (1024K)]
  0x000001e005327760 JavaThread "Unconstrained build operations Thread 157"        [_thread_blocked, id=10660, stack(0x0000006a71300000,0x0000006a71400000) (1024K)]
  0x000001e005326a40 JavaThread "Unconstrained build operations Thread 158"        [_thread_blocked, id=18996, stack(0x0000006a71400000,0x0000006a71500000) (1024K)]
  0x000001e005325d20 JavaThread "Unconstrained build operations Thread 159"        [_thread_blocked, id=15304, stack(0x0000006a71500000,0x0000006a71600000) (1024K)]
  0x000001e005328480 JavaThread "Unconstrained build operations Thread 160"        [_thread_blocked, id=15964, stack(0x0000006a71600000,0x0000006a71700000) (1024K)]
  0x000001e006cc4f70 JavaThread "C2 CompilerThread2"         daemon [_thread_in_native, id=15396, stack(0x0000006a63600000,0x0000006a63700000) (1024K)]
  0x000001e006cc41d0 JavaThread "C2 CompilerThread3"         daemon [_thread_in_native, id=3804, stack(0x0000006a63800000,0x0000006a63900000) (1024K)]
  0x000001e006cc2690 JavaThread "C2 CompilerThread4"         daemon [_thread_in_native, id=11404, stack(0x0000006a68a00000,0x0000006a68b00000) (1024K)]
  0x000001e006cc2d60 JavaThread "C2 CompilerThread5"         daemon [_thread_in_native, id=13364, stack(0x0000006a68b00000,0x0000006a68c00000) (1024K)]
  0x000001e006cc3430 JavaThread "C2 CompilerThread6"         daemon [_thread_in_native, id=10584, stack(0x0000006a69c00000,0x0000006a69d00000) (1024K)]
=>0x000001e006cc5640 JavaThread "C2 CompilerThread7"         daemon [_thread_in_native, id=3132, stack(0x0000006a69d00000,0x0000006a69e00000) (1024K)]
  0x000001e014213630 JavaThread "WorkerExecutor Queue Thread 18"        [_thread_blocked, id=22160, stack(0x0000006a71700000,0x0000006a71800000) (1024K)]
  0x000001e005ef9ed0 JavaThread "RMI Scheduler(0)"           daemon [_thread_blocked, id=684, stack(0x0000006a71800000,0x0000006a71900000) (1024K)]
  0x000001e005ef7e00 JavaThread "RMI RenewClean-[127.0.0.1:17327,org.jetbrains.kotlin.daemon.common.LoopbackNetworkInterface$ClientLoopbackSocketFactory@501eb61d]" daemon [_thread_blocked, id=12172, stack(0x0000006a71900000,0x0000006a71a00000) (1024K)]
  0x000001e005ef8b20 JavaThread "RMI GC Daemon"              daemon [_thread_blocked, id=7944, stack(0x0000006a71a00000,0x0000006a71b00000) (1024K)]
  0x000001e005efa560 JavaThread "RMI TCP Accept-0"           daemon [_thread_in_native, id=10908, stack(0x0000006a71b00000,0x0000006a71c00000) (1024K)]
  0x000001e005ef9840 JavaThread "RMI Reaper"                        [_thread_blocked, id=5440, stack(0x0000006a71c00000,0x0000006a71d00000) (1024K)]
  0x000001e013abe180 JavaThread "RMI TCP Connection(1)-127.0.0.1" daemon [_thread_in_native, id=16556, stack(0x0000006a71d00000,0x0000006a71e00000) (1024K)]
  0x000001e00ad58c50 JavaThread "WorkerExecutor Queue Thread 19"        [_thread_blocked, id=8084, stack(0x0000006a71e00000,0x0000006a71f00000) (1024K)]
  0x000001e007572900 JavaThread "WorkerExecutor Queue Thread 20"        [_thread_blocked, id=17244, stack(0x0000006a66600000,0x0000006a66700000) (1024K)]
Total: 246

Other Threads:
  0x000001e07d8eb3b0 VMThread "VM Thread"                           [id=10360, stack(0x0000006a61700000,0x0000006a61800000) (1024K)]
  0x000001e07d8d14a0 WatcherThread "VM Periodic Task Thread"        [id=4868, stack(0x0000006a61600000,0x0000006a61700000) (1024K)]
  0x000001e064e135a0 WorkerThread "GC Thread#0"                     [id=7088, stack(0x0000006a61100000,0x0000006a61200000) (1024K)]
  0x000001e07e33efe0 WorkerThread "GC Thread#1"                     [id=3376, stack(0x0000006a62900000,0x0000006a62a00000) (1024K)]
  0x000001e07e2a2750 WorkerThread "GC Thread#2"                     [id=9860, stack(0x0000006a62a00000,0x0000006a62b00000) (1024K)]
  0x000001e07e2a2af0 WorkerThread "GC Thread#3"                     [id=14276, stack(0x0000006a62b00000,0x0000006a62c00000) (1024K)]
  0x000001e07e212c20 WorkerThread "GC Thread#4"                     [id=14624, stack(0x0000006a62c00000,0x0000006a62d00000) (1024K)]
  0x000001e07ef8fb90 WorkerThread "GC Thread#5"                     [id=5648, stack(0x0000006a62d00000,0x0000006a62e00000) (1024K)]
  0x000001e07ef8ff30 WorkerThread "GC Thread#6"                     [id=7328, stack(0x0000006a62e00000,0x0000006a62f00000) (1024K)]
  0x000001e0044a4e50 WorkerThread "GC Thread#7"                     [id=3044, stack(0x0000006a62800000,0x0000006a62900000) (1024K)]
  0x000001e0044a5930 WorkerThread "GC Thread#8"                     [id=23520, stack(0x0000006a63900000,0x0000006a63a00000) (1024K)]
  0x000001e0044a51f0 WorkerThread "GC Thread#9"                     [id=20292, stack(0x0000006a63a00000,0x0000006a63b00000) (1024K)]
  0x000001e0044a5590 WorkerThread "GC Thread#10"                    [id=20544, stack(0x0000006a63b00000,0x0000006a63c00000) (1024K)]
  0x000001e0044a3fd0 WorkerThread "GC Thread#11"                    [id=8716, stack(0x0000006a63c00000,0x0000006a63d00000) (1024K)]
  0x000001e0044a4370 WorkerThread "GC Thread#12"                    [id=23216, stack(0x0000006a63d00000,0x0000006a63e00000) (1024K)]
  0x000001e064e24490 ConcurrentGCThread "G1 Main Marker"            [id=12616, stack(0x0000006a61200000,0x0000006a61300000) (1024K)]
  0x000001e064e26f90 WorkerThread "G1 Conc#0"                       [id=9500, stack(0x0000006a61300000,0x0000006a61400000) (1024K)]
  0x000001e0044a4710 WorkerThread "G1 Conc#1"                       [id=3780, stack(0x0000006a63e00000,0x0000006a63f00000) (1024K)]
  0x000001e0044a4ab0 WorkerThread "G1 Conc#2"                       [id=20456, stack(0x0000006a63f00000,0x0000006a64000000) (1024K)]
  0x000001e07d736b50 ConcurrentGCThread "G1 Refine#0"               [id=11760, stack(0x0000006a61400000,0x0000006a61500000) (1024K)]
  0x000001e07d737470 ConcurrentGCThread "G1 Service"                [id=22916, stack(0x0000006a61500000,0x0000006a61600000) (1024K)]
Total: 21

Threads with active compile tasks:
C2 CompilerThread0  248760 42043       4       com.android.tools.r8.internal.qA$$Lambda/0x00000001014728e8::accept (24 bytes)
C2 CompilerThread1  248760 41851       4       com.android.tools.r8.graph.p4::c (153 bytes)
C2 CompilerThread2  248760 41519   !   4       com.android.tools.r8.graph.g4::a (581 bytes)
C2 CompilerThread3  248760 42095 %     4       com.android.tools.r8.internal.E3::b @ 263 (1535 bytes)
C2 CompilerThread4  248760 42105       4       com.android.tools.r8.internal.x9::a (231 bytes)
C2 CompilerThread5  248760 41535       4       com.android.tools.r8.graph.p4::a (199 bytes)
C2 CompilerThread6  248760 42044       4       com.android.tools.r8.internal.qA::a (116 bytes)
C2 CompilerThread7  248760 41723       4       com.android.tools.r8.graph.U0::a (433 bytes)
Total: 8

VM state: not at safepoint (normal execution)

VM Mutex/Monitor currently owned by a thread: None

Heap address: 0x0000000080000000, size: 2048 MB, Compressed Oops mode: 32-bit

CDS archive(s) not mapped
Compressed class space mapped at: 0x0000000100000000-0x0000000140000000, reserved size: 1073741824
Narrow klass base: 0x0000000000000000, Narrow klass shift: 3, Narrow klass range: 0x140000000

GC Precious Log:
 CardTable entry size: 512
 Card Set container configuration: InlinePtr #cards 5 size 8 Array Of Cards #cards 12 size 40 Howl #buckets 4 coarsen threshold 1843 Howl Bitmap #cards 512 size 80 coarsen threshold 460 Card regions per heap region 1 cards per card region 2048
 CPUs: 16 total, 16 available
 Memory: 15711M
 Large Page Support: Disabled
 NUMA Support: Disabled
 Compressed Oops: Enabled (32-bit)
 Heap Region Size: 1M
 Heap Min Capacity: 8M
 Heap Initial Capacity: 246M
 Heap Max Capacity: 2G
 Pre-touch: Disabled
 Parallel Workers: 13
 Concurrent Workers: 3
 Concurrent Refinement Workers: 13
 Periodic GC: Disabled

Heap:
 garbage-first heap   total 785408K, used 280321K [0x0000000080000000, 0x0000000100000000)
  region size 1024K, 61 young (62464K), 11 survivors (11264K)
 Metaspace       used 160150K, committed 162624K, reserved 1245184K
  class space    used 21284K, committed 22528K, reserved 1048576K

Heap Regions: E=young(eden), S=young(survivor), O=old, HS=humongous(starts), HC=humongous(continues), CS=collection set, F=free, TAMS=top-at-mark-start, PB=parsable bottom
|   0|0x0000000080000000, 0x0000000080100000, 0x0000000080100000|100%| O|  |TAMS 0x0000000080000000| PB 0x0000000080000000| Untracked 
|   1|0x0000000080100000, 0x0000000080200000, 0x0000000080200000|100%|HS|  |TAMS 0x0000000080100000| PB 0x0000000080100000| Complete 
|   2|0x0000000080200000, 0x0000000080300000, 0x0000000080300000|100%|HC|  |TAMS 0x0000000080200000| PB 0x0000000080200000| Complete 
|   3|0x0000000080300000, 0x0000000080400000, 0x0000000080400000|100%|HC|  |TAMS 0x0000000080300000| PB 0x0000000080300000| Complete 
|   4|0x0000000080400000, 0x0000000080500000, 0x0000000080500000|100%|HC|  |TAMS 0x0000000080400000| PB 0x0000000080400000| Complete 
|   5|0x0000000080500000, 0x0000000080600000, 0x0000000080600000|100%| O|  |TAMS 0x0000000080500000| PB 0x0000000080500000| Untracked 
|   6|0x0000000080600000, 0x0000000080700000, 0x0000000080700000|100%| O|  |TAMS 0x0000000080600000| PB 0x0000000080600000| Untracked 
|   7|0x0000000080700000, 0x0000000080800000, 0x0000000080800000|100%| O|  |TAMS 0x0000000080700000| PB 0x0000000080700000| Untracked 
|   8|0x0000000080800000, 0x0000000080900000, 0x0000000080900000|100%|HS|  |TAMS 0x0000000080800000| PB 0x0000000080800000| Complete 
|   9|0x0000000080900000, 0x0000000080a00000, 0x0000000080a00000|100%| O|  |TAMS 0x0000000080900000| PB 0x0000000080900000| Untracked 
|  10|0x0000000080a00000, 0x0000000080b00000, 0x0000000080b00000|100%| O|  |TAMS 0x0000000080a00000| PB 0x0000000080a00000| Untracked 
|  11|0x0000000080b00000, 0x0000000080c00000, 0x0000000080c00000|100%| O|  |TAMS 0x0000000080b00000| PB 0x0000000080b00000| Untracked 
|  12|0x0000000080c00000, 0x0000000080d00000, 0x0000000080d00000|100%| O|  |TAMS 0x0000000080c00000| PB 0x0000000080c00000| Untracked 
|  13|0x0000000080d00000, 0x0000000080e00000, 0x0000000080e00000|100%| O|  |TAMS 0x0000000080d00000| PB 0x0000000080d00000| Untracked 
|  14|0x0000000080e00000, 0x0000000080f00000, 0x0000000080f00000|100%| O|  |TAMS 0x0000000080e00000| PB 0x0000000080e00000| Untracked 
|  15|0x0000000080f00000, 0x0000000081000000, 0x0000000081000000|100%| O|  |TAMS 0x0000000080f00000| PB 0x0000000080f00000| Untracked 
|  16|0x0000000081000000, 0x0000000081100000, 0x0000000081100000|100%| O|  |TAMS 0x0000000081000000| PB 0x0000000081000000| Untracked 
|  17|0x0000000081100000, 0x0000000081200000, 0x0000000081200000|100%| O|  |TAMS 0x0000000081100000| PB 0x0000000081100000| Untracked 
|  18|0x0000000081200000, 0x0000000081300000, 0x0000000081300000|100%| O|  |TAMS 0x0000000081200000| PB 0x0000000081200000| Untracked 
|  19|0x0000000081300000, 0x0000000081400000, 0x0000000081400000|100%| O|  |TAMS 0x0000000081300000| PB 0x0000000081300000| Untracked 
|  20|0x0000000081400000, 0x0000000081500000, 0x0000000081500000|100%| O|  |TAMS 0x0000000081400000| PB 0x0000000081400000| Untracked 
|  21|0x0000000081500000, 0x0000000081600000, 0x0000000081600000|100%| O|  |TAMS 0x0000000081500000| PB 0x0000000081500000| Untracked 
|  22|0x0000000081600000, 0x0000000081700000, 0x0000000081700000|100%| O|  |TAMS 0x0000000081600000| PB 0x0000000081600000| Untracked 
|  23|0x0000000081700000, 0x0000000081800000, 0x0000000081800000|100%| O|  |TAMS 0x0000000081700000| PB 0x0000000081700000| Untracked 
|  24|0x0000000081800000, 0x0000000081900000, 0x0000000081900000|100%| O|  |TAMS 0x0000000081800000| PB 0x0000000081800000| Untracked 
|  25|0x0000000081900000, 0x0000000081a00000, 0x0000000081a00000|100%| O|  |TAMS 0x0000000081900000| PB 0x0000000081900000| Untracked 
|  26|0x0000000081a00000, 0x0000000081b00000, 0x0000000081b00000|100%| O|  |TAMS 0x0000000081a00000| PB 0x0000000081a00000| Untracked 
|  27|0x0000000081b00000, 0x0000000081c00000, 0x0000000081c00000|100%| O|  |TAMS 0x0000000081b00000| PB 0x0000000081b00000| Untracked 
|  28|0x0000000081c00000, 0x0000000081d00000, 0x0000000081d00000|100%| O|  |TAMS 0x0000000081c00000| PB 0x0000000081c00000| Untracked 
|  29|0x0000000081d00000, 0x0000000081e00000, 0x0000000081e00000|100%| O|  |TAMS 0x0000000081d00000| PB 0x0000000081d00000| Untracked 
|  30|0x0000000081e00000, 0x0000000081f00000, 0x0000000081f00000|100%| O|  |TAMS 0x0000000081e00000| PB 0x0000000081e00000| Untracked 
|  31|0x0000000081f00000, 0x0000000082000000, 0x0000000082000000|100%| O|  |TAMS 0x0000000081f00000| PB 0x0000000081f00000| Untracked 
|  32|0x0000000082000000, 0x0000000082100000, 0x0000000082100000|100%| O|  |TAMS 0x0000000082000000| PB 0x0000000082000000| Untracked 
|  33|0x0000000082100000, 0x0000000082200000, 0x0000000082200000|100%| O|  |TAMS 0x0000000082100000| PB 0x0000000082100000| Untracked 
|  34|0x0000000082200000, 0x0000000082300000, 0x0000000082300000|100%| O|  |TAMS 0x0000000082200000| PB 0x0000000082200000| Untracked 
|  35|0x0000000082300000, 0x0000000082400000, 0x0000000082400000|100%| O|  |TAMS 0x0000000082300000| PB 0x0000000082300000| Untracked 
|  36|0x0000000082400000, 0x0000000082500000, 0x0000000082500000|100%| O|  |TAMS 0x0000000082400000| PB 0x0000000082400000| Untracked 
|  37|0x0000000082500000, 0x0000000082600000, 0x0000000082600000|100%| O|  |TAMS 0x0000000082500000| PB 0x0000000082500000| Untracked 
|  38|0x0000000082600000, 0x0000000082700000, 0x0000000082700000|100%| O|  |TAMS 0x0000000082600000| PB 0x0000000082600000| Untracked 
|  39|0x0000000082700000, 0x0000000082800000, 0x0000000082800000|100%| O|  |TAMS 0x0000000082700000| PB 0x0000000082700000| Untracked 
|  40|0x0000000082800000, 0x0000000082900000, 0x0000000082900000|100%| O|  |TAMS 0x0000000082800000| PB 0x0000000082800000| Untracked 
|  41|0x0000000082900000, 0x0000000082a00000, 0x0000000082a00000|100%|HS|  |TAMS 0x0000000082900000| PB 0x0000000082900000| Complete 
|  42|0x0000000082a00000, 0x0000000082b00000, 0x0000000082b00000|100%|HS|  |TAMS 0x0000000082a00000| PB 0x0000000082a00000| Complete 
|  43|0x0000000082b00000, 0x0000000082c00000, 0x0000000082c00000|100%|HS|  |TAMS 0x0000000082b00000| PB 0x0000000082b00000| Complete 
|  44|0x0000000082c00000, 0x0000000082d00000, 0x0000000082d00000|100%|HC|  |TAMS 0x0000000082c00000| PB 0x0000000082c00000| Complete 
|  45|0x0000000082d00000, 0x0000000082e00000, 0x0000000082e00000|100%| O|  |TAMS 0x0000000082d00000| PB 0x0000000082d00000| Untracked 
|  46|0x0000000082e00000, 0x0000000082f00000, 0x0000000082f00000|100%| O|  |TAMS 0x0000000082e00000| PB 0x0000000082e00000| Untracked 
|  47|0x0000000082f00000, 0x0000000083000000, 0x0000000083000000|100%| O|  |TAMS 0x0000000082f00000| PB 0x0000000082f00000| Untracked 
|  48|0x0000000083000000, 0x0000000083100000, 0x0000000083100000|100%| O|  |TAMS 0x0000000083000000| PB 0x0000000083000000| Untracked 
|  49|0x0000000083100000, 0x0000000083200000, 0x0000000083200000|100%| O|  |TAMS 0x0000000083100000| PB 0x0000000083100000| Untracked 
|  50|0x0000000083200000, 0x0000000083300000, 0x0000000083300000|100%|HS|  |TAMS 0x0000000083200000| PB 0x0000000083200000| Complete 
|  51|0x0000000083300000, 0x0000000083400000, 0x0000000083400000|100%| O|  |TAMS 0x0000000083300000| PB 0x0000000083300000| Untracked 
|  52|0x0000000083400000, 0x0000000083500000, 0x0000000083500000|100%| O|  |TAMS 0x0000000083400000| PB 0x0000000083400000| Untracked 
|  53|0x0000000083500000, 0x0000000083600000, 0x0000000083600000|100%| O|  |TAMS 0x0000000083500000| PB 0x0000000083500000| Untracked 
|  54|0x0000000083600000, 0x0000000083700000, 0x0000000083700000|100%| O|  |TAMS 0x0000000083600000| PB 0x0000000083600000| Untracked 
|  55|0x0000000083700000, 0x0000000083800000, 0x0000000083800000|100%|HS|  |TAMS 0x0000000083700000| PB 0x0000000083700000| Complete 
|  56|0x0000000083800000, 0x0000000083900000, 0x0000000083900000|100%|HC|  |TAMS 0x0000000083800000| PB 0x0000000083800000| Complete 
|  57|0x0000000083900000, 0x0000000083a00000, 0x0000000083a00000|100%|HS|  |TAMS 0x0000000083900000| PB 0x0000000083900000| Complete 
|  58|0x0000000083a00000, 0x0000000083b00000, 0x0000000083b00000|100%|HC|  |TAMS 0x0000000083a00000| PB 0x0000000083a00000| Complete 
|  59|0x0000000083b00000, 0x0000000083c00000, 0x0000000083c00000|100%|HC|  |TAMS 0x0000000083b00000| PB 0x0000000083b00000| Complete 
|  60|0x0000000083c00000, 0x0000000083d00000, 0x0000000083d00000|100%|HS|  |TAMS 0x0000000083c00000| PB 0x0000000083c00000| Complete 
|  61|0x0000000083d00000, 0x0000000083e00000, 0x0000000083e00000|100%| O|  |TAMS 0x0000000083d00000| PB 0x0000000083d00000| Untracked 
|  62|0x0000000083e00000, 0x0000000083f00000, 0x0000000083f00000|100%|HS|  |TAMS 0x0000000083e00000| PB 0x0000000083e00000| Complete 
|  63|0x0000000083f00000, 0x0000000084000000, 0x0000000084000000|100%| O|  |TAMS 0x0000000083f00000| PB 0x0000000083f00000| Untracked 
|  64|0x0000000084000000, 0x0000000084100000, 0x0000000084100000|100%| O|  |TAMS 0x0000000084000000| PB 0x0000000084000000| Untracked 
|  65|0x0000000084100000, 0x0000000084200000, 0x0000000084200000|100%| O|  |TAMS 0x0000000084100000| PB 0x0000000084100000| Untracked 
|  66|0x0000000084200000, 0x0000000084300000, 0x0000000084300000|100%| O|  |TAMS 0x0000000084200000| PB 0x0000000084200000| Untracked 
|  67|0x0000000084300000, 0x0000000084400000, 0x0000000084400000|100%| O|  |TAMS 0x0000000084300000| PB 0x0000000084300000| Untracked 
|  68|0x0000000084400000, 0x0000000084500000, 0x0000000084500000|100%| O|  |TAMS 0x0000000084400000| PB 0x0000000084400000| Untracked 
|  69|0x0000000084500000, 0x0000000084600000, 0x0000000084600000|100%|HS|  |TAMS 0x0000000084500000| PB 0x0000000084500000| Complete 
|  70|0x0000000084600000, 0x0000000084700000, 0x0000000084700000|100%| O|  |TAMS 0x0000000084600000| PB 0x0000000084600000| Untracked 
|  71|0x0000000084700000, 0x0000000084800000, 0x0000000084800000|100%|HS|  |TAMS 0x0000000084700000| PB 0x0000000084700000| Complete 
|  72|0x0000000084800000, 0x0000000084900000, 0x0000000084900000|100%|HC|  |TAMS 0x0000000084800000| PB 0x0000000084800000| Complete 
|  73|0x0000000084900000, 0x0000000084a00000, 0x0000000084a00000|100%|HC|  |TAMS 0x0000000084900000| PB 0x0000000084900000| Complete 
|  74|0x0000000084a00000, 0x0000000084b00000, 0x0000000084b00000|100%| O|  |TAMS 0x0000000084a00000| PB 0x0000000084a00000| Untracked 
|  75|0x0000000084b00000, 0x0000000084c00000, 0x0000000084c00000|100%| O|  |TAMS 0x0000000084b00000| PB 0x0000000084b00000| Untracked 
|  76|0x0000000084c00000, 0x0000000084d00000, 0x0000000084d00000|100%| O|  |TAMS 0x0000000084c00000| PB 0x0000000084c00000| Untracked 
|  77|0x0000000084d00000, 0x0000000084e00000, 0x0000000084e00000|100%| O|  |TAMS 0x0000000084d00000| PB 0x0000000084d00000| Untracked 
|  78|0x0000000084e00000, 0x0000000084f00000, 0x0000000084f00000|100%| O|  |TAMS 0x0000000084e00000| PB 0x0000000084e00000| Untracked 
|  79|0x0000000084f00000, 0x0000000085000000, 0x0000000085000000|100%| O|  |TAMS 0x0000000084f00000| PB 0x0000000084f00000| Untracked 
|  80|0x0000000085000000, 0x0000000085100000, 0x0000000085100000|100%| O|  |TAMS 0x0000000085000000| PB 0x0000000085000000| Untracked 
|  81|0x0000000085100000, 0x0000000085200000, 0x0000000085200000|100%| O|  |TAMS 0x0000000085100000| PB 0x0000000085100000| Untracked 
|  82|0x0000000085200000, 0x0000000085300000, 0x0000000085300000|100%| O|  |TAMS 0x0000000085200000| PB 0x0000000085200000| Untracked 
|  83|0x0000000085300000, 0x0000000085400000, 0x0000000085400000|100%| O|  |TAMS 0x0000000085300000| PB 0x0000000085300000| Untracked 
|  84|0x0000000085400000, 0x0000000085500000, 0x0000000085500000|100%| O|  |TAMS 0x0000000085400000| PB 0x0000000085400000| Untracked 
|  85|0x0000000085500000, 0x0000000085600000, 0x0000000085600000|100%| O|  |TAMS 0x0000000085500000| PB 0x0000000085500000| Untracked 
|  86|0x0000000085600000, 0x0000000085700000, 0x0000000085700000|100%| O|  |TAMS 0x0000000085600000| PB 0x0000000085600000| Untracked 
|  87|0x0000000085700000, 0x0000000085800000, 0x0000000085800000|100%| O|  |TAMS 0x0000000085700000| PB 0x0000000085700000| Untracked 
|  88|0x0000000085800000, 0x0000000085900000, 0x0000000085900000|100%| O|  |TAMS 0x0000000085800000| PB 0x0000000085800000| Untracked 
|  89|0x0000000085900000, 0x0000000085a00000, 0x0000000085a00000|100%| O|  |TAMS 0x0000000085900000| PB 0x0000000085900000| Untracked 
|  90|0x0000000085a00000, 0x0000000085b00000, 0x0000000085b00000|100%| O|  |TAMS 0x0000000085a00000| PB 0x0000000085a00000| Untracked 
|  91|0x0000000085b00000, 0x0000000085c00000, 0x0000000085c00000|100%| O|  |TAMS 0x0000000085b00000| PB 0x0000000085b00000| Untracked 
|  92|0x0000000085c00000, 0x0000000085d00000, 0x0000000085d00000|100%| O|  |TAMS 0x0000000085c00000| PB 0x0000000085c00000| Untracked 
|  93|0x0000000085d00000, 0x0000000085e00000, 0x0000000085e00000|100%| O|  |TAMS 0x0000000085d00000| PB 0x0000000085d00000| Untracked 
|  94|0x0000000085e00000, 0x0000000085f00000, 0x0000000085f00000|100%| O|  |TAMS 0x0000000085e00000| PB 0x0000000085e00000| Untracked 
|  95|0x0000000085f00000, 0x0000000086000000, 0x0000000086000000|100%| O|  |TAMS 0x0000000085f00000| PB 0x0000000085f00000| Untracked 
|  96|0x0000000086000000, 0x0000000086100000, 0x0000000086100000|100%| O|  |TAMS 0x0000000086000000| PB 0x0000000086000000| Untracked 
|  97|0x0000000086100000, 0x0000000086200000, 0x0000000086200000|100%| O|  |TAMS 0x0000000086100000| PB 0x0000000086100000| Untracked 
|  98|0x0000000086200000, 0x0000000086300000, 0x0000000086300000|100%| O|  |TAMS 0x0000000086200000| PB 0x0000000086200000| Untracked 
|  99|0x0000000086300000, 0x0000000086400000, 0x0000000086400000|100%| O|  |TAMS 0x0000000086300000| PB 0x0000000086300000| Untracked 
| 100|0x0000000086400000, 0x0000000086500000, 0x0000000086500000|100%| O|  |TAMS 0x0000000086400000| PB 0x0000000086400000| Untracked 
| 101|0x0000000086500000, 0x0000000086600000, 0x0000000086600000|100%| O|  |TAMS 0x0000000086500000| PB 0x0000000086500000| Untracked 
| 102|0x0000000086600000, 0x0000000086700000, 0x0000000086700000|100%| O|  |TAMS 0x0000000086600000| PB 0x0000000086600000| Untracked 
| 103|0x0000000086700000, 0x0000000086800000, 0x0000000086800000|100%| O|  |TAMS 0x0000000086700000| PB 0x0000000086700000| Untracked 
| 104|0x0000000086800000, 0x0000000086900000, 0x0000000086900000|100%| O|  |TAMS 0x0000000086800000| PB 0x0000000086800000| Untracked 
| 105|0x0000000086900000, 0x0000000086a00000, 0x0000000086a00000|100%| O|  |TAMS 0x0000000086900000| PB 0x0000000086900000| Untracked 
| 106|0x0000000086a00000, 0x0000000086b00000, 0x0000000086b00000|100%| O|  |TAMS 0x0000000086a00000| PB 0x0000000086a00000| Untracked 
| 107|0x0000000086b00000, 0x0000000086c00000, 0x0000000086c00000|100%| O|  |TAMS 0x0000000086b00000| PB 0x0000000086b00000| Untracked 
| 108|0x0000000086c00000, 0x0000000086d00000, 0x0000000086d00000|100%| O|  |TAMS 0x0000000086c00000| PB 0x0000000086c00000| Untracked 
| 109|0x0000000086d00000, 0x0000000086e00000, 0x0000000086e00000|100%| O|  |TAMS 0x0000000086d00000| PB 0x0000000086d00000| Untracked 
| 110|0x0000000086e00000, 0x0000000086f00000, 0x0000000086f00000|100%| O|  |TAMS 0x0000000086e00000| PB 0x0000000086e00000| Untracked 
| 111|0x0000000086f00000, 0x0000000087000000, 0x0000000087000000|100%| O|  |TAMS 0x0000000086f00000| PB 0x0000000086f00000| Untracked 
| 112|0x0000000087000000, 0x0000000087100000, 0x0000000087100000|100%| O|  |TAMS 0x0000000087000000| PB 0x0000000087000000| Untracked 
| 113|0x0000000087100000, 0x0000000087200000, 0x0000000087200000|100%|HS|  |TAMS 0x0000000087100000| PB 0x0000000087100000| Complete 
| 114|0x0000000087200000, 0x0000000087300000, 0x0000000087300000|100%| O|  |TAMS 0x0000000087200000| PB 0x0000000087200000| Untracked 
| 115|0x0000000087300000, 0x0000000087400000, 0x0000000087400000|100%| O|  |TAMS 0x0000000087300000| PB 0x0000000087300000| Untracked 
| 116|0x0000000087400000, 0x0000000087500000, 0x0000000087500000|100%| O|  |TAMS 0x0000000087400000| PB 0x0000000087400000| Untracked 
| 117|0x0000000087500000, 0x0000000087600000, 0x0000000087600000|100%| O|  |TAMS 0x0000000087500000| PB 0x0000000087500000| Untracked 
| 118|0x0000000087600000, 0x0000000087700000, 0x0000000087700000|100%| O|  |TAMS 0x0000000087600000| PB 0x0000000087600000| Untracked 
| 119|0x0000000087700000, 0x0000000087800000, 0x0000000087800000|100%| O|  |TAMS 0x0000000087700000| PB 0x0000000087700000| Untracked 
| 120|0x0000000087800000, 0x0000000087900000, 0x0000000087900000|100%| O|  |TAMS 0x0000000087800000| PB 0x0000000087800000| Untracked 
| 121|0x0000000087900000, 0x0000000087a00000, 0x0000000087a00000|100%| O|  |TAMS 0x0000000087900000| PB 0x0000000087900000| Untracked 
| 122|0x0000000087a00000, 0x0000000087b00000, 0x0000000087b00000|100%| O|  |TAMS 0x0000000087a00000| PB 0x0000000087a00000| Untracked 
| 123|0x0000000087b00000, 0x0000000087c00000, 0x0000000087c00000|100%| O|  |TAMS 0x0000000087b00000| PB 0x0000000087b00000| Untracked 
| 124|0x0000000087c00000, 0x0000000087d00000, 0x0000000087d00000|100%| O|  |TAMS 0x0000000087c00000| PB 0x0000000087c00000| Untracked 
| 125|0x0000000087d00000, 0x0000000087e00000, 0x0000000087e00000|100%| O|Cm|TAMS 0x0000000087d00000| PB 0x0000000087d00000| Complete 
| 126|0x0000000087e00000, 0x0000000087f00000, 0x0000000087f00000|100%| O|  |TAMS 0x0000000087e00000| PB 0x0000000087e00000| Untracked 
| 127|0x0000000087f00000, 0x0000000088000000, 0x0000000088000000|100%| O|  |TAMS 0x0000000087f00000| PB 0x0000000087f00000| Untracked 
| 128|0x0000000088000000, 0x0000000088100000, 0x0000000088100000|100%| O|  |TAMS 0x0000000088000000| PB 0x0000000088000000| Untracked 
| 129|0x0000000088100000, 0x0000000088200000, 0x0000000088200000|100%| O|Cm|TAMS 0x0000000088100000| PB 0x0000000088100000| Complete 
| 130|0x0000000088200000, 0x0000000088300000, 0x0000000088300000|100%| O|  |TAMS 0x0000000088200000| PB 0x0000000088200000| Untracked 
| 131|0x0000000088300000, 0x0000000088400000, 0x0000000088400000|100%| O|  |TAMS 0x0000000088300000| PB 0x0000000088300000| Untracked 
| 132|0x0000000088400000, 0x0000000088500000, 0x0000000088500000|100%| O|  |TAMS 0x0000000088400000| PB 0x0000000088400000| Untracked 
| 133|0x0000000088500000, 0x0000000088600000, 0x0000000088600000|100%| O|  |TAMS 0x0000000088500000| PB 0x0000000088500000| Untracked 
| 134|0x0000000088600000, 0x0000000088700000, 0x0000000088700000|100%| O|  |TAMS 0x0000000088600000| PB 0x0000000088600000| Untracked 
| 135|0x0000000088700000, 0x0000000088800000, 0x0000000088800000|100%| O|  |TAMS 0x0000000088700000| PB 0x0000000088700000| Untracked 
| 136|0x0000000088800000, 0x0000000088900000, 0x0000000088900000|100%| O|  |TAMS 0x0000000088800000| PB 0x0000000088800000| Untracked 
| 137|0x0000000088900000, 0x0000000088a00000, 0x0000000088a00000|100%| O|  |TAMS 0x0000000088900000| PB 0x0000000088900000| Untracked 
| 138|0x0000000088a00000, 0x0000000088b00000, 0x0000000088b00000|100%| O|  |TAMS 0x0000000088a00000| PB 0x0000000088a00000| Untracked 
| 139|0x0000000088b00000, 0x0000000088c00000, 0x0000000088c00000|100%| O|  |TAMS 0x0000000088b00000| PB 0x0000000088b00000| Untracked 
| 140|0x0000000088c00000, 0x0000000088d00000, 0x0000000088d00000|100%| O|  |TAMS 0x0000000088c00000| PB 0x0000000088c00000| Untracked 
| 141|0x0000000088d00000, 0x0000000088e00000, 0x0000000088e00000|100%| O|  |TAMS 0x0000000088d00000| PB 0x0000000088d00000| Untracked 
| 142|0x0000000088e00000, 0x0000000088f00000, 0x0000000088f00000|100%| O|  |TAMS 0x0000000088e00000| PB 0x0000000088e00000| Untracked 
| 143|0x0000000088f00000, 0x0000000089000000, 0x0000000089000000|100%| O|  |TAMS 0x0000000088f00000| PB 0x0000000088f00000| Untracked 
| 144|0x0000000089000000, 0x0000000089100000, 0x0000000089100000|100%| O|  |TAMS 0x0000000089000000| PB 0x0000000089000000| Untracked 
| 145|0x0000000089100000, 0x0000000089200000, 0x0000000089200000|100%| O|  |TAMS 0x0000000089100000| PB 0x0000000089100000| Untracked 
| 146|0x0000000089200000, 0x0000000089300000, 0x0000000089300000|100%| O|  |TAMS 0x0000000089200000| PB 0x0000000089200000| Untracked 
| 147|0x0000000089300000, 0x0000000089400000, 0x0000000089400000|100%| O|  |TAMS 0x0000000089300000| PB 0x0000000089300000| Untracked 
| 148|0x0000000089400000, 0x0000000089500000, 0x0000000089500000|100%| O|  |TAMS 0x0000000089400000| PB 0x0000000089400000| Untracked 
| 149|0x0000000089500000, 0x0000000089600000, 0x0000000089600000|100%| O|  |TAMS 0x0000000089500000| PB 0x0000000089500000| Untracked 
| 150|0x0000000089600000, 0x0000000089700000, 0x0000000089700000|100%| O|  |TAMS 0x0000000089600000| PB 0x0000000089600000| Untracked 
| 151|0x0000000089700000, 0x0000000089800000, 0x0000000089800000|100%| O|  |TAMS 0x0000000089700000| PB 0x0000000089700000| Untracked 
| 152|0x0000000089800000, 0x0000000089900000, 0x0000000089900000|100%| O|Cm|TAMS 0x0000000089800000| PB 0x0000000089800000| Complete 
| 153|0x0000000089900000, 0x0000000089a00000, 0x0000000089a00000|100%| O|  |TAMS 0x0000000089900000| PB 0x0000000089900000| Untracked 
| 154|0x0000000089a00000, 0x0000000089b00000, 0x0000000089b00000|100%| O|  |TAMS 0x0000000089a00000| PB 0x0000000089a00000| Untracked 
| 155|0x0000000089b00000, 0x0000000089c00000, 0x0000000089c00000|100%| O|  |TAMS 0x0000000089b00000| PB 0x0000000089b00000| Untracked 
| 156|0x0000000089c00000, 0x0000000089d00000, 0x0000000089d00000|100%| O|  |TAMS 0x0000000089c00000| PB 0x0000000089c00000| Untracked 
| 157|0x0000000089d00000, 0x0000000089e00000, 0x0000000089e00000|100%| O|  |TAMS 0x0000000089d00000| PB 0x0000000089d00000| Untracked 
| 158|0x0000000089e00000, 0x0000000089f00000, 0x0000000089f00000|100%| O|  |TAMS 0x0000000089e00000| PB 0x0000000089e00000| Untracked 
| 159|0x0000000089f00000, 0x000000008a000000, 0x000000008a000000|100%| O|Cm|TAMS 0x0000000089f00000| PB 0x0000000089f00000| Complete 
| 160|0x000000008a000000, 0x000000008a100000, 0x000000008a100000|100%| O|Cm|TAMS 0x000000008a000000| PB 0x000000008a000000| Complete 
| 161|0x000000008a100000, 0x000000008a200000, 0x000000008a200000|100%| O|  |TAMS 0x000000008a100000| PB 0x000000008a100000| Untracked 
| 162|0x000000008a200000, 0x000000008a300000, 0x000000008a300000|100%| O|  |TAMS 0x000000008a200000| PB 0x000000008a200000| Untracked 
| 163|0x000000008a300000, 0x000000008a400000, 0x000000008a400000|100%| O|Cm|TAMS 0x000000008a300000| PB 0x000000008a300000| Complete 
| 164|0x000000008a400000, 0x000000008a500000, 0x000000008a500000|100%| O|Cm|TAMS 0x000000008a400000| PB 0x000000008a400000| Complete 
| 165|0x000000008a500000, 0x000000008a600000, 0x000000008a600000|100%| O|  |TAMS 0x000000008a500000| PB 0x000000008a500000| Untracked 
| 166|0x000000008a600000, 0x000000008a700000, 0x000000008a700000|100%| O|  |TAMS 0x000000008a600000| PB 0x000000008a600000| Untracked 
| 167|0x000000008a700000, 0x000000008a800000, 0x000000008a800000|100%| O|Cm|TAMS 0x000000008a700000| PB 0x000000008a700000| Complete 
| 168|0x000000008a800000, 0x000000008a900000, 0x000000008a900000|100%| O|  |TAMS 0x000000008a800000| PB 0x000000008a800000| Untracked 
| 169|0x000000008a900000, 0x000000008aa00000, 0x000000008aa00000|100%| O|  |TAMS 0x000000008a900000| PB 0x000000008a900000| Untracked 
| 170|0x000000008aa00000, 0x000000008ab00000, 0x000000008ab00000|100%| O|  |TAMS 0x000000008aa00000| PB 0x000000008aa00000| Untracked 
| 171|0x000000008ab00000, 0x000000008ac00000, 0x000000008ac00000|100%| O|  |TAMS 0x000000008ab00000| PB 0x000000008ab00000| Untracked 
| 172|0x000000008ac00000, 0x000000008ad00000, 0x000000008ad00000|100%| O|  |TAMS 0x000000008ac00000| PB 0x000000008ac00000| Untracked 
| 173|0x000000008ad00000, 0x000000008ae00000, 0x000000008ae00000|100%| O|  |TAMS 0x000000008ad00000| PB 0x000000008ad00000| Untracked 
| 174|0x000000008ae00000, 0x000000008af00000, 0x000000008af00000|100%| O|  |TAMS 0x000000008ae00000| PB 0x000000008ae00000| Untracked 
| 175|0x000000008af00000, 0x000000008b000000, 0x000000008b000000|100%| O|  |TAMS 0x000000008af00000| PB 0x000000008af00000| Untracked 
| 176|0x000000008b000000, 0x000000008b100000, 0x000000008b100000|100%| O|  |TAMS 0x000000008b000000| PB 0x000000008b000000| Untracked 
| 177|0x000000008b100000, 0x000000008b200000, 0x000000008b200000|100%| O|  |TAMS 0x000000008b100000| PB 0x000000008b100000| Untracked 
| 178|0x000000008b200000, 0x000000008b300000, 0x000000008b300000|100%| O|  |TAMS 0x000000008b200000| PB 0x000000008b200000| Untracked 
| 179|0x000000008b300000, 0x000000008b400000, 0x000000008b400000|100%| O|  |TAMS 0x000000008b300000| PB 0x000000008b300000| Untracked 
| 180|0x000000008b400000, 0x000000008b4e6c00, 0x000000008b500000| 90%| O|  |TAMS 0x000000008b400000| PB 0x000000008b400000| Untracked 
| 181|0x000000008b500000, 0x000000008b600000, 0x000000008b600000|100%|HS|  |TAMS 0x000000008b500000| PB 0x000000008b500000| Complete 
| 182|0x000000008b600000, 0x000000008b600000, 0x000000008b700000|  0%| F|  |TAMS 0x000000008b600000| PB 0x000000008b600000| Untracked 
| 183|0x000000008b700000, 0x000000008b700000, 0x000000008b800000|  0%| F|  |TAMS 0x000000008b700000| PB 0x000000008b700000| Untracked 
| 184|0x000000008b800000, 0x000000008b800000, 0x000000008b900000|  0%| F|  |TAMS 0x000000008b800000| PB 0x000000008b800000| Untracked 
| 185|0x000000008b900000, 0x000000008b900000, 0x000000008ba00000|  0%| F|  |TAMS 0x000000008b900000| PB 0x000000008b900000| Untracked 
| 186|0x000000008ba00000, 0x000000008ba00000, 0x000000008bb00000|  0%| F|  |TAMS 0x000000008ba00000| PB 0x000000008ba00000| Untracked 
| 187|0x000000008bb00000, 0x000000008bc00000, 0x000000008bc00000|100%| O|Cm|TAMS 0x000000008bb00000| PB 0x000000008bb00000| Complete 
| 188|0x000000008bc00000, 0x000000008bd00000, 0x000000008bd00000|100%| O|Cm|TAMS 0x000000008bc00000| PB 0x000000008bc00000| Complete 
| 189|0x000000008bd00000, 0x000000008bd00000, 0x000000008be00000|  0%| F|  |TAMS 0x000000008bd00000| PB 0x000000008bd00000| Untracked 
| 190|0x000000008be00000, 0x000000008be00000, 0x000000008bf00000|  0%| F|  |TAMS 0x000000008be00000| PB 0x000000008be00000| Untracked 
| 191|0x000000008bf00000, 0x000000008c000000, 0x000000008c000000|100%| O|  |TAMS 0x000000008bf00000| PB 0x000000008bf00000| Untracked 
| 192|0x000000008c000000, 0x000000008c000000, 0x000000008c100000|  0%| F|  |TAMS 0x000000008c000000| PB 0x000000008c000000| Untracked 
| 193|0x000000008c100000, 0x000000008c100000, 0x000000008c200000|  0%| F|  |TAMS 0x000000008c100000| PB 0x000000008c100000| Untracked 
| 194|0x000000008c200000, 0x000000008c300000, 0x000000008c300000|100%| O|  |TAMS 0x000000008c200000| PB 0x000000008c200000| Untracked 
| 195|0x000000008c300000, 0x000000008c300000, 0x000000008c400000|  0%| F|  |TAMS 0x000000008c300000| PB 0x000000008c300000| Untracked 
| 196|0x000000008c400000, 0x000000008c400000, 0x000000008c500000|  0%| F|  |TAMS 0x000000008c400000| PB 0x000000008c400000| Untracked 
| 197|0x000000008c500000, 0x000000008c600000, 0x000000008c600000|100%| O|  |TAMS 0x000000008c500000| PB 0x000000008c500000| Untracked 
| 198|0x000000008c600000, 0x000000008c700000, 0x000000008c700000|100%| O|  |TAMS 0x000000008c600000| PB 0x000000008c600000| Untracked 
| 199|0x000000008c700000, 0x000000008c700000, 0x000000008c800000|  0%| F|  |TAMS 0x000000008c700000| PB 0x000000008c700000| Untracked 
| 200|0x000000008c800000, 0x000000008c800000, 0x000000008c900000|  0%| F|  |TAMS 0x000000008c800000| PB 0x000000008c800000| Untracked 
| 201|0x000000008c900000, 0x000000008ca00000, 0x000000008ca00000|100%| O|  |TAMS 0x000000008c900000| PB 0x000000008c900000| Untracked 
| 202|0x000000008ca00000, 0x000000008ca00000, 0x000000008cb00000|  0%| F|  |TAMS 0x000000008ca00000| PB 0x000000008ca00000| Untracked 
| 203|0x000000008cb00000, 0x000000008cb00000, 0x000000008cc00000|  0%| F|  |TAMS 0x000000008cb00000| PB 0x000000008cb00000| Untracked 
| 204|0x000000008cc00000, 0x000000008cc00000, 0x000000008cd00000|  0%| F|  |TAMS 0x000000008cc00000| PB 0x000000008cc00000| Untracked 
| 205|0x000000008cd00000, 0x000000008cd00000, 0x000000008ce00000|  0%| F|  |TAMS 0x000000008cd00000| PB 0x000000008cd00000| Untracked 
| 206|0x000000008ce00000, 0x000000008ce00000, 0x000000008cf00000|  0%| F|  |TAMS 0x000000008ce00000| PB 0x000000008ce00000| Untracked 
| 207|0x000000008cf00000, 0x000000008cf00000, 0x000000008d000000|  0%| F|  |TAMS 0x000000008cf00000| PB 0x000000008cf00000| Untracked 
| 208|0x000000008d000000, 0x000000008d100000, 0x000000008d100000|100%| O|  |TAMS 0x000000008d000000| PB 0x000000008d000000| Untracked 
| 209|0x000000008d100000, 0x000000008d100000, 0x000000008d200000|  0%| F|  |TAMS 0x000000008d100000| PB 0x000000008d100000| Untracked 
| 210|0x000000008d200000, 0x000000008d200000, 0x000000008d300000|  0%| F|  |TAMS 0x000000008d200000| PB 0x000000008d200000| Untracked 
| 211|0x000000008d300000, 0x000000008d300000, 0x000000008d400000|  0%| F|  |TAMS 0x000000008d300000| PB 0x000000008d300000| Untracked 
| 212|0x000000008d400000, 0x000000008d500000, 0x000000008d500000|100%| O|  |TAMS 0x000000008d400000| PB 0x000000008d400000| Untracked 
| 213|0x000000008d500000, 0x000000008d500000, 0x000000008d600000|  0%| F|  |TAMS 0x000000008d500000| PB 0x000000008d500000| Untracked 
| 214|0x000000008d600000, 0x000000008d600000, 0x000000008d700000|  0%| F|  |TAMS 0x000000008d600000| PB 0x000000008d600000| Untracked 
| 215|0x000000008d700000, 0x000000008d700000, 0x000000008d800000|  0%| F|  |TAMS 0x000000008d700000| PB 0x000000008d700000| Untracked 
| 216|0x000000008d800000, 0x000000008d800000, 0x000000008d900000|  0%| F|  |TAMS 0x000000008d800000| PB 0x000000008d800000| Untracked 
| 217|0x000000008d900000, 0x000000008d900000, 0x000000008da00000|  0%| F|  |TAMS 0x000000008d900000| PB 0x000000008d900000| Untracked 
| 218|0x000000008da00000, 0x000000008da00000, 0x000000008db00000|  0%| F|  |TAMS 0x000000008da00000| PB 0x000000008da00000| Untracked 
| 219|0x000000008db00000, 0x000000008db00000, 0x000000008dc00000|  0%| F|  |TAMS 0x000000008db00000| PB 0x000000008db00000| Untracked 
| 220|0x000000008dc00000, 0x000000008dc00000, 0x000000008dd00000|  0%| F|  |TAMS 0x000000008dc00000| PB 0x000000008dc00000| Untracked 
| 221|0x000000008dd00000, 0x000000008dd00000, 0x000000008de00000|  0%| F|  |TAMS 0x000000008dd00000| PB 0x000000008dd00000| Untracked 
| 222|0x000000008de00000, 0x000000008df00000, 0x000000008df00000|100%| O|  |TAMS 0x000000008de00000| PB 0x000000008de00000| Untracked 
| 223|0x000000008df00000, 0x000000008df00000, 0x000000008e000000|  0%| F|  |TAMS 0x000000008df00000| PB 0x000000008df00000| Untracked 
| 224|0x000000008e000000, 0x000000008e100000, 0x000000008e100000|100%| O|Cm|TAMS 0x000000008e000000| PB 0x000000008e000000| Complete 
| 225|0x000000008e100000, 0x000000008e100000, 0x000000008e200000|  0%| F|  |TAMS 0x000000008e100000| PB 0x000000008e100000| Untracked 
| 226|0x000000008e200000, 0x000000008e200000, 0x000000008e300000|  0%| F|  |TAMS 0x000000008e200000| PB 0x000000008e200000| Untracked 
| 227|0x000000008e300000, 0x000000008e300000, 0x000000008e400000|  0%| F|  |TAMS 0x000000008e300000| PB 0x000000008e300000| Untracked 
| 228|0x000000008e400000, 0x000000008e400000, 0x000000008e500000|  0%| F|  |TAMS 0x000000008e400000| PB 0x000000008e400000| Untracked 
| 229|0x000000008e500000, 0x000000008e500000, 0x000000008e600000|  0%| F|  |TAMS 0x000000008e500000| PB 0x000000008e500000| Untracked 
| 230|0x000000008e600000, 0x000000008e600000, 0x000000008e700000|  0%| F|  |TAMS 0x000000008e600000| PB 0x000000008e600000| Untracked 
| 231|0x000000008e700000, 0x000000008e700000, 0x000000008e800000|  0%| F|  |TAMS 0x000000008e700000| PB 0x000000008e700000| Untracked 
| 232|0x000000008e800000, 0x000000008e900000, 0x000000008e900000|100%| O|Cm|TAMS 0x000000008e800000| PB 0x000000008e800000| Complete 
| 233|0x000000008e900000, 0x000000008e900000, 0x000000008ea00000|  0%| F|  |TAMS 0x000000008e900000| PB 0x000000008e900000| Untracked 
| 234|0x000000008ea00000, 0x000000008ea00000, 0x000000008eb00000|  0%| F|  |TAMS 0x000000008ea00000| PB 0x000000008ea00000| Untracked 
| 235|0x000000008eb00000, 0x000000008ec00000, 0x000000008ec00000|100%| O|  |TAMS 0x000000008eb00000| PB 0x000000008eb00000| Untracked 
| 236|0x000000008ec00000, 0x000000008ec00000, 0x000000008ed00000|  0%| F|  |TAMS 0x000000008ec00000| PB 0x000000008ec00000| Untracked 
| 237|0x000000008ed00000, 0x000000008ed00000, 0x000000008ee00000|  0%| F|  |TAMS 0x000000008ed00000| PB 0x000000008ed00000| Untracked 
| 238|0x000000008ee00000, 0x000000008ee00000, 0x000000008ef00000|  0%| F|  |TAMS 0x000000008ee00000| PB 0x000000008ee00000| Untracked 
| 239|0x000000008ef00000, 0x000000008ef00000, 0x000000008f000000|  0%| F|  |TAMS 0x000000008ef00000| PB 0x000000008ef00000| Untracked 
| 240|0x000000008f000000, 0x000000008f000000, 0x000000008f100000|  0%| F|  |TAMS 0x000000008f000000| PB 0x000000008f000000| Untracked 
| 241|0x000000008f100000, 0x000000008f100000, 0x000000008f200000|  0%| F|  |TAMS 0x000000008f100000| PB 0x000000008f100000| Untracked 
| 242|0x000000008f200000, 0x000000008f200000, 0x000000008f300000|  0%| F|  |TAMS 0x000000008f200000| PB 0x000000008f200000| Untracked 
| 243|0x000000008f300000, 0x000000008f300000, 0x000000008f400000|  0%| F|  |TAMS 0x000000008f300000| PB 0x000000008f300000| Untracked 
| 244|0x000000008f400000, 0x000000008f400000, 0x000000008f500000|  0%| F|  |TAMS 0x000000008f400000| PB 0x000000008f400000| Untracked 
| 245|0x000000008f500000, 0x000000008f500000, 0x000000008f600000|  0%| F|  |TAMS 0x000000008f500000| PB 0x000000008f500000| Untracked 
| 246|0x000000008f600000, 0x000000008f600000, 0x000000008f700000|  0%| F|  |TAMS 0x000000008f600000| PB 0x000000008f600000| Untracked 
| 247|0x000000008f700000, 0x000000008f700000, 0x000000008f800000|  0%| F|  |TAMS 0x000000008f700000| PB 0x000000008f700000| Untracked 
| 248|0x000000008f800000, 0x000000008f800000, 0x000000008f900000|  0%| F|  |TAMS 0x000000008f800000| PB 0x000000008f800000| Untracked 
| 249|0x000000008f900000, 0x000000008f900000, 0x000000008fa00000|  0%| F|  |TAMS 0x000000008f900000| PB 0x000000008f900000| Untracked 
| 250|0x000000008fa00000, 0x000000008fa00000, 0x000000008fb00000|  0%| F|  |TAMS 0x000000008fa00000| PB 0x000000008fa00000| Untracked 
| 251|0x000000008fb00000, 0x000000008fb00000, 0x000000008fc00000|  0%| F|  |TAMS 0x000000008fb00000| PB 0x000000008fb00000| Untracked 
| 252|0x000000008fc00000, 0x000000008fd00000, 0x000000008fd00000|100%| O|Cm|TAMS 0x000000008fc00000| PB 0x000000008fc00000| Complete 
| 253|0x000000008fd00000, 0x000000008fd00000, 0x000000008fe00000|  0%| F|  |TAMS 0x000000008fd00000| PB 0x000000008fd00000| Untracked 
| 254|0x000000008fe00000, 0x000000008fe00000, 0x000000008ff00000|  0%| F|  |TAMS 0x000000008fe00000| PB 0x000000008fe00000| Untracked 
| 255|0x000000008ff00000, 0x0000000090000000, 0x0000000090000000|100%| O|  |TAMS 0x000000008ff00000| PB 0x000000008ff00000| Untracked 
| 256|0x0000000090000000, 0x0000000090000000, 0x0000000090100000|  0%| F|  |TAMS 0x0000000090000000| PB 0x0000000090000000| Untracked 
| 257|0x0000000090100000, 0x0000000090100000, 0x0000000090200000|  0%| F|  |TAMS 0x0000000090100000| PB 0x0000000090100000| Untracked 
| 258|0x0000000090200000, 0x0000000090200000, 0x0000000090300000|  0%| F|  |TAMS 0x0000000090200000| PB 0x0000000090200000| Untracked 
| 259|0x0000000090300000, 0x0000000090300000, 0x0000000090400000|  0%| F|  |TAMS 0x0000000090300000| PB 0x0000000090300000| Untracked 
| 260|0x0000000090400000, 0x0000000090400000, 0x0000000090500000|  0%| F|  |TAMS 0x0000000090400000| PB 0x0000000090400000| Untracked 
| 261|0x0000000090500000, 0x0000000090500000, 0x0000000090600000|  0%| F|  |TAMS 0x0000000090500000| PB 0x0000000090500000| Untracked 
| 262|0x0000000090600000, 0x0000000090600000, 0x0000000090700000|  0%| F|  |TAMS 0x0000000090600000| PB 0x0000000090600000| Untracked 
| 263|0x0000000090700000, 0x0000000090700000, 0x0000000090800000|  0%| F|  |TAMS 0x0000000090700000| PB 0x0000000090700000| Untracked 
| 264|0x0000000090800000, 0x0000000090800000, 0x0000000090900000|  0%| F|  |TAMS 0x0000000090800000| PB 0x0000000090800000| Untracked 
| 265|0x0000000090900000, 0x0000000090a00000, 0x0000000090a00000|100%| O|  |TAMS 0x0000000090900000| PB 0x0000000090900000| Untracked 
| 266|0x0000000090a00000, 0x0000000090a00000, 0x0000000090b00000|  0%| F|  |TAMS 0x0000000090a00000| PB 0x0000000090a00000| Untracked 
| 267|0x0000000090b00000, 0x0000000090b00000, 0x0000000090c00000|  0%| F|  |TAMS 0x0000000090b00000| PB 0x0000000090b00000| Untracked 
| 268|0x0000000090c00000, 0x0000000090c00000, 0x0000000090d00000|  0%| F|  |TAMS 0x0000000090c00000| PB 0x0000000090c00000| Untracked 
| 269|0x0000000090d00000, 0x0000000090d00000, 0x0000000090e00000|  0%| F|  |TAMS 0x0000000090d00000| PB 0x0000000090d00000| Untracked 
| 270|0x0000000090e00000, 0x0000000090e00000, 0x0000000090f00000|  0%| F|  |TAMS 0x0000000090e00000| PB 0x0000000090e00000| Untracked 
| 271|0x0000000090f00000, 0x0000000090f00000, 0x0000000091000000|  0%| F|  |TAMS 0x0000000090f00000| PB 0x0000000090f00000| Untracked 
| 272|0x0000000091000000, 0x0000000091000000, 0x0000000091100000|  0%| F|  |TAMS 0x0000000091000000| PB 0x0000000091000000| Untracked 
| 273|0x0000000091100000, 0x0000000091100000, 0x0000000091200000|  0%| F|  |TAMS 0x0000000091100000| PB 0x0000000091100000| Untracked 
| 274|0x0000000091200000, 0x0000000091200000, 0x0000000091300000|  0%| F|  |TAMS 0x0000000091200000| PB 0x0000000091200000| Untracked 
| 275|0x0000000091300000, 0x0000000091400000, 0x0000000091400000|100%| O|  |TAMS 0x0000000091300000| PB 0x0000000091300000| Untracked 
| 276|0x0000000091400000, 0x0000000091400000, 0x0000000091500000|  0%| F|  |TAMS 0x0000000091400000| PB 0x0000000091400000| Untracked 
| 277|0x0000000091500000, 0x0000000091500000, 0x0000000091600000|  0%| F|  |TAMS 0x0000000091500000| PB 0x0000000091500000| Untracked 
| 278|0x0000000091600000, 0x0000000091600000, 0x0000000091700000|  0%| F|  |TAMS 0x0000000091600000| PB 0x0000000091600000| Untracked 
| 279|0x0000000091700000, 0x0000000091700000, 0x0000000091800000|  0%| F|  |TAMS 0x0000000091700000| PB 0x0000000091700000| Untracked 
| 280|0x0000000091800000, 0x00000000918d9920, 0x0000000091900000| 84%| S|CS|TAMS 0x0000000091800000| PB 0x0000000091800000| Complete 
| 281|0x0000000091900000, 0x0000000091a00000, 0x0000000091a00000|100%| S|CS|TAMS 0x0000000091900000| PB 0x0000000091900000| Complete 
| 282|0x0000000091a00000, 0x0000000091b00000, 0x0000000091b00000|100%| S|CS|TAMS 0x0000000091a00000| PB 0x0000000091a00000| Complete 
| 283|0x0000000091b00000, 0x0000000091c00000, 0x0000000091c00000|100%| S|CS|TAMS 0x0000000091b00000| PB 0x0000000091b00000| Complete 
| 284|0x0000000091c00000, 0x0000000091d00000, 0x0000000091d00000|100%| S|CS|TAMS 0x0000000091c00000| PB 0x0000000091c00000| Complete 
| 285|0x0000000091d00000, 0x0000000091e00000, 0x0000000091e00000|100%| S|CS|TAMS 0x0000000091d00000| PB 0x0000000091d00000| Complete 
| 286|0x0000000091e00000, 0x0000000091f00000, 0x0000000091f00000|100%| S|CS|TAMS 0x0000000091e00000| PB 0x0000000091e00000| Complete 
| 287|0x0000000091f00000, 0x0000000092000000, 0x0000000092000000|100%| S|CS|TAMS 0x0000000091f00000| PB 0x0000000091f00000| Complete 
| 288|0x0000000092000000, 0x0000000092100000, 0x0000000092100000|100%| O|  |TAMS 0x0000000092000000| PB 0x0000000092000000| Untracked 
| 289|0x0000000092100000, 0x0000000092200000, 0x0000000092200000|100%| S|CS|TAMS 0x0000000092100000| PB 0x0000000092100000| Complete 
| 290|0x0000000092200000, 0x0000000092300000, 0x0000000092300000|100%| S|CS|TAMS 0x0000000092200000| PB 0x0000000092200000| Complete 
| 291|0x0000000092300000, 0x0000000092400000, 0x0000000092400000|100%| S|CS|TAMS 0x0000000092300000| PB 0x0000000092300000| Complete 
| 292|0x0000000092400000, 0x0000000092400000, 0x0000000092500000|  0%| F|  |TAMS 0x0000000092400000| PB 0x0000000092400000| Untracked 
| 293|0x0000000092500000, 0x0000000092600000, 0x0000000092600000|100%| O|  |TAMS 0x0000000092500000| PB 0x0000000092500000| Untracked 
| 294|0x0000000092600000, 0x0000000092600000, 0x0000000092700000|  0%| F|  |TAMS 0x0000000092600000| PB 0x0000000092600000| Untracked 
| 295|0x0000000092700000, 0x0000000092700000, 0x0000000092800000|  0%| F|  |TAMS 0x0000000092700000| PB 0x0000000092700000| Untracked 
| 296|0x0000000092800000, 0x0000000092800000, 0x0000000092900000|  0%| F|  |TAMS 0x0000000092800000| PB 0x0000000092800000| Untracked 
| 297|0x0000000092900000, 0x0000000092900000, 0x0000000092a00000|  0%| F|  |TAMS 0x0000000092900000| PB 0x0000000092900000| Untracked 
| 298|0x0000000092a00000, 0x0000000092a00000, 0x0000000092b00000|  0%| F|  |TAMS 0x0000000092a00000| PB 0x0000000092a00000| Untracked 
| 299|0x0000000092b00000, 0x0000000092b00000, 0x0000000092c00000|  0%| F|  |TAMS 0x0000000092b00000| PB 0x0000000092b00000| Untracked 
| 300|0x0000000092c00000, 0x0000000092d00000, 0x0000000092d00000|100%| O|  |TAMS 0x0000000092c00000| PB 0x0000000092c00000| Untracked 
| 301|0x0000000092d00000, 0x0000000092e00000, 0x0000000092e00000|100%| O|Cm|TAMS 0x0000000092d00000| PB 0x0000000092d00000| Complete 
| 302|0x0000000092e00000, 0x0000000092f00000, 0x0000000092f00000|100%| O|  |TAMS 0x0000000092e00000| PB 0x0000000092e00000| Untracked 
| 303|0x0000000092f00000, 0x0000000093000000, 0x0000000093000000|100%| O|Cm|TAMS 0x0000000092f00000| PB 0x0000000092f00000| Complete 
| 304|0x0000000093000000, 0x0000000093000000, 0x0000000093100000|  0%| F|  |TAMS 0x0000000093000000| PB 0x0000000093000000| Untracked 
| 305|0x0000000093100000, 0x0000000093100000, 0x0000000093200000|  0%| F|  |TAMS 0x0000000093100000| PB 0x0000000093100000| Untracked 
| 306|0x0000000093200000, 0x0000000093200000, 0x0000000093300000|  0%| F|  |TAMS 0x0000000093200000| PB 0x0000000093200000| Untracked 
| 307|0x0000000093300000, 0x0000000093300000, 0x0000000093400000|  0%| F|  |TAMS 0x0000000093300000| PB 0x0000000093300000| Untracked 
| 308|0x0000000093400000, 0x0000000093400000, 0x0000000093500000|  0%| F|  |TAMS 0x0000000093400000| PB 0x0000000093400000| Untracked 
| 309|0x0000000093500000, 0x0000000093600000, 0x0000000093600000|100%| O|  |TAMS 0x0000000093500000| PB 0x0000000093500000| Untracked 
| 310|0x0000000093600000, 0x0000000093600000, 0x0000000093700000|  0%| F|  |TAMS 0x0000000093600000| PB 0x0000000093600000| Untracked 
| 311|0x0000000093700000, 0x0000000093700000, 0x0000000093800000|  0%| F|  |TAMS 0x0000000093700000| PB 0x0000000093700000| Untracked 
| 312|0x0000000093800000, 0x0000000093800000, 0x0000000093900000|  0%| F|  |TAMS 0x0000000093800000| PB 0x0000000093800000| Untracked 
| 313|0x0000000093900000, 0x0000000093900000, 0x0000000093a00000|  0%| F|  |TAMS 0x0000000093900000| PB 0x0000000093900000| Untracked 
| 314|0x0000000093a00000, 0x0000000093a00000, 0x0000000093b00000|  0%| F|  |TAMS 0x0000000093a00000| PB 0x0000000093a00000| Untracked 
| 315|0x0000000093b00000, 0x0000000093b00000, 0x0000000093c00000|  0%| F|  |TAMS 0x0000000093b00000| PB 0x0000000093b00000| Untracked 
| 316|0x0000000093c00000, 0x0000000093c00000, 0x0000000093d00000|  0%| F|  |TAMS 0x0000000093c00000| PB 0x0000000093c00000| Untracked 
| 317|0x0000000093d00000, 0x0000000093d00000, 0x0000000093e00000|  0%| F|  |TAMS 0x0000000093d00000| PB 0x0000000093d00000| Untracked 
| 318|0x0000000093e00000, 0x0000000093e00000, 0x0000000093f00000|  0%| F|  |TAMS 0x0000000093e00000| PB 0x0000000093e00000| Untracked 
| 319|0x0000000093f00000, 0x0000000093f00000, 0x0000000094000000|  0%| F|  |TAMS 0x0000000093f00000| PB 0x0000000093f00000| Untracked 
| 320|0x0000000094000000, 0x0000000094100000, 0x0000000094100000|100%| O|Cm|TAMS 0x0000000094000000| PB 0x0000000094000000| Complete 
| 321|0x0000000094100000, 0x0000000094100000, 0x0000000094200000|  0%| F|  |TAMS 0x0000000094100000| PB 0x0000000094100000| Untracked 
| 322|0x0000000094200000, 0x0000000094200000, 0x0000000094300000|  0%| F|  |TAMS 0x0000000094200000| PB 0x0000000094200000| Untracked 
| 323|0x0000000094300000, 0x0000000094300000, 0x0000000094400000|  0%| F|  |TAMS 0x0000000094300000| PB 0x0000000094300000| Untracked 
| 324|0x0000000094400000, 0x0000000094400000, 0x0000000094500000|  0%| F|  |TAMS 0x0000000094400000| PB 0x0000000094400000| Untracked 
| 325|0x0000000094500000, 0x0000000094500000, 0x0000000094600000|  0%| F|  |TAMS 0x0000000094500000| PB 0x0000000094500000| Untracked 
| 326|0x0000000094600000, 0x0000000094600000, 0x0000000094700000|  0%| F|  |TAMS 0x0000000094600000| PB 0x0000000094600000| Untracked 
| 327|0x0000000094700000, 0x0000000094700000, 0x0000000094800000|  0%| F|  |TAMS 0x0000000094700000| PB 0x0000000094700000| Untracked 
| 328|0x0000000094800000, 0x0000000094800000, 0x0000000094900000|  0%| F|  |TAMS 0x0000000094800000| PB 0x0000000094800000| Untracked 
| 329|0x0000000094900000, 0x0000000094900000, 0x0000000094a00000|  0%| F|  |TAMS 0x0000000094900000| PB 0x0000000094900000| Untracked 
| 330|0x0000000094a00000, 0x0000000094b00000, 0x0000000094b00000|100%| O|Cm|TAMS 0x0000000094a00000| PB 0x0000000094a00000| Complete 
| 331|0x0000000094b00000, 0x0000000094b00000, 0x0000000094c00000|  0%| F|  |TAMS 0x0000000094b00000| PB 0x0000000094b00000| Untracked 
| 332|0x0000000094c00000, 0x0000000094d00000, 0x0000000094d00000|100%| O|Cm|TAMS 0x0000000094c00000| PB 0x0000000094c00000| Complete 
| 333|0x0000000094d00000, 0x0000000094d00000, 0x0000000094e00000|  0%| F|  |TAMS 0x0000000094d00000| PB 0x0000000094d00000| Untracked 
| 334|0x0000000094e00000, 0x0000000094e00000, 0x0000000094f00000|  0%| F|  |TAMS 0x0000000094e00000| PB 0x0000000094e00000| Untracked 
| 335|0x0000000094f00000, 0x0000000095000000, 0x0000000095000000|100%| O|Cm|TAMS 0x0000000094f00000| PB 0x0000000094f00000| Complete 
| 336|0x0000000095000000, 0x0000000095000000, 0x0000000095100000|  0%| F|  |TAMS 0x0000000095000000| PB 0x0000000095000000| Untracked 
| 337|0x0000000095100000, 0x0000000095200000, 0x0000000095200000|100%| O|Cm|TAMS 0x0000000095100000| PB 0x0000000095100000| Complete 
| 338|0x0000000095200000, 0x0000000095200000, 0x0000000095300000|  0%| F|  |TAMS 0x0000000095200000| PB 0x0000000095200000| Untracked 
| 339|0x0000000095300000, 0x0000000095300000, 0x0000000095400000|  0%| F|  |TAMS 0x0000000095300000| PB 0x0000000095300000| Untracked 
| 340|0x0000000095400000, 0x0000000095400000, 0x0000000095500000|  0%| F|  |TAMS 0x0000000095400000| PB 0x0000000095400000| Untracked 
| 341|0x0000000095500000, 0x0000000095500000, 0x0000000095600000|  0%| F|  |TAMS 0x0000000095500000| PB 0x0000000095500000| Untracked 
| 342|0x0000000095600000, 0x0000000095600000, 0x0000000095700000|  0%| F|  |TAMS 0x0000000095600000| PB 0x0000000095600000| Untracked 
| 343|0x0000000095700000, 0x0000000095700000, 0x0000000095800000|  0%| F|  |TAMS 0x0000000095700000| PB 0x0000000095700000| Untracked 
| 344|0x0000000095800000, 0x0000000095800000, 0x0000000095900000|  0%| F|  |TAMS 0x0000000095800000| PB 0x0000000095800000| Untracked 
| 345|0x0000000095900000, 0x0000000095a00000, 0x0000000095a00000|100%| O|Cm|TAMS 0x0000000095900000| PB 0x0000000095900000| Complete 
| 346|0x0000000095a00000, 0x0000000095a00000, 0x0000000095b00000|  0%| F|  |TAMS 0x0000000095a00000| PB 0x0000000095a00000| Untracked 
| 347|0x0000000095b00000, 0x0000000095b00000, 0x0000000095c00000|  0%| F|  |TAMS 0x0000000095b00000| PB 0x0000000095b00000| Untracked 
| 348|0x0000000095c00000, 0x0000000095c00000, 0x0000000095d00000|  0%| F|  |TAMS 0x0000000095c00000| PB 0x0000000095c00000| Untracked 
| 349|0x0000000095d00000, 0x0000000095d00000, 0x0000000095e00000|  0%| F|  |TAMS 0x0000000095d00000| PB 0x0000000095d00000| Untracked 
| 350|0x0000000095e00000, 0x0000000095e00000, 0x0000000095f00000|  0%| F|  |TAMS 0x0000000095e00000| PB 0x0000000095e00000| Untracked 
| 351|0x0000000095f00000, 0x0000000095f00000, 0x0000000096000000|  0%| F|  |TAMS 0x0000000095f00000| PB 0x0000000095f00000| Untracked 
| 352|0x0000000096000000, 0x0000000096000000, 0x0000000096100000|  0%| F|  |TAMS 0x0000000096000000| PB 0x0000000096000000| Untracked 
| 353|0x0000000096100000, 0x0000000096100000, 0x0000000096200000|  0%| F|  |TAMS 0x0000000096100000| PB 0x0000000096100000| Untracked 
| 354|0x0000000096200000, 0x0000000096200000, 0x0000000096300000|  0%| F|  |TAMS 0x0000000096200000| PB 0x0000000096200000| Untracked 
| 355|0x0000000096300000, 0x0000000096300000, 0x0000000096400000|  0%| F|  |TAMS 0x0000000096300000| PB 0x0000000096300000| Untracked 
| 356|0x0000000096400000, 0x0000000096400000, 0x0000000096500000|  0%| F|  |TAMS 0x0000000096400000| PB 0x0000000096400000| Untracked 
| 357|0x0000000096500000, 0x0000000096500000, 0x0000000096600000|  0%| F|  |TAMS 0x0000000096500000| PB 0x0000000096500000| Untracked 
| 358|0x0000000096600000, 0x0000000096600000, 0x0000000096700000|  0%| F|  |TAMS 0x0000000096600000| PB 0x0000000096600000| Untracked 
| 359|0x0000000096700000, 0x0000000096700000, 0x0000000096800000|  0%| F|  |TAMS 0x0000000096700000| PB 0x0000000096700000| Untracked 
| 360|0x0000000096800000, 0x0000000096800000, 0x0000000096900000|  0%| F|  |TAMS 0x0000000096800000| PB 0x0000000096800000| Untracked 
| 361|0x0000000096900000, 0x0000000096900000, 0x0000000096a00000|  0%| F|  |TAMS 0x0000000096900000| PB 0x0000000096900000| Untracked 
| 362|0x0000000096a00000, 0x0000000096a00000, 0x0000000096b00000|  0%| F|  |TAMS 0x0000000096a00000| PB 0x0000000096a00000| Untracked 
| 363|0x0000000096b00000, 0x0000000096b00000, 0x0000000096c00000|  0%| F|  |TAMS 0x0000000096b00000| PB 0x0000000096b00000| Untracked 
| 364|0x0000000096c00000, 0x0000000096c00000, 0x0000000096d00000|  0%| F|  |TAMS 0x0000000096c00000| PB 0x0000000096c00000| Untracked 
| 365|0x0000000096d00000, 0x0000000096d00000, 0x0000000096e00000|  0%| F|  |TAMS 0x0000000096d00000| PB 0x0000000096d00000| Untracked 
| 366|0x0000000096e00000, 0x0000000096e00000, 0x0000000096f00000|  0%| F|  |TAMS 0x0000000096e00000| PB 0x0000000096e00000| Untracked 
| 367|0x0000000096f00000, 0x0000000096f00000, 0x0000000097000000|  0%| F|  |TAMS 0x0000000096f00000| PB 0x0000000096f00000| Untracked 
| 368|0x0000000097000000, 0x0000000097000000, 0x0000000097100000|  0%| F|  |TAMS 0x0000000097000000| PB 0x0000000097000000| Untracked 
| 369|0x0000000097100000, 0x0000000097100000, 0x0000000097200000|  0%| F|  |TAMS 0x0000000097100000| PB 0x0000000097100000| Untracked 
| 370|0x0000000097200000, 0x0000000097200000, 0x0000000097300000|  0%| F|  |TAMS 0x0000000097200000| PB 0x0000000097200000| Untracked 
| 371|0x0000000097300000, 0x0000000097300000, 0x0000000097400000|  0%| F|  |TAMS 0x0000000097300000| PB 0x0000000097300000| Untracked 
| 372|0x0000000097400000, 0x0000000097400000, 0x0000000097500000|  0%| F|  |TAMS 0x0000000097400000| PB 0x0000000097400000| Untracked 
| 373|0x0000000097500000, 0x0000000097500000, 0x0000000097600000|  0%| F|  |TAMS 0x0000000097500000| PB 0x0000000097500000| Untracked 
| 374|0x0000000097600000, 0x0000000097600000, 0x0000000097700000|  0%| F|  |TAMS 0x0000000097600000| PB 0x0000000097600000| Untracked 
| 375|0x0000000097700000, 0x0000000097700000, 0x0000000097800000|  0%| F|  |TAMS 0x0000000097700000| PB 0x0000000097700000| Untracked 
| 376|0x0000000097800000, 0x0000000097800000, 0x0000000097900000|  0%| F|  |TAMS 0x0000000097800000| PB 0x0000000097800000| Untracked 
| 377|0x0000000097900000, 0x0000000097900000, 0x0000000097a00000|  0%| F|  |TAMS 0x0000000097900000| PB 0x0000000097900000| Untracked 
| 378|0x0000000097a00000, 0x0000000097a00000, 0x0000000097b00000|  0%| F|  |TAMS 0x0000000097a00000| PB 0x0000000097a00000| Untracked 
| 379|0x0000000097b00000, 0x0000000097b00000, 0x0000000097c00000|  0%| F|  |TAMS 0x0000000097b00000| PB 0x0000000097b00000| Untracked 
| 380|0x0000000097c00000, 0x0000000097c00000, 0x0000000097d00000|  0%| F|  |TAMS 0x0000000097c00000| PB 0x0000000097c00000| Untracked 
| 381|0x0000000097d00000, 0x0000000097d00000, 0x0000000097e00000|  0%| F|  |TAMS 0x0000000097d00000| PB 0x0000000097d00000| Untracked 
| 382|0x0000000097e00000, 0x0000000097e00000, 0x0000000097f00000|  0%| F|  |TAMS 0x0000000097e00000| PB 0x0000000097e00000| Untracked 
| 383|0x0000000097f00000, 0x0000000097f00000, 0x0000000098000000|  0%| F|  |TAMS 0x0000000097f00000| PB 0x0000000097f00000| Untracked 
| 384|0x0000000098000000, 0x0000000098000000, 0x0000000098100000|  0%| F|  |TAMS 0x0000000098000000| PB 0x0000000098000000| Untracked 
| 385|0x0000000098100000, 0x0000000098100000, 0x0000000098200000|  0%| F|  |TAMS 0x0000000098100000| PB 0x0000000098100000| Untracked 
| 386|0x0000000098200000, 0x0000000098200000, 0x0000000098300000|  0%| F|  |TAMS 0x0000000098200000| PB 0x0000000098200000| Untracked 
| 387|0x0000000098300000, 0x0000000098300000, 0x0000000098400000|  0%| F|  |TAMS 0x0000000098300000| PB 0x0000000098300000| Untracked 
| 388|0x0000000098400000, 0x0000000098400000, 0x0000000098500000|  0%| F|  |TAMS 0x0000000098400000| PB 0x0000000098400000| Untracked 
| 389|0x0000000098500000, 0x0000000098500000, 0x0000000098600000|  0%| F|  |TAMS 0x0000000098500000| PB 0x0000000098500000| Untracked 
| 390|0x0000000098600000, 0x0000000098700000, 0x0000000098700000|100%| O|  |TAMS 0x0000000098600000| PB 0x0000000098600000| Untracked 
| 391|0x0000000098700000, 0x0000000098700000, 0x0000000098800000|  0%| F|  |TAMS 0x0000000098700000| PB 0x0000000098700000| Untracked 
| 392|0x0000000098800000, 0x0000000098800000, 0x0000000098900000|  0%| F|  |TAMS 0x0000000098800000| PB 0x0000000098800000| Untracked 
| 393|0x0000000098900000, 0x0000000098900000, 0x0000000098a00000|  0%| F|  |TAMS 0x0000000098900000| PB 0x0000000098900000| Untracked 
| 394|0x0000000098a00000, 0x0000000098a00000, 0x0000000098b00000|  0%| F|  |TAMS 0x0000000098a00000| PB 0x0000000098a00000| Untracked 
| 395|0x0000000098b00000, 0x0000000098b00000, 0x0000000098c00000|  0%| F|  |TAMS 0x0000000098b00000| PB 0x0000000098b00000| Untracked 
| 396|0x0000000098c00000, 0x0000000098c00000, 0x0000000098d00000|  0%| F|  |TAMS 0x0000000098c00000| PB 0x0000000098c00000| Untracked 
| 397|0x0000000098d00000, 0x0000000098d00000, 0x0000000098e00000|  0%| F|  |TAMS 0x0000000098d00000| PB 0x0000000098d00000| Untracked 
| 398|0x0000000098e00000, 0x0000000098e00000, 0x0000000098f00000|  0%| F|  |TAMS 0x0000000098e00000| PB 0x0000000098e00000| Untracked 
| 399|0x0000000098f00000, 0x0000000098f00000, 0x0000000099000000|  0%| F|  |TAMS 0x0000000098f00000| PB 0x0000000098f00000| Untracked 
| 400|0x0000000099000000, 0x0000000099000000, 0x0000000099100000|  0%| F|  |TAMS 0x0000000099000000| PB 0x0000000099000000| Untracked 
| 401|0x0000000099100000, 0x0000000099100000, 0x0000000099200000|  0%| F|  |TAMS 0x0000000099100000| PB 0x0000000099100000| Untracked 
| 402|0x0000000099200000, 0x0000000099200000, 0x0000000099300000|  0%| F|  |TAMS 0x0000000099200000| PB 0x0000000099200000| Untracked 
| 403|0x0000000099300000, 0x0000000099300000, 0x0000000099400000|  0%| F|  |TAMS 0x0000000099300000| PB 0x0000000099300000| Untracked 
| 404|0x0000000099400000, 0x0000000099400000, 0x0000000099500000|  0%| F|  |TAMS 0x0000000099400000| PB 0x0000000099400000| Untracked 
| 405|0x0000000099500000, 0x0000000099500000, 0x0000000099600000|  0%| F|  |TAMS 0x0000000099500000| PB 0x0000000099500000| Untracked 
| 406|0x0000000099600000, 0x0000000099600000, 0x0000000099700000|  0%| F|  |TAMS 0x0000000099600000| PB 0x0000000099600000| Untracked 
| 407|0x0000000099700000, 0x0000000099700000, 0x0000000099800000|  0%| F|  |TAMS 0x0000000099700000| PB 0x0000000099700000| Untracked 
| 408|0x0000000099800000, 0x0000000099800000, 0x0000000099900000|  0%| F|  |TAMS 0x0000000099800000| PB 0x0000000099800000| Untracked 
| 409|0x0000000099900000, 0x0000000099900000, 0x0000000099a00000|  0%| F|  |TAMS 0x0000000099900000| PB 0x0000000099900000| Untracked 
| 410|0x0000000099a00000, 0x0000000099a00000, 0x0000000099b00000|  0%| F|  |TAMS 0x0000000099a00000| PB 0x0000000099a00000| Untracked 
| 411|0x0000000099b00000, 0x0000000099b00000, 0x0000000099c00000|  0%| F|  |TAMS 0x0000000099b00000| PB 0x0000000099b00000| Untracked 
| 412|0x0000000099c00000, 0x0000000099c00000, 0x0000000099d00000|  0%| F|  |TAMS 0x0000000099c00000| PB 0x0000000099c00000| Untracked 
| 413|0x0000000099d00000, 0x0000000099d00000, 0x0000000099e00000|  0%| F|  |TAMS 0x0000000099d00000| PB 0x0000000099d00000| Untracked 
| 414|0x0000000099e00000, 0x0000000099e00000, 0x0000000099f00000|  0%| F|  |TAMS 0x0000000099e00000| PB 0x0000000099e00000| Untracked 
| 415|0x0000000099f00000, 0x0000000099f00000, 0x000000009a000000|  0%| F|  |TAMS 0x0000000099f00000| PB 0x0000000099f00000| Untracked 
| 416|0x000000009a000000, 0x000000009a000000, 0x000000009a100000|  0%| F|  |TAMS 0x000000009a000000| PB 0x000000009a000000| Untracked 
| 417|0x000000009a100000, 0x000000009a100000, 0x000000009a200000|  0%| F|  |TAMS 0x000000009a100000| PB 0x000000009a100000| Untracked 
| 418|0x000000009a200000, 0x000000009a200000, 0x000000009a300000|  0%| F|  |TAMS 0x000000009a200000| PB 0x000000009a200000| Untracked 
| 419|0x000000009a300000, 0x000000009a300000, 0x000000009a400000|  0%| F|  |TAMS 0x000000009a300000| PB 0x000000009a300000| Untracked 
| 420|0x000000009a400000, 0x000000009a400000, 0x000000009a500000|  0%| F|  |TAMS 0x000000009a400000| PB 0x000000009a400000| Untracked 
| 421|0x000000009a500000, 0x000000009a500000, 0x000000009a600000|  0%| F|  |TAMS 0x000000009a500000| PB 0x000000009a500000| Untracked 
| 422|0x000000009a600000, 0x000000009a600000, 0x000000009a700000|  0%| F|  |TAMS 0x000000009a600000| PB 0x000000009a600000| Untracked 
| 423|0x000000009a700000, 0x000000009a700000, 0x000000009a800000|  0%| F|  |TAMS 0x000000009a700000| PB 0x000000009a700000| Untracked 
| 424|0x000000009a800000, 0x000000009a800000, 0x000000009a900000|  0%| F|  |TAMS 0x000000009a800000| PB 0x000000009a800000| Untracked 
| 425|0x000000009a900000, 0x000000009a900000, 0x000000009aa00000|  0%| F|  |TAMS 0x000000009a900000| PB 0x000000009a900000| Untracked 
| 426|0x000000009aa00000, 0x000000009aa00000, 0x000000009ab00000|  0%| F|  |TAMS 0x000000009aa00000| PB 0x000000009aa00000| Untracked 
| 427|0x000000009ab00000, 0x000000009ab00000, 0x000000009ac00000|  0%| F|  |TAMS 0x000000009ab00000| PB 0x000000009ab00000| Untracked 
| 428|0x000000009ac00000, 0x000000009ac00000, 0x000000009ad00000|  0%| F|  |TAMS 0x000000009ac00000| PB 0x000000009ac00000| Untracked 
| 429|0x000000009ad00000, 0x000000009ad00000, 0x000000009ae00000|  0%| F|  |TAMS 0x000000009ad00000| PB 0x000000009ad00000| Untracked 
| 430|0x000000009ae00000, 0x000000009ae00000, 0x000000009af00000|  0%| F|  |TAMS 0x000000009ae00000| PB 0x000000009ae00000| Untracked 
| 431|0x000000009af00000, 0x000000009af00000, 0x000000009b000000|  0%| F|  |TAMS 0x000000009af00000| PB 0x000000009af00000| Untracked 
| 432|0x000000009b000000, 0x000000009b000000, 0x000000009b100000|  0%| F|  |TAMS 0x000000009b000000| PB 0x000000009b000000| Untracked 
| 433|0x000000009b100000, 0x000000009b100000, 0x000000009b200000|  0%| F|  |TAMS 0x000000009b100000| PB 0x000000009b100000| Untracked 
| 434|0x000000009b200000, 0x000000009b200000, 0x000000009b300000|  0%| F|  |TAMS 0x000000009b200000| PB 0x000000009b200000| Untracked 
| 435|0x000000009b300000, 0x000000009b300000, 0x000000009b400000|  0%| F|  |TAMS 0x000000009b300000| PB 0x000000009b300000| Untracked 
| 436|0x000000009b400000, 0x000000009b400000, 0x000000009b500000|  0%| F|  |TAMS 0x000000009b400000| PB 0x000000009b400000| Untracked 
| 437|0x000000009b500000, 0x000000009b500000, 0x000000009b600000|  0%| F|  |TAMS 0x000000009b500000| PB 0x000000009b500000| Untracked 
| 438|0x000000009b600000, 0x000000009b600000, 0x000000009b700000|  0%| F|  |TAMS 0x000000009b600000| PB 0x000000009b600000| Untracked 
| 439|0x000000009b700000, 0x000000009b700000, 0x000000009b800000|  0%| F|  |TAMS 0x000000009b700000| PB 0x000000009b700000| Untracked 
| 440|0x000000009b800000, 0x000000009b800000, 0x000000009b900000|  0%| F|  |TAMS 0x000000009b800000| PB 0x000000009b800000| Untracked 
| 441|0x000000009b900000, 0x000000009b900000, 0x000000009ba00000|  0%| F|  |TAMS 0x000000009b900000| PB 0x000000009b900000| Untracked 
| 442|0x000000009ba00000, 0x000000009ba00000, 0x000000009bb00000|  0%| F|  |TAMS 0x000000009ba00000| PB 0x000000009ba00000| Untracked 
| 443|0x000000009bb00000, 0x000000009bb00000, 0x000000009bc00000|  0%| F|  |TAMS 0x000000009bb00000| PB 0x000000009bb00000| Untracked 
| 444|0x000000009bc00000, 0x000000009bc00000, 0x000000009bd00000|  0%| F|  |TAMS 0x000000009bc00000| PB 0x000000009bc00000| Untracked 
| 445|0x000000009bd00000, 0x000000009bd00000, 0x000000009be00000|  0%| F|  |TAMS 0x000000009bd00000| PB 0x000000009bd00000| Untracked 
| 446|0x000000009be00000, 0x000000009be00000, 0x000000009bf00000|  0%| F|  |TAMS 0x000000009be00000| PB 0x000000009be00000| Untracked 
| 447|0x000000009bf00000, 0x000000009bf00000, 0x000000009c000000|  0%| F|  |TAMS 0x000000009bf00000| PB 0x000000009bf00000| Untracked 
| 448|0x000000009c000000, 0x000000009c000000, 0x000000009c100000|  0%| F|  |TAMS 0x000000009c000000| PB 0x000000009c000000| Untracked 
| 449|0x000000009c100000, 0x000000009c100000, 0x000000009c200000|  0%| F|  |TAMS 0x000000009c100000| PB 0x000000009c100000| Untracked 
| 450|0x000000009c200000, 0x000000009c200000, 0x000000009c300000|  0%| F|  |TAMS 0x000000009c200000| PB 0x000000009c200000| Untracked 
| 451|0x000000009c300000, 0x000000009c300000, 0x000000009c400000|  0%| F|  |TAMS 0x000000009c300000| PB 0x000000009c300000| Untracked 
| 452|0x000000009c400000, 0x000000009c400000, 0x000000009c500000|  0%| F|  |TAMS 0x000000009c400000| PB 0x000000009c400000| Untracked 
| 453|0x000000009c500000, 0x000000009c500000, 0x000000009c600000|  0%| F|  |TAMS 0x000000009c500000| PB 0x000000009c500000| Untracked 
| 454|0x000000009c600000, 0x000000009c600000, 0x000000009c700000|  0%| F|  |TAMS 0x000000009c600000| PB 0x000000009c600000| Untracked 
| 455|0x000000009c700000, 0x000000009c700000, 0x000000009c800000|  0%| F|  |TAMS 0x000000009c700000| PB 0x000000009c700000| Untracked 
| 456|0x000000009c800000, 0x000000009c800000, 0x000000009c900000|  0%| F|  |TAMS 0x000000009c800000| PB 0x000000009c800000| Untracked 
| 457|0x000000009c900000, 0x000000009c900000, 0x000000009ca00000|  0%| F|  |TAMS 0x000000009c900000| PB 0x000000009c900000| Untracked 
| 458|0x000000009ca00000, 0x000000009ca00000, 0x000000009cb00000|  0%| F|  |TAMS 0x000000009ca00000| PB 0x000000009ca00000| Untracked 
| 459|0x000000009cb00000, 0x000000009cb00000, 0x000000009cc00000|  0%| F|  |TAMS 0x000000009cb00000| PB 0x000000009cb00000| Untracked 
| 460|0x000000009cc00000, 0x000000009cc00000, 0x000000009cd00000|  0%| F|  |TAMS 0x000000009cc00000| PB 0x000000009cc00000| Untracked 
| 461|0x000000009cd00000, 0x000000009cd00000, 0x000000009ce00000|  0%| F|  |TAMS 0x000000009cd00000| PB 0x000000009cd00000| Untracked 
| 462|0x000000009ce00000, 0x000000009ce00000, 0x000000009cf00000|  0%| F|  |TAMS 0x000000009ce00000| PB 0x000000009ce00000| Untracked 
| 463|0x000000009cf00000, 0x000000009cf00000, 0x000000009d000000|  0%| F|  |TAMS 0x000000009cf00000| PB 0x000000009cf00000| Untracked 
| 464|0x000000009d000000, 0x000000009d000000, 0x000000009d100000|  0%| F|  |TAMS 0x000000009d000000| PB 0x000000009d000000| Untracked 
| 465|0x000000009d100000, 0x000000009d100000, 0x000000009d200000|  0%| F|  |TAMS 0x000000009d100000| PB 0x000000009d100000| Untracked 
| 466|0x000000009d200000, 0x000000009d200000, 0x000000009d300000|  0%| F|  |TAMS 0x000000009d200000| PB 0x000000009d200000| Untracked 
| 467|0x000000009d300000, 0x000000009d300000, 0x000000009d400000|  0%| F|  |TAMS 0x000000009d300000| PB 0x000000009d300000| Untracked 
| 468|0x000000009d400000, 0x000000009d400000, 0x000000009d500000|  0%| F|  |TAMS 0x000000009d400000| PB 0x000000009d400000| Untracked 
| 469|0x000000009d500000, 0x000000009d500000, 0x000000009d600000|  0%| F|  |TAMS 0x000000009d500000| PB 0x000000009d500000| Untracked 
| 470|0x000000009d600000, 0x000000009d600000, 0x000000009d700000|  0%| F|  |TAMS 0x000000009d600000| PB 0x000000009d600000| Untracked 
| 471|0x000000009d700000, 0x000000009d700000, 0x000000009d800000|  0%| F|  |TAMS 0x000000009d700000| PB 0x000000009d700000| Untracked 
| 472|0x000000009d800000, 0x000000009d800000, 0x000000009d900000|  0%| F|  |TAMS 0x000000009d800000| PB 0x000000009d800000| Untracked 
| 473|0x000000009d900000, 0x000000009d900000, 0x000000009da00000|  0%| F|  |TAMS 0x000000009d900000| PB 0x000000009d900000| Untracked 
| 474|0x000000009da00000, 0x000000009da00000, 0x000000009db00000|  0%| F|  |TAMS 0x000000009da00000| PB 0x000000009da00000| Untracked 
| 475|0x000000009db00000, 0x000000009db00000, 0x000000009dc00000|  0%| F|  |TAMS 0x000000009db00000| PB 0x000000009db00000| Untracked 
| 476|0x000000009dc00000, 0x000000009dc00000, 0x000000009dd00000|  0%| F|  |TAMS 0x000000009dc00000| PB 0x000000009dc00000| Untracked 
| 477|0x000000009dd00000, 0x000000009dd00000, 0x000000009de00000|  0%| F|  |TAMS 0x000000009dd00000| PB 0x000000009dd00000| Untracked 
| 478|0x000000009de00000, 0x000000009de00000, 0x000000009df00000|  0%| F|  |TAMS 0x000000009de00000| PB 0x000000009de00000| Untracked 
| 479|0x000000009df00000, 0x000000009df00000, 0x000000009e000000|  0%| F|  |TAMS 0x000000009df00000| PB 0x000000009df00000| Untracked 
| 480|0x000000009e000000, 0x000000009e000000, 0x000000009e100000|  0%| F|  |TAMS 0x000000009e000000| PB 0x000000009e000000| Untracked 
| 481|0x000000009e100000, 0x000000009e100000, 0x000000009e200000|  0%| F|  |TAMS 0x000000009e100000| PB 0x000000009e100000| Untracked 
| 482|0x000000009e200000, 0x000000009e200000, 0x000000009e300000|  0%| F|  |TAMS 0x000000009e200000| PB 0x000000009e200000| Untracked 
| 483|0x000000009e300000, 0x000000009e300000, 0x000000009e400000|  0%| F|  |TAMS 0x000000009e300000| PB 0x000000009e300000| Untracked 
| 484|0x000000009e400000, 0x000000009e400000, 0x000000009e500000|  0%| F|  |TAMS 0x000000009e400000| PB 0x000000009e400000| Untracked 
| 485|0x000000009e500000, 0x000000009e500000, 0x000000009e600000|  0%| F|  |TAMS 0x000000009e500000| PB 0x000000009e500000| Untracked 
| 486|0x000000009e600000, 0x000000009e600000, 0x000000009e700000|  0%| F|  |TAMS 0x000000009e600000| PB 0x000000009e600000| Untracked 
| 487|0x000000009e700000, 0x000000009e700000, 0x000000009e800000|  0%| F|  |TAMS 0x000000009e700000| PB 0x000000009e700000| Untracked 
| 488|0x000000009e800000, 0x000000009e800000, 0x000000009e900000|  0%| F|  |TAMS 0x000000009e800000| PB 0x000000009e800000| Untracked 
| 489|0x000000009e900000, 0x000000009e900000, 0x000000009ea00000|  0%| F|  |TAMS 0x000000009e900000| PB 0x000000009e900000| Untracked 
| 490|0x000000009ea00000, 0x000000009ea00000, 0x000000009eb00000|  0%| F|  |TAMS 0x000000009ea00000| PB 0x000000009ea00000| Untracked 
| 491|0x000000009eb00000, 0x000000009eb00000, 0x000000009ec00000|  0%| F|  |TAMS 0x000000009eb00000| PB 0x000000009eb00000| Untracked 
| 492|0x000000009ec00000, 0x000000009ec00000, 0x000000009ed00000|  0%| F|  |TAMS 0x000000009ec00000| PB 0x000000009ec00000| Untracked 
| 493|0x000000009ed00000, 0x000000009ed00000, 0x000000009ee00000|  0%| F|  |TAMS 0x000000009ed00000| PB 0x000000009ed00000| Untracked 
| 494|0x000000009ee00000, 0x000000009ee00000, 0x000000009ef00000|  0%| F|  |TAMS 0x000000009ee00000| PB 0x000000009ee00000| Untracked 
| 495|0x000000009ef00000, 0x000000009ef00000, 0x000000009f000000|  0%| F|  |TAMS 0x000000009ef00000| PB 0x000000009ef00000| Untracked 
| 496|0x000000009f000000, 0x000000009f000000, 0x000000009f100000|  0%| F|  |TAMS 0x000000009f000000| PB 0x000000009f000000| Untracked 
| 497|0x000000009f100000, 0x000000009f100000, 0x000000009f200000|  0%| F|  |TAMS 0x000000009f100000| PB 0x000000009f100000| Untracked 
| 498|0x000000009f200000, 0x000000009f200000, 0x000000009f300000|  0%| F|  |TAMS 0x000000009f200000| PB 0x000000009f200000| Untracked 
| 499|0x000000009f300000, 0x000000009f300000, 0x000000009f400000|  0%| F|  |TAMS 0x000000009f300000| PB 0x000000009f300000| Untracked 
| 500|0x000000009f400000, 0x000000009f400000, 0x000000009f500000|  0%| F|  |TAMS 0x000000009f400000| PB 0x000000009f400000| Untracked 
| 501|0x000000009f500000, 0x000000009f500000, 0x000000009f600000|  0%| F|  |TAMS 0x000000009f500000| PB 0x000000009f500000| Untracked 
| 502|0x000000009f600000, 0x000000009f600000, 0x000000009f700000|  0%| F|  |TAMS 0x000000009f600000| PB 0x000000009f600000| Untracked 
| 503|0x000000009f700000, 0x000000009f700000, 0x000000009f800000|  0%| F|  |TAMS 0x000000009f700000| PB 0x000000009f700000| Untracked 
| 504|0x000000009f800000, 0x000000009f800000, 0x000000009f900000|  0%| F|  |TAMS 0x000000009f800000| PB 0x000000009f800000| Untracked 
| 505|0x000000009f900000, 0x000000009f900000, 0x000000009fa00000|  0%| F|  |TAMS 0x000000009f900000| PB 0x000000009f900000| Untracked 
| 506|0x000000009fa00000, 0x000000009fa00000, 0x000000009fb00000|  0%| F|  |TAMS 0x000000009fa00000| PB 0x000000009fa00000| Untracked 
| 507|0x000000009fb00000, 0x000000009fb00000, 0x000000009fc00000|  0%| F|  |TAMS 0x000000009fb00000| PB 0x000000009fb00000| Untracked 
| 508|0x000000009fc00000, 0x000000009fc00000, 0x000000009fd00000|  0%| F|  |TAMS 0x000000009fc00000| PB 0x000000009fc00000| Untracked 
| 509|0x000000009fd00000, 0x000000009fd00000, 0x000000009fe00000|  0%| F|  |TAMS 0x000000009fd00000| PB 0x000000009fd00000| Untracked 
| 510|0x000000009fe00000, 0x000000009fe00000, 0x000000009ff00000|  0%| F|  |TAMS 0x000000009fe00000| PB 0x000000009fe00000| Untracked 
| 511|0x000000009ff00000, 0x000000009ff00000, 0x00000000a0000000|  0%| F|  |TAMS 0x000000009ff00000| PB 0x000000009ff00000| Untracked 
| 512|0x00000000a0000000, 0x00000000a0000000, 0x00000000a0100000|  0%| F|  |TAMS 0x00000000a0000000| PB 0x00000000a0000000| Untracked 
| 513|0x00000000a0100000, 0x00000000a0100000, 0x00000000a0200000|  0%| F|  |TAMS 0x00000000a0100000| PB 0x00000000a0100000| Untracked 
| 514|0x00000000a0200000, 0x00000000a0200000, 0x00000000a0300000|  0%| F|  |TAMS 0x00000000a0200000| PB 0x00000000a0200000| Untracked 
| 515|0x00000000a0300000, 0x00000000a0300000, 0x00000000a0400000|  0%| F|  |TAMS 0x00000000a0300000| PB 0x00000000a0300000| Untracked 
| 516|0x00000000a0400000, 0x00000000a0400000, 0x00000000a0500000|  0%| F|  |TAMS 0x00000000a0400000| PB 0x00000000a0400000| Untracked 
| 517|0x00000000a0500000, 0x00000000a0500000, 0x00000000a0600000|  0%| F|  |TAMS 0x00000000a0500000| PB 0x00000000a0500000| Untracked 
| 518|0x00000000a0600000, 0x00000000a0600000, 0x00000000a0700000|  0%| F|  |TAMS 0x00000000a0600000| PB 0x00000000a0600000| Untracked 
| 519|0x00000000a0700000, 0x00000000a0700000, 0x00000000a0800000|  0%| F|  |TAMS 0x00000000a0700000| PB 0x00000000a0700000| Untracked 
| 520|0x00000000a0800000, 0x00000000a0800000, 0x00000000a0900000|  0%| F|  |TAMS 0x00000000a0800000| PB 0x00000000a0800000| Untracked 
| 521|0x00000000a0900000, 0x00000000a0900000, 0x00000000a0a00000|  0%| F|  |TAMS 0x00000000a0900000| PB 0x00000000a0900000| Untracked 
| 522|0x00000000a0a00000, 0x00000000a0a00000, 0x00000000a0b00000|  0%| F|  |TAMS 0x00000000a0a00000| PB 0x00000000a0a00000| Untracked 
| 523|0x00000000a0b00000, 0x00000000a0b00000, 0x00000000a0c00000|  0%| F|  |TAMS 0x00000000a0b00000| PB 0x00000000a0b00000| Untracked 
| 524|0x00000000a0c00000, 0x00000000a0c00000, 0x00000000a0d00000|  0%| F|  |TAMS 0x00000000a0c00000| PB 0x00000000a0c00000| Untracked 
| 525|0x00000000a0d00000, 0x00000000a0d00000, 0x00000000a0e00000|  0%| F|  |TAMS 0x00000000a0d00000| PB 0x00000000a0d00000| Untracked 
| 526|0x00000000a0e00000, 0x00000000a0e00000, 0x00000000a0f00000|  0%| F|  |TAMS 0x00000000a0e00000| PB 0x00000000a0e00000| Untracked 
| 527|0x00000000a0f00000, 0x00000000a0f00000, 0x00000000a1000000|  0%| F|  |TAMS 0x00000000a0f00000| PB 0x00000000a0f00000| Untracked 
| 528|0x00000000a1000000, 0x00000000a1000000, 0x00000000a1100000|  0%| F|  |TAMS 0x00000000a1000000| PB 0x00000000a1000000| Untracked 
| 529|0x00000000a1100000, 0x00000000a1100000, 0x00000000a1200000|  0%| F|  |TAMS 0x00000000a1100000| PB 0x00000000a1100000| Untracked 
| 530|0x00000000a1200000, 0x00000000a1200000, 0x00000000a1300000|  0%| F|  |TAMS 0x00000000a1200000| PB 0x00000000a1200000| Untracked 
| 531|0x00000000a1300000, 0x00000000a1300000, 0x00000000a1400000|  0%| F|  |TAMS 0x00000000a1300000| PB 0x00000000a1300000| Untracked 
| 532|0x00000000a1400000, 0x00000000a1400000, 0x00000000a1500000|  0%| F|  |TAMS 0x00000000a1400000| PB 0x00000000a1400000| Untracked 
| 533|0x00000000a1500000, 0x00000000a1500000, 0x00000000a1600000|  0%| F|  |TAMS 0x00000000a1500000| PB 0x00000000a1500000| Untracked 
| 534|0x00000000a1600000, 0x00000000a1600000, 0x00000000a1700000|  0%| F|  |TAMS 0x00000000a1600000| PB 0x00000000a1600000| Untracked 
| 535|0x00000000a1700000, 0x00000000a1700000, 0x00000000a1800000|  0%| F|  |TAMS 0x00000000a1700000| PB 0x00000000a1700000| Untracked 
| 536|0x00000000a1800000, 0x00000000a1800000, 0x00000000a1900000|  0%| F|  |TAMS 0x00000000a1800000| PB 0x00000000a1800000| Untracked 
| 537|0x00000000a1900000, 0x00000000a1900000, 0x00000000a1a00000|  0%| F|  |TAMS 0x00000000a1900000| PB 0x00000000a1900000| Untracked 
| 538|0x00000000a1a00000, 0x00000000a1a00000, 0x00000000a1b00000|  0%| F|  |TAMS 0x00000000a1a00000| PB 0x00000000a1a00000| Untracked 
| 539|0x00000000a1b00000, 0x00000000a1b00000, 0x00000000a1c00000|  0%| F|  |TAMS 0x00000000a1b00000| PB 0x00000000a1b00000| Untracked 
| 540|0x00000000a1c00000, 0x00000000a1c00000, 0x00000000a1d00000|  0%| F|  |TAMS 0x00000000a1c00000| PB 0x00000000a1c00000| Untracked 
| 541|0x00000000a1d00000, 0x00000000a1d00000, 0x00000000a1e00000|  0%| F|  |TAMS 0x00000000a1d00000| PB 0x00000000a1d00000| Untracked 
| 542|0x00000000a1e00000, 0x00000000a1e00000, 0x00000000a1f00000|  0%| F|  |TAMS 0x00000000a1e00000| PB 0x00000000a1e00000| Untracked 
| 543|0x00000000a1f00000, 0x00000000a1f00000, 0x00000000a2000000|  0%| F|  |TAMS 0x00000000a1f00000| PB 0x00000000a1f00000| Untracked 
| 544|0x00000000a2000000, 0x00000000a2000000, 0x00000000a2100000|  0%| F|  |TAMS 0x00000000a2000000| PB 0x00000000a2000000| Untracked 
| 545|0x00000000a2100000, 0x00000000a2100000, 0x00000000a2200000|  0%| F|  |TAMS 0x00000000a2100000| PB 0x00000000a2100000| Untracked 
| 546|0x00000000a2200000, 0x00000000a2200000, 0x00000000a2300000|  0%| F|  |TAMS 0x00000000a2200000| PB 0x00000000a2200000| Untracked 
| 547|0x00000000a2300000, 0x00000000a2300000, 0x00000000a2400000|  0%| F|  |TAMS 0x00000000a2300000| PB 0x00000000a2300000| Untracked 
| 548|0x00000000a2400000, 0x00000000a2400000, 0x00000000a2500000|  0%| F|  |TAMS 0x00000000a2400000| PB 0x00000000a2400000| Untracked 
| 549|0x00000000a2500000, 0x00000000a2500000, 0x00000000a2600000|  0%| F|  |TAMS 0x00000000a2500000| PB 0x00000000a2500000| Untracked 
| 550|0x00000000a2600000, 0x00000000a2600000, 0x00000000a2700000|  0%| F|  |TAMS 0x00000000a2600000| PB 0x00000000a2600000| Untracked 
| 551|0x00000000a2700000, 0x00000000a2700000, 0x00000000a2800000|  0%| F|  |TAMS 0x00000000a2700000| PB 0x00000000a2700000| Untracked 
| 552|0x00000000a2800000, 0x00000000a2800000, 0x00000000a2900000|  0%| F|  |TAMS 0x00000000a2800000| PB 0x00000000a2800000| Untracked 
| 553|0x00000000a2900000, 0x00000000a2900000, 0x00000000a2a00000|  0%| F|  |TAMS 0x00000000a2900000| PB 0x00000000a2900000| Untracked 
| 554|0x00000000a2a00000, 0x00000000a2a00000, 0x00000000a2b00000|  0%| F|  |TAMS 0x00000000a2a00000| PB 0x00000000a2a00000| Untracked 
| 555|0x00000000a2b00000, 0x00000000a2b00000, 0x00000000a2c00000|  0%| F|  |TAMS 0x00000000a2b00000| PB 0x00000000a2b00000| Untracked 
| 556|0x00000000a2c00000, 0x00000000a2c00000, 0x00000000a2d00000|  0%| F|  |TAMS 0x00000000a2c00000| PB 0x00000000a2c00000| Untracked 
| 557|0x00000000a2d00000, 0x00000000a2d00000, 0x00000000a2e00000|  0%| F|  |TAMS 0x00000000a2d00000| PB 0x00000000a2d00000| Untracked 
| 558|0x00000000a2e00000, 0x00000000a2e00000, 0x00000000a2f00000|  0%| F|  |TAMS 0x00000000a2e00000| PB 0x00000000a2e00000| Untracked 
| 559|0x00000000a2f00000, 0x00000000a2f00000, 0x00000000a3000000|  0%| F|  |TAMS 0x00000000a2f00000| PB 0x00000000a2f00000| Untracked 
| 560|0x00000000a3000000, 0x00000000a3000000, 0x00000000a3100000|  0%| F|  |TAMS 0x00000000a3000000| PB 0x00000000a3000000| Untracked 
| 561|0x00000000a3100000, 0x00000000a3100000, 0x00000000a3200000|  0%| F|  |TAMS 0x00000000a3100000| PB 0x00000000a3100000| Untracked 
| 562|0x00000000a3200000, 0x00000000a3200000, 0x00000000a3300000|  0%| F|  |TAMS 0x00000000a3200000| PB 0x00000000a3200000| Untracked 
| 563|0x00000000a3300000, 0x00000000a3300000, 0x00000000a3400000|  0%| F|  |TAMS 0x00000000a3300000| PB 0x00000000a3300000| Untracked 
| 564|0x00000000a3400000, 0x00000000a3400000, 0x00000000a3500000|  0%| F|  |TAMS 0x00000000a3400000| PB 0x00000000a3400000| Untracked 
| 565|0x00000000a3500000, 0x00000000a3500000, 0x00000000a3600000|  0%| F|  |TAMS 0x00000000a3500000| PB 0x00000000a3500000| Untracked 
| 566|0x00000000a3600000, 0x00000000a3600000, 0x00000000a3700000|  0%| F|  |TAMS 0x00000000a3600000| PB 0x00000000a3600000| Untracked 
| 567|0x00000000a3700000, 0x00000000a3700000, 0x00000000a3800000|  0%| F|  |TAMS 0x00000000a3700000| PB 0x00000000a3700000| Untracked 
| 568|0x00000000a3800000, 0x00000000a3800000, 0x00000000a3900000|  0%| F|  |TAMS 0x00000000a3800000| PB 0x00000000a3800000| Untracked 
| 569|0x00000000a3900000, 0x00000000a3900000, 0x00000000a3a00000|  0%| F|  |TAMS 0x00000000a3900000| PB 0x00000000a3900000| Untracked 
| 570|0x00000000a3a00000, 0x00000000a3a00000, 0x00000000a3b00000|  0%| F|  |TAMS 0x00000000a3a00000| PB 0x00000000a3a00000| Untracked 
| 571|0x00000000a3b00000, 0x00000000a3b00000, 0x00000000a3c00000|  0%| F|  |TAMS 0x00000000a3b00000| PB 0x00000000a3b00000| Untracked 
| 572|0x00000000a3c00000, 0x00000000a3c00000, 0x00000000a3d00000|  0%| F|  |TAMS 0x00000000a3c00000| PB 0x00000000a3c00000| Untracked 
| 573|0x00000000a3d00000, 0x00000000a3d00000, 0x00000000a3e00000|  0%| F|  |TAMS 0x00000000a3d00000| PB 0x00000000a3d00000| Untracked 
| 574|0x00000000a3e00000, 0x00000000a3e00000, 0x00000000a3f00000|  0%| F|  |TAMS 0x00000000a3e00000| PB 0x00000000a3e00000| Untracked 
| 575|0x00000000a3f00000, 0x00000000a3f00000, 0x00000000a4000000|  0%| F|  |TAMS 0x00000000a3f00000| PB 0x00000000a3f00000| Untracked 
| 576|0x00000000a4000000, 0x00000000a4000000, 0x00000000a4100000|  0%| F|  |TAMS 0x00000000a4000000| PB 0x00000000a4000000| Untracked 
| 577|0x00000000a4100000, 0x00000000a4100000, 0x00000000a4200000|  0%| F|  |TAMS 0x00000000a4100000| PB 0x00000000a4100000| Untracked 
| 578|0x00000000a4200000, 0x00000000a4200000, 0x00000000a4300000|  0%| F|  |TAMS 0x00000000a4200000| PB 0x00000000a4200000| Untracked 
| 579|0x00000000a4300000, 0x00000000a4300000, 0x00000000a4400000|  0%| F|  |TAMS 0x00000000a4300000| PB 0x00000000a4300000| Untracked 
| 580|0x00000000a4400000, 0x00000000a4400000, 0x00000000a4500000|  0%| F|  |TAMS 0x00000000a4400000| PB 0x00000000a4400000| Untracked 
| 581|0x00000000a4500000, 0x00000000a4500000, 0x00000000a4600000|  0%| F|  |TAMS 0x00000000a4500000| PB 0x00000000a4500000| Untracked 
| 582|0x00000000a4600000, 0x00000000a4600000, 0x00000000a4700000|  0%| F|  |TAMS 0x00000000a4600000| PB 0x00000000a4600000| Untracked 
| 583|0x00000000a4700000, 0x00000000a4700000, 0x00000000a4800000|  0%| F|  |TAMS 0x00000000a4700000| PB 0x00000000a4700000| Untracked 
| 584|0x00000000a4800000, 0x00000000a4800000, 0x00000000a4900000|  0%| F|  |TAMS 0x00000000a4800000| PB 0x00000000a4800000| Untracked 
| 585|0x00000000a4900000, 0x00000000a4900000, 0x00000000a4a00000|  0%| F|  |TAMS 0x00000000a4900000| PB 0x00000000a4900000| Untracked 
| 586|0x00000000a4a00000, 0x00000000a4a00000, 0x00000000a4b00000|  0%| F|  |TAMS 0x00000000a4a00000| PB 0x00000000a4a00000| Untracked 
| 587|0x00000000a4b00000, 0x00000000a4b00000, 0x00000000a4c00000|  0%| F|  |TAMS 0x00000000a4b00000| PB 0x00000000a4b00000| Untracked 
| 588|0x00000000a4c00000, 0x00000000a4c00000, 0x00000000a4d00000|  0%| F|  |TAMS 0x00000000a4c00000| PB 0x00000000a4c00000| Untracked 
| 589|0x00000000a4d00000, 0x00000000a4d00000, 0x00000000a4e00000|  0%| F|  |TAMS 0x00000000a4d00000| PB 0x00000000a4d00000| Untracked 
| 590|0x00000000a4e00000, 0x00000000a4e00000, 0x00000000a4f00000|  0%| F|  |TAMS 0x00000000a4e00000| PB 0x00000000a4e00000| Untracked 
| 591|0x00000000a4f00000, 0x00000000a4f00000, 0x00000000a5000000|  0%| F|  |TAMS 0x00000000a4f00000| PB 0x00000000a4f00000| Untracked 
| 592|0x00000000a5000000, 0x00000000a5000000, 0x00000000a5100000|  0%| F|  |TAMS 0x00000000a5000000| PB 0x00000000a5000000| Untracked 
| 593|0x00000000a5100000, 0x00000000a5100000, 0x00000000a5200000|  0%| F|  |TAMS 0x00000000a5100000| PB 0x00000000a5100000| Untracked 
| 594|0x00000000a5200000, 0x00000000a5200000, 0x00000000a5300000|  0%| F|  |TAMS 0x00000000a5200000| PB 0x00000000a5200000| Untracked 
| 595|0x00000000a5300000, 0x00000000a5300000, 0x00000000a5400000|  0%| F|  |TAMS 0x00000000a5300000| PB 0x00000000a5300000| Untracked 
| 596|0x00000000a5400000, 0x00000000a5400000, 0x00000000a5500000|  0%| F|  |TAMS 0x00000000a5400000| PB 0x00000000a5400000| Untracked 
| 597|0x00000000a5500000, 0x00000000a5500000, 0x00000000a5600000|  0%| F|  |TAMS 0x00000000a5500000| PB 0x00000000a5500000| Untracked 
| 598|0x00000000a5600000, 0x00000000a5600000, 0x00000000a5700000|  0%| F|  |TAMS 0x00000000a5600000| PB 0x00000000a5600000| Untracked 
| 599|0x00000000a5700000, 0x00000000a5700000, 0x00000000a5800000|  0%| F|  |TAMS 0x00000000a5700000| PB 0x00000000a5700000| Untracked 
| 600|0x00000000a5800000, 0x00000000a5800000, 0x00000000a5900000|  0%| F|  |TAMS 0x00000000a5800000| PB 0x00000000a5800000| Untracked 
| 601|0x00000000a5900000, 0x00000000a5900000, 0x00000000a5a00000|  0%| F|  |TAMS 0x00000000a5900000| PB 0x00000000a5900000| Untracked 
| 602|0x00000000a5a00000, 0x00000000a5a00000, 0x00000000a5b00000|  0%| F|  |TAMS 0x00000000a5a00000| PB 0x00000000a5a00000| Untracked 
| 603|0x00000000a5b00000, 0x00000000a5b00000, 0x00000000a5c00000|  0%| F|  |TAMS 0x00000000a5b00000| PB 0x00000000a5b00000| Untracked 
| 604|0x00000000a5c00000, 0x00000000a5c00000, 0x00000000a5d00000|  0%| F|  |TAMS 0x00000000a5c00000| PB 0x00000000a5c00000| Untracked 
| 605|0x00000000a5d00000, 0x00000000a5d00000, 0x00000000a5e00000|  0%| F|  |TAMS 0x00000000a5d00000| PB 0x00000000a5d00000| Untracked 
| 606|0x00000000a5e00000, 0x00000000a5e00000, 0x00000000a5f00000|  0%| F|  |TAMS 0x00000000a5e00000| PB 0x00000000a5e00000| Untracked 
| 607|0x00000000a5f00000, 0x00000000a5f00000, 0x00000000a6000000|  0%| F|  |TAMS 0x00000000a5f00000| PB 0x00000000a5f00000| Untracked 
| 608|0x00000000a6000000, 0x00000000a6000000, 0x00000000a6100000|  0%| F|  |TAMS 0x00000000a6000000| PB 0x00000000a6000000| Untracked 
| 609|0x00000000a6100000, 0x00000000a6100000, 0x00000000a6200000|  0%| F|  |TAMS 0x00000000a6100000| PB 0x00000000a6100000| Untracked 
| 610|0x00000000a6200000, 0x00000000a6200000, 0x00000000a6300000|  0%| F|  |TAMS 0x00000000a6200000| PB 0x00000000a6200000| Untracked 
| 611|0x00000000a6300000, 0x00000000a6300000, 0x00000000a6400000|  0%| F|  |TAMS 0x00000000a6300000| PB 0x00000000a6300000| Untracked 
| 612|0x00000000a6400000, 0x00000000a6400000, 0x00000000a6500000|  0%| F|  |TAMS 0x00000000a6400000| PB 0x00000000a6400000| Untracked 
| 613|0x00000000a6500000, 0x00000000a6500000, 0x00000000a6600000|  0%| F|  |TAMS 0x00000000a6500000| PB 0x00000000a6500000| Untracked 
| 614|0x00000000a6600000, 0x00000000a6600000, 0x00000000a6700000|  0%| F|  |TAMS 0x00000000a6600000| PB 0x00000000a6600000| Untracked 
| 615|0x00000000a6700000, 0x00000000a6700000, 0x00000000a6800000|  0%| F|  |TAMS 0x00000000a6700000| PB 0x00000000a6700000| Untracked 
| 616|0x00000000a6800000, 0x00000000a6800000, 0x00000000a6900000|  0%| F|  |TAMS 0x00000000a6800000| PB 0x00000000a6800000| Untracked 
| 617|0x00000000a6900000, 0x00000000a6900000, 0x00000000a6a00000|  0%| F|  |TAMS 0x00000000a6900000| PB 0x00000000a6900000| Untracked 
| 618|0x00000000a6a00000, 0x00000000a6a00000, 0x00000000a6b00000|  0%| F|  |TAMS 0x00000000a6a00000| PB 0x00000000a6a00000| Untracked 
| 619|0x00000000a6b00000, 0x00000000a6b00000, 0x00000000a6c00000|  0%| F|  |TAMS 0x00000000a6b00000| PB 0x00000000a6b00000| Untracked 
| 620|0x00000000a6c00000, 0x00000000a6c00000, 0x00000000a6d00000|  0%| F|  |TAMS 0x00000000a6c00000| PB 0x00000000a6c00000| Untracked 
| 621|0x00000000a6d00000, 0x00000000a6d00000, 0x00000000a6e00000|  0%| F|  |TAMS 0x00000000a6d00000| PB 0x00000000a6d00000| Untracked 
| 622|0x00000000a6e00000, 0x00000000a6e00000, 0x00000000a6f00000|  0%| F|  |TAMS 0x00000000a6e00000| PB 0x00000000a6e00000| Untracked 
| 623|0x00000000a6f00000, 0x00000000a6f00000, 0x00000000a7000000|  0%| F|  |TAMS 0x00000000a6f00000| PB 0x00000000a6f00000| Untracked 
| 624|0x00000000a7000000, 0x00000000a7000000, 0x00000000a7100000|  0%| F|  |TAMS 0x00000000a7000000| PB 0x00000000a7000000| Untracked 
| 625|0x00000000a7100000, 0x00000000a7100000, 0x00000000a7200000|  0%| F|  |TAMS 0x00000000a7100000| PB 0x00000000a7100000| Untracked 
| 626|0x00000000a7200000, 0x00000000a7200000, 0x00000000a7300000|  0%| F|  |TAMS 0x00000000a7200000| PB 0x00000000a7200000| Untracked 
| 627|0x00000000a7300000, 0x00000000a7300000, 0x00000000a7400000|  0%| F|  |TAMS 0x00000000a7300000| PB 0x00000000a7300000| Untracked 
| 628|0x00000000a7400000, 0x00000000a7400000, 0x00000000a7500000|  0%| F|  |TAMS 0x00000000a7400000| PB 0x00000000a7400000| Untracked 
| 629|0x00000000a7500000, 0x00000000a7500000, 0x00000000a7600000|  0%| F|  |TAMS 0x00000000a7500000| PB 0x00000000a7500000| Untracked 
| 630|0x00000000a7600000, 0x00000000a7600000, 0x00000000a7700000|  0%| F|  |TAMS 0x00000000a7600000| PB 0x00000000a7600000| Untracked 
| 631|0x00000000a7700000, 0x00000000a7700000, 0x00000000a7800000|  0%| F|  |TAMS 0x00000000a7700000| PB 0x00000000a7700000| Untracked 
| 632|0x00000000a7800000, 0x00000000a7800000, 0x00000000a7900000|  0%| F|  |TAMS 0x00000000a7800000| PB 0x00000000a7800000| Untracked 
| 633|0x00000000a7900000, 0x00000000a7900000, 0x00000000a7a00000|  0%| F|  |TAMS 0x00000000a7900000| PB 0x00000000a7900000| Untracked 
| 634|0x00000000a7a00000, 0x00000000a7a00000, 0x00000000a7b00000|  0%| F|  |TAMS 0x00000000a7a00000| PB 0x00000000a7a00000| Untracked 
| 635|0x00000000a7b00000, 0x00000000a7b00000, 0x00000000a7c00000|  0%| F|  |TAMS 0x00000000a7b00000| PB 0x00000000a7b00000| Untracked 
| 636|0x00000000a7c00000, 0x00000000a7c00000, 0x00000000a7d00000|  0%| F|  |TAMS 0x00000000a7c00000| PB 0x00000000a7c00000| Untracked 
| 637|0x00000000a7d00000, 0x00000000a7d00000, 0x00000000a7e00000|  0%| F|  |TAMS 0x00000000a7d00000| PB 0x00000000a7d00000| Untracked 
| 638|0x00000000a7e00000, 0x00000000a7e00000, 0x00000000a7f00000|  0%| F|  |TAMS 0x00000000a7e00000| PB 0x00000000a7e00000| Untracked 
| 639|0x00000000a7f00000, 0x00000000a7f00000, 0x00000000a8000000|  0%| F|  |TAMS 0x00000000a7f00000| PB 0x00000000a7f00000| Untracked 
| 640|0x00000000a8000000, 0x00000000a8000000, 0x00000000a8100000|  0%| F|  |TAMS 0x00000000a8000000| PB 0x00000000a8000000| Untracked 
| 641|0x00000000a8100000, 0x00000000a8100000, 0x00000000a8200000|  0%| F|  |TAMS 0x00000000a8100000| PB 0x00000000a8100000| Untracked 
| 642|0x00000000a8200000, 0x00000000a8200000, 0x00000000a8300000|  0%| F|  |TAMS 0x00000000a8200000| PB 0x00000000a8200000| Untracked 
| 643|0x00000000a8300000, 0x00000000a8300000, 0x00000000a8400000|  0%| F|  |TAMS 0x00000000a8300000| PB 0x00000000a8300000| Untracked 
| 644|0x00000000a8400000, 0x00000000a8400000, 0x00000000a8500000|  0%| F|  |TAMS 0x00000000a8400000| PB 0x00000000a8400000| Untracked 
| 645|0x00000000a8500000, 0x00000000a8500000, 0x00000000a8600000|  0%| F|  |TAMS 0x00000000a8500000| PB 0x00000000a8500000| Untracked 
| 646|0x00000000a8600000, 0x00000000a8600000, 0x00000000a8700000|  0%| F|  |TAMS 0x00000000a8600000| PB 0x00000000a8600000| Untracked 
| 647|0x00000000a8700000, 0x00000000a8700000, 0x00000000a8800000|  0%| F|  |TAMS 0x00000000a8700000| PB 0x00000000a8700000| Untracked 
| 648|0x00000000a8800000, 0x00000000a8800000, 0x00000000a8900000|  0%| F|  |TAMS 0x00000000a8800000| PB 0x00000000a8800000| Untracked 
| 649|0x00000000a8900000, 0x00000000a8900000, 0x00000000a8a00000|  0%| F|  |TAMS 0x00000000a8900000| PB 0x00000000a8900000| Untracked 
| 650|0x00000000a8a00000, 0x00000000a8a00000, 0x00000000a8b00000|  0%| F|  |TAMS 0x00000000a8a00000| PB 0x00000000a8a00000| Untracked 
| 651|0x00000000a8b00000, 0x00000000a8b00000, 0x00000000a8c00000|  0%| F|  |TAMS 0x00000000a8b00000| PB 0x00000000a8b00000| Untracked 
| 652|0x00000000a8c00000, 0x00000000a8c00000, 0x00000000a8d00000|  0%| F|  |TAMS 0x00000000a8c00000| PB 0x00000000a8c00000| Untracked 
| 653|0x00000000a8d00000, 0x00000000a8d00000, 0x00000000a8e00000|  0%| F|  |TAMS 0x00000000a8d00000| PB 0x00000000a8d00000| Untracked 
| 654|0x00000000a8e00000, 0x00000000a8e00000, 0x00000000a8f00000|  0%| F|  |TAMS 0x00000000a8e00000| PB 0x00000000a8e00000| Untracked 
| 655|0x00000000a8f00000, 0x00000000a8f00000, 0x00000000a9000000|  0%| F|  |TAMS 0x00000000a8f00000| PB 0x00000000a8f00000| Untracked 
| 656|0x00000000a9000000, 0x00000000a9000000, 0x00000000a9100000|  0%| F|  |TAMS 0x00000000a9000000| PB 0x00000000a9000000| Untracked 
| 657|0x00000000a9100000, 0x00000000a9100000, 0x00000000a9200000|  0%| F|  |TAMS 0x00000000a9100000| PB 0x00000000a9100000| Untracked 
| 658|0x00000000a9200000, 0x00000000a9200000, 0x00000000a9300000|  0%| F|  |TAMS 0x00000000a9200000| PB 0x00000000a9200000| Untracked 
| 659|0x00000000a9300000, 0x00000000a9300000, 0x00000000a9400000|  0%| F|  |TAMS 0x00000000a9300000| PB 0x00000000a9300000| Untracked 
| 660|0x00000000a9400000, 0x00000000a9400000, 0x00000000a9500000|  0%| F|  |TAMS 0x00000000a9400000| PB 0x00000000a9400000| Untracked 
| 661|0x00000000a9500000, 0x00000000a9500000, 0x00000000a9600000|  0%| F|  |TAMS 0x00000000a9500000| PB 0x00000000a9500000| Untracked 
| 662|0x00000000a9600000, 0x00000000a9600000, 0x00000000a9700000|  0%| F|  |TAMS 0x00000000a9600000| PB 0x00000000a9600000| Untracked 
| 663|0x00000000a9700000, 0x00000000a9700000, 0x00000000a9800000|  0%| F|  |TAMS 0x00000000a9700000| PB 0x00000000a9700000| Untracked 
| 664|0x00000000a9800000, 0x00000000a9800000, 0x00000000a9900000|  0%| F|  |TAMS 0x00000000a9800000| PB 0x00000000a9800000| Untracked 
| 665|0x00000000a9900000, 0x00000000a9900000, 0x00000000a9a00000|  0%| F|  |TAMS 0x00000000a9900000| PB 0x00000000a9900000| Untracked 
| 666|0x00000000a9a00000, 0x00000000a9a00000, 0x00000000a9b00000|  0%| F|  |TAMS 0x00000000a9a00000| PB 0x00000000a9a00000| Untracked 
| 667|0x00000000a9b00000, 0x00000000a9b00000, 0x00000000a9c00000|  0%| F|  |TAMS 0x00000000a9b00000| PB 0x00000000a9b00000| Untracked 
| 668|0x00000000a9c00000, 0x00000000a9c00000, 0x00000000a9d00000|  0%| F|  |TAMS 0x00000000a9c00000| PB 0x00000000a9c00000| Untracked 
| 669|0x00000000a9d00000, 0x00000000a9d00000, 0x00000000a9e00000|  0%| F|  |TAMS 0x00000000a9d00000| PB 0x00000000a9d00000| Untracked 
| 670|0x00000000a9e00000, 0x00000000a9e00000, 0x00000000a9f00000|  0%| F|  |TAMS 0x00000000a9e00000| PB 0x00000000a9e00000| Untracked 
| 671|0x00000000a9f00000, 0x00000000a9f00000, 0x00000000aa000000|  0%| F|  |TAMS 0x00000000a9f00000| PB 0x00000000a9f00000| Untracked 
| 672|0x00000000aa000000, 0x00000000aa000000, 0x00000000aa100000|  0%| F|  |TAMS 0x00000000aa000000| PB 0x00000000aa000000| Untracked 
| 673|0x00000000aa100000, 0x00000000aa100000, 0x00000000aa200000|  0%| F|  |TAMS 0x00000000aa100000| PB 0x00000000aa100000| Untracked 
| 674|0x00000000aa200000, 0x00000000aa200000, 0x00000000aa300000|  0%| F|  |TAMS 0x00000000aa200000| PB 0x00000000aa200000| Untracked 
| 675|0x00000000aa300000, 0x00000000aa300000, 0x00000000aa400000|  0%| F|  |TAMS 0x00000000aa300000| PB 0x00000000aa300000| Untracked 
| 676|0x00000000aa400000, 0x00000000aa400000, 0x00000000aa500000|  0%| F|  |TAMS 0x00000000aa400000| PB 0x00000000aa400000| Untracked 
| 677|0x00000000aa500000, 0x00000000aa500000, 0x00000000aa600000|  0%| F|  |TAMS 0x00000000aa500000| PB 0x00000000aa500000| Untracked 
| 678|0x00000000aa600000, 0x00000000aa600000, 0x00000000aa700000|  0%| F|  |TAMS 0x00000000aa600000| PB 0x00000000aa600000| Untracked 
| 679|0x00000000aa700000, 0x00000000aa700000, 0x00000000aa800000|  0%| F|  |TAMS 0x00000000aa700000| PB 0x00000000aa700000| Untracked 
| 680|0x00000000aa800000, 0x00000000aa800000, 0x00000000aa900000|  0%| F|  |TAMS 0x00000000aa800000| PB 0x00000000aa800000| Untracked 
| 681|0x00000000aa900000, 0x00000000aa900000, 0x00000000aaa00000|  0%| F|  |TAMS 0x00000000aa900000| PB 0x00000000aa900000| Untracked 
| 682|0x00000000aaa00000, 0x00000000aaa00000, 0x00000000aab00000|  0%| F|  |TAMS 0x00000000aaa00000| PB 0x00000000aaa00000| Untracked 
| 683|0x00000000aab00000, 0x00000000aab00000, 0x00000000aac00000|  0%| F|  |TAMS 0x00000000aab00000| PB 0x00000000aab00000| Untracked 
| 684|0x00000000aac00000, 0x00000000aac00000, 0x00000000aad00000|  0%| F|  |TAMS 0x00000000aac00000| PB 0x00000000aac00000| Untracked 
| 685|0x00000000aad00000, 0x00000000aad00000, 0x00000000aae00000|  0%| F|  |TAMS 0x00000000aad00000| PB 0x00000000aad00000| Untracked 
| 686|0x00000000aae00000, 0x00000000aae00000, 0x00000000aaf00000|  0%| F|  |TAMS 0x00000000aae00000| PB 0x00000000aae00000| Untracked 
| 687|0x00000000aaf00000, 0x00000000aaf00000, 0x00000000ab000000|  0%| F|  |TAMS 0x00000000aaf00000| PB 0x00000000aaf00000| Untracked 
| 688|0x00000000ab000000, 0x00000000ab000000, 0x00000000ab100000|  0%| F|  |TAMS 0x00000000ab000000| PB 0x00000000ab000000| Untracked 
| 689|0x00000000ab100000, 0x00000000ab100000, 0x00000000ab200000|  0%| F|  |TAMS 0x00000000ab100000| PB 0x00000000ab100000| Untracked 
| 690|0x00000000ab200000, 0x00000000ab200000, 0x00000000ab300000|  0%| F|  |TAMS 0x00000000ab200000| PB 0x00000000ab200000| Untracked 
| 691|0x00000000ab300000, 0x00000000ab300000, 0x00000000ab400000|  0%| F|  |TAMS 0x00000000ab300000| PB 0x00000000ab300000| Untracked 
| 692|0x00000000ab400000, 0x00000000ab400000, 0x00000000ab500000|  0%| F|  |TAMS 0x00000000ab400000| PB 0x00000000ab400000| Untracked 
| 693|0x00000000ab500000, 0x00000000ab500000, 0x00000000ab600000|  0%| F|  |TAMS 0x00000000ab500000| PB 0x00000000ab500000| Untracked 
| 694|0x00000000ab600000, 0x00000000ab600000, 0x00000000ab700000|  0%| F|  |TAMS 0x00000000ab600000| PB 0x00000000ab600000| Untracked 
| 695|0x00000000ab700000, 0x00000000ab700000, 0x00000000ab800000|  0%| F|  |TAMS 0x00000000ab700000| PB 0x00000000ab700000| Untracked 
| 696|0x00000000ab800000, 0x00000000ab800000, 0x00000000ab900000|  0%| F|  |TAMS 0x00000000ab800000| PB 0x00000000ab800000| Untracked 
| 697|0x00000000ab900000, 0x00000000ab900000, 0x00000000aba00000|  0%| F|  |TAMS 0x00000000ab900000| PB 0x00000000ab900000| Untracked 
| 698|0x00000000aba00000, 0x00000000aba00000, 0x00000000abb00000|  0%| F|  |TAMS 0x00000000aba00000| PB 0x00000000aba00000| Untracked 
| 699|0x00000000abb00000, 0x00000000abb00000, 0x00000000abc00000|  0%| F|  |TAMS 0x00000000abb00000| PB 0x00000000abb00000| Untracked 
| 700|0x00000000abc00000, 0x00000000abc00000, 0x00000000abd00000|  0%| F|  |TAMS 0x00000000abc00000| PB 0x00000000abc00000| Untracked 
| 701|0x00000000abd00000, 0x00000000abd00000, 0x00000000abe00000|  0%| F|  |TAMS 0x00000000abd00000| PB 0x00000000abd00000| Untracked 
| 702|0x00000000abe00000, 0x00000000abe00000, 0x00000000abf00000|  0%| F|  |TAMS 0x00000000abe00000| PB 0x00000000abe00000| Untracked 
| 703|0x00000000abf00000, 0x00000000abf00000, 0x00000000ac000000|  0%| F|  |TAMS 0x00000000abf00000| PB 0x00000000abf00000| Untracked 
| 704|0x00000000ac000000, 0x00000000ac000000, 0x00000000ac100000|  0%| F|  |TAMS 0x00000000ac000000| PB 0x00000000ac000000| Untracked 
| 705|0x00000000ac100000, 0x00000000ac100000, 0x00000000ac200000|  0%| F|  |TAMS 0x00000000ac100000| PB 0x00000000ac100000| Untracked 
| 706|0x00000000ac200000, 0x00000000ac200000, 0x00000000ac300000|  0%| F|  |TAMS 0x00000000ac200000| PB 0x00000000ac200000| Untracked 
| 707|0x00000000ac300000, 0x00000000ac300000, 0x00000000ac400000|  0%| F|  |TAMS 0x00000000ac300000| PB 0x00000000ac300000| Untracked 
| 708|0x00000000ac400000, 0x00000000ac400000, 0x00000000ac500000|  0%| F|  |TAMS 0x00000000ac400000| PB 0x00000000ac400000| Untracked 
| 709|0x00000000ac500000, 0x00000000ac500000, 0x00000000ac600000|  0%| F|  |TAMS 0x00000000ac500000| PB 0x00000000ac500000| Untracked 
| 710|0x00000000ac600000, 0x00000000ac600000, 0x00000000ac700000|  0%| F|  |TAMS 0x00000000ac600000| PB 0x00000000ac600000| Untracked 
| 711|0x00000000ac700000, 0x00000000ac700000, 0x00000000ac800000|  0%| F|  |TAMS 0x00000000ac700000| PB 0x00000000ac700000| Untracked 
| 712|0x00000000ac800000, 0x00000000ac800000, 0x00000000ac900000|  0%| F|  |TAMS 0x00000000ac800000| PB 0x00000000ac800000| Untracked 
| 713|0x00000000ac900000, 0x00000000ac900000, 0x00000000aca00000|  0%| F|  |TAMS 0x00000000ac900000| PB 0x00000000ac900000| Untracked 
| 714|0x00000000aca00000, 0x00000000aca00000, 0x00000000acb00000|  0%| F|  |TAMS 0x00000000aca00000| PB 0x00000000aca00000| Untracked 
| 715|0x00000000acb00000, 0x00000000acb3df60, 0x00000000acc00000| 24%| E|  |TAMS 0x00000000acb00000| PB 0x00000000acb00000| Complete 
| 716|0x00000000acc00000, 0x00000000acd00000, 0x00000000acd00000|100%| E|CS|TAMS 0x00000000acc00000| PB 0x00000000acc00000| Complete 
| 717|0x00000000acd00000, 0x00000000ace00000, 0x00000000ace00000|100%| E|CS|TAMS 0x00000000acd00000| PB 0x00000000acd00000| Complete 
| 871|0x00000000b6700000, 0x00000000b6800000, 0x00000000b6800000|100%| E|CS|TAMS 0x00000000b6700000| PB 0x00000000b6700000| Complete 
| 934|0x00000000ba600000, 0x00000000ba700000, 0x00000000ba700000|100%| E|CS|TAMS 0x00000000ba600000| PB 0x00000000ba600000| Complete 
| 935|0x00000000ba700000, 0x00000000ba800000, 0x00000000ba800000|100%| E|CS|TAMS 0x00000000ba700000| PB 0x00000000ba700000| Complete 
| 936|0x00000000ba800000, 0x00000000ba900000, 0x00000000ba900000|100%| E|CS|TAMS 0x00000000ba800000| PB 0x00000000ba800000| Complete 
| 937|0x00000000ba900000, 0x00000000baa00000, 0x00000000baa00000|100%| E|CS|TAMS 0x00000000ba900000| PB 0x00000000ba900000| Complete 
| 938|0x00000000baa00000, 0x00000000bab00000, 0x00000000bab00000|100%| E|CS|TAMS 0x00000000baa00000| PB 0x00000000baa00000| Complete 
| 939|0x00000000bab00000, 0x00000000bac00000, 0x00000000bac00000|100%| E|CS|TAMS 0x00000000bab00000| PB 0x00000000bab00000| Complete 
| 940|0x00000000bac00000, 0x00000000bad00000, 0x00000000bad00000|100%| E|CS|TAMS 0x00000000bac00000| PB 0x00000000bac00000| Complete 
| 941|0x00000000bad00000, 0x00000000bae00000, 0x00000000bae00000|100%| E|CS|TAMS 0x00000000bad00000| PB 0x00000000bad00000| Complete 
| 942|0x00000000bae00000, 0x00000000baf00000, 0x00000000baf00000|100%| E|CS|TAMS 0x00000000bae00000| PB 0x00000000bae00000| Complete 
| 943|0x00000000baf00000, 0x00000000bb000000, 0x00000000bb000000|100%| E|CS|TAMS 0x00000000baf00000| PB 0x00000000baf00000| Complete 
| 944|0x00000000bb000000, 0x00000000bb100000, 0x00000000bb100000|100%| E|CS|TAMS 0x00000000bb000000| PB 0x00000000bb000000| Complete 
| 945|0x00000000bb100000, 0x00000000bb200000, 0x00000000bb200000|100%| E|CS|TAMS 0x00000000bb100000| PB 0x00000000bb100000| Complete 
| 946|0x00000000bb200000, 0x00000000bb300000, 0x00000000bb300000|100%| E|CS|TAMS 0x00000000bb200000| PB 0x00000000bb200000| Complete 
| 947|0x00000000bb300000, 0x00000000bb400000, 0x00000000bb400000|100%| E|  |TAMS 0x00000000bb300000| PB 0x00000000bb300000| Complete 
| 948|0x00000000bb400000, 0x00000000bb500000, 0x00000000bb500000|100%| E|CS|TAMS 0x00000000bb400000| PB 0x00000000bb400000| Complete 
| 949|0x00000000bb500000, 0x00000000bb600000, 0x00000000bb600000|100%| E|CS|TAMS 0x00000000bb500000| PB 0x00000000bb500000| Complete 
| 950|0x00000000bb600000, 0x00000000bb700000, 0x00000000bb700000|100%| E|CS|TAMS 0x00000000bb600000| PB 0x00000000bb600000| Complete 
| 951|0x00000000bb700000, 0x00000000bb800000, 0x00000000bb800000|100%| E|CS|TAMS 0x00000000bb700000| PB 0x00000000bb700000| Complete 
| 952|0x00000000bb800000, 0x00000000bb900000, 0x00000000bb900000|100%| E|CS|TAMS 0x00000000bb800000| PB 0x00000000bb800000| Complete 
| 953|0x00000000bb900000, 0x00000000bba00000, 0x00000000bba00000|100%| E|CS|TAMS 0x00000000bb900000| PB 0x00000000bb900000| Complete 
| 954|0x00000000bba00000, 0x00000000bbb00000, 0x00000000bbb00000|100%| E|CS|TAMS 0x00000000bba00000| PB 0x00000000bba00000| Complete 
| 955|0x00000000bbb00000, 0x00000000bbc00000, 0x00000000bbc00000|100%| E|CS|TAMS 0x00000000bbb00000| PB 0x00000000bbb00000| Complete 
|1039|0x00000000c0f00000, 0x00000000c1000000, 0x00000000c1000000|100%| E|CS|TAMS 0x00000000c0f00000| PB 0x00000000c0f00000| Complete 
|1040|0x00000000c1000000, 0x00000000c1100000, 0x00000000c1100000|100%| E|CS|TAMS 0x00000000c1000000| PB 0x00000000c1000000| Complete 
|1041|0x00000000c1100000, 0x00000000c1200000, 0x00000000c1200000|100%| E|CS|TAMS 0x00000000c1100000| PB 0x00000000c1100000| Complete 
|1042|0x00000000c1200000, 0x00000000c1300000, 0x00000000c1300000|100%| E|CS|TAMS 0x00000000c1200000| PB 0x00000000c1200000| Complete 
|1043|0x00000000c1300000, 0x00000000c1400000, 0x00000000c1400000|100%| E|CS|TAMS 0x00000000c1300000| PB 0x00000000c1300000| Complete 
|1044|0x00000000c1400000, 0x00000000c1500000, 0x00000000c1500000|100%| E|CS|TAMS 0x00000000c1400000| PB 0x00000000c1400000| Complete 
|1045|0x00000000c1500000, 0x00000000c1600000, 0x00000000c1600000|100%| E|CS|TAMS 0x00000000c1500000| PB 0x00000000c1500000| Complete 
|1046|0x00000000c1600000, 0x00000000c1700000, 0x00000000c1700000|100%| E|CS|TAMS 0x00000000c1600000| PB 0x00000000c1600000| Complete 
|1047|0x00000000c1700000, 0x00000000c1800000, 0x00000000c1800000|100%| E|CS|TAMS 0x00000000c1700000| PB 0x00000000c1700000| Complete 
|1048|0x00000000c1800000, 0x00000000c1900000, 0x00000000c1900000|100%| E|CS|TAMS 0x00000000c1800000| PB 0x00000000c1800000| Complete 
|2032|0x00000000ff000000, 0x00000000ff100000, 0x00000000ff100000|100%| E|CS|TAMS 0x00000000ff000000| PB 0x00000000ff000000| Complete 
|2033|0x00000000ff100000, 0x00000000ff200000, 0x00000000ff200000|100%| O|  |TAMS 0x00000000ff100000| PB 0x00000000ff100000| Untracked 
|2034|0x00000000ff200000, 0x00000000ff300000, 0x00000000ff300000|100%| E|CS|TAMS 0x00000000ff200000| PB 0x00000000ff200000| Complete 
|2035|0x00000000ff300000, 0x00000000ff400000, 0x00000000ff400000|100%| E|CS|TAMS 0x00000000ff300000| PB 0x00000000ff300000| Complete 
|2036|0x00000000ff400000, 0x00000000ff500000, 0x00000000ff500000|100%| E|CS|TAMS 0x00000000ff400000| PB 0x00000000ff400000| Complete 
|2037|0x00000000ff500000, 0x00000000ff600000, 0x00000000ff600000|100%| E|CS|TAMS 0x00000000ff500000| PB 0x00000000ff500000| Complete 
|2038|0x00000000ff600000, 0x00000000ff700000, 0x00000000ff700000|100%| E|CS|TAMS 0x00000000ff600000| PB 0x00000000ff600000| Complete 
|2039|0x00000000ff700000, 0x00000000ff800000, 0x00000000ff800000|100%| E|CS|TAMS 0x00000000ff700000| PB 0x00000000ff700000| Complete 
|2040|0x00000000ff800000, 0x00000000ff900000, 0x00000000ff900000|100%| E|CS|TAMS 0x00000000ff800000| PB 0x00000000ff800000| Complete 
|2041|0x00000000ff900000, 0x00000000ffa00000, 0x00000000ffa00000|100%| E|CS|TAMS 0x00000000ff900000| PB 0x00000000ff900000| Complete 
|2042|0x00000000ffa00000, 0x00000000ffb00000, 0x00000000ffb00000|100%| E|CS|TAMS 0x00000000ffa00000| PB 0x00000000ffa00000| Complete 
|2043|0x00000000ffb00000, 0x00000000ffc00000, 0x00000000ffc00000|100%| E|CS|TAMS 0x00000000ffb00000| PB 0x00000000ffb00000| Complete 
|2044|0x00000000ffc00000, 0x00000000ffd00000, 0x00000000ffd00000|100%| O|  |TAMS 0x00000000ffc00000| PB 0x00000000ffc00000| Untracked 
|2045|0x00000000ffd00000, 0x00000000ffe00000, 0x00000000ffe00000|100%| E|CS|TAMS 0x00000000ffd00000| PB 0x00000000ffd00000| Complete 
|2046|0x00000000ffe00000, 0x00000000fff00000, 0x00000000fff00000|100%| E|CS|TAMS 0x00000000ffe00000| PB 0x00000000ffe00000| Complete 
|2047|0x00000000fff00000, 0x0000000100000000, 0x0000000100000000|100%| E|CS|TAMS 0x00000000fff00000| PB 0x00000000fff00000| Complete 

Card table byte_map: [0x000001e0783a0000,0x000001e0787a0000] _byte_map_base: 0x000001e077fa0000

Marking Bits: (CMBitMap*) 0x000001e064e13bb0
 Bits: [0x000001e0787a0000, 0x000001e07a7a0000)

Polling page: 0x000001e064e80000

Metaspace:

Usage:
  Non-class:    135.61 MB used.
      Class:     20.79 MB used.
       Both:    156.40 MB used.

Virtual space:
  Non-class space:      192.00 MB reserved,     136.81 MB ( 71%) committed,  3 nodes.
      Class space:        1.00 GB reserved,      22.00 MB (  2%) committed,  1 nodes.
             Both:        1.19 GB reserved,     158.81 MB ( 13%) committed. 

Chunk freelists:
   Non-Class:  7.16 MB
       Class:  9.95 MB
        Both:  17.11 MB

MaxMetaspaceSize: unlimited
CompressedClassSpaceSize: 1.00 GB
Initial GC threshold: 21.00 MB
Current GC threshold: 264.62 MB
CDS: off
 - commit_granule_bytes: 65536.
 - commit_granule_words: 8192.
 - virtual_space_node_default_size: 8388608.
 - enlarge_chunks_in_place: 1.
 - use_allocation_guard: 0.


Internal statistics:

num_allocs_failed_limit: 9.
num_arena_births: 4818.
num_arena_deaths: 72.
num_vsnodes_births: 4.
num_vsnodes_deaths: 0.
num_space_committed: 2534.
num_space_uncommitted: 0.
num_chunks_returned_to_freelist: 114.
num_chunks_taken_from_freelist: 11629.
num_chunk_merges: 45.
num_chunk_splits: 7644.
num_chunks_enlarged: 4958.
num_inconsistent_stats: 0.

CodeHeap 'non-profiled nmethods': size=119168Kb used=24772Kb max_used=25623Kb free=94395Kb
 bounds [0x000001e06fb80000, 0x000001e071490000, 0x000001e076fe0000]
CodeHeap 'profiled nmethods': size=119104Kb used=27894Kb max_used=29861Kb free=91209Kb
 bounds [0x000001e067fe0000, 0x000001e069d30000, 0x000001e06f430000]
CodeHeap 'non-nmethods': size=7488Kb used=2813Kb max_used=4056Kb free=4674Kb
 bounds [0x000001e06f430000, 0x000001e06f830000, 0x000001e06fb80000]
 total_blobs=18419 nmethods=17467 adapters=854
 compilation: enabled
              stopped_count=0, restarted_count=0
 full_count=0

Compilation events (20 events):
Event: 248.118 Thread 0x000001e006cc2d60 nmethod 41682 0x000001e0700e8310 code [0x000001e0700e85a0, 0x000001e0700e9d30]
Event: 248.119 Thread 0x000001e006cc2d60 42021       4       com.android.tools.r8.graph.x2::y0 (105 bytes)
Event: 248.171 Thread 0x000001e07d9cc260 nmethod 41879 0x000001e07043b390 code [0x000001e07043bba0, 0x000001e070442268]
Event: 248.171 Thread 0x000001e07d9cc260 41678       4       com.android.tools.r8.internal.I5::b (77 bytes)
Event: 248.200 Thread 0x000001e006cc2d60 nmethod 42021 0x000001e070119310 code [0x000001e0701196e0, 0x000001e07011b808]
Event: 248.201 Thread 0x000001e006cc2d60 41548   !   4       com.android.tools.r8.graph.h4::c (814 bytes)
Event: 248.208 Thread 0x000001e006cc41d0 nmethod 41606 0x000001e070d9da90 code [0x000001e070d9e0a0, 0x000001e070da1c60]
Event: 248.209 Thread 0x000001e006cc41d0 41952       4       java.util.HashMap$HashIterator::nextNode (100 bytes)
Event: 248.212 Thread 0x000001e006cc4f70 nmethod 41610 0x000001e06fec5e10 code [0x000001e06fec66a0, 0x000001e06fecd788]
Event: 248.213 Thread 0x000001e006cc4f70 41993 %     4       com.android.tools.r8.internal.PX::b @ 19 (1946 bytes)
Event: 248.215 Thread 0x000001e07d9cc260 nmethod 41678 0x000001e07002c990 code [0x000001e07002cc60, 0x000001e07002e0b0]
Event: 248.215 Thread 0x000001e07d9cc260 42231       4       com.android.tools.r8.internal.Yl0::c (181 bytes)
Event: 248.215 Thread 0x000001e006cc41d0 nmethod 41952 0x000001e070215b90 code [0x000001e070215d40, 0x000001e070216198]
Event: 248.216 Thread 0x000001e006cc41d0 42040       4       com.android.tools.r8.internal.Kr0::a (93 bytes)
Event: 248.265 Thread 0x000001e006cc41d0 nmethod 42040 0x000001e06fd8ac90 code [0x000001e06fd8b000, 0x000001e06fd8c968]
Event: 248.265 Thread 0x000001e006cc41d0 42095 %     4       com.android.tools.r8.internal.E3::b @ 263 (1535 bytes)
Event: 248.270 Thread 0x000001e006cc4f70 nmethod 41993% 0x000001e0708cf210 code [0x000001e0708cf640, 0x000001e0708d0e70]
Event: 248.270 Thread 0x000001e006cc4f70 42048       4       com.android.tools.r8.internal.H5::g (78 bytes)
Event: 248.281 Thread 0x000001e006cc4f70 nmethod 42048 0x000001e06fe7e710 code [0x000001e06fe7e8e0, 0x000001e06fe7eca8]
Event: 248.282 Thread 0x000001e006cc4f70 42089       4       com.android.tools.r8.internal.x8::a (46 bytes)

GC Heap History (20 events):
Event: 236.784 GC heap before
{Heap before GC invocations=117 (full 0):
 garbage-first heap   total 1090560K, used 980501K [0x0000000080000000, 0x0000000100000000)
  region size 1024K, 639 young (654336K), 16 survivors (16384K)
 Metaspace       used 149187K, committed 151552K, reserved 1179648K
  class space    used 20183K, committed 21376K, reserved 1048576K
}
Event: 236.791 GC heap after
{Heap after GC invocations=118 (full 0):
 garbage-first heap   total 1090560K, used 333561K [0x0000000080000000, 0x0000000100000000)
  region size 1024K, 13 young (13312K), 13 survivors (13312K)
 Metaspace       used 149187K, committed 151552K, reserved 1179648K
  class space    used 20183K, committed 21376K, reserved 1048576K
}
Event: 237.365 GC heap before
{Heap before GC invocations=118 (full 0):
 garbage-first heap   total 1090560K, used 974585K [0x0000000080000000, 0x0000000100000000)
  region size 1024K, 639 young (654336K), 13 survivors (13312K)
 Metaspace       used 149188K, committed 151552K, reserved 1179648K
  class space    used 20183K, committed 21376K, reserved 1048576K
}
Event: 237.380 GC heap after
{Heap after GC invocations=119 (full 0):
 garbage-first heap   total 1090560K, used 262728K [0x0000000080000000, 0x0000000100000000)
  region size 1024K, 14 young (14336K), 14 survivors (14336K)
 Metaspace       used 149188K, committed 151552K, reserved 1179648K
  class space    used 20183K, committed 21376K, reserved 1048576K
}
Event: 237.686 GC heap before
{Heap before GC invocations=119 (full 0):
 garbage-first heap   total 1090560K, used 364104K [0x0000000080000000, 0x0000000100000000)
  region size 1024K, 115 young (117760K), 14 survivors (14336K)
 Metaspace       used 149194K, committed 151552K, reserved 1179648K
  class space    used 20183K, committed 21376K, reserved 1048576K
}
Event: 237.696 GC heap after
{Heap after GC invocations=120 (full 0):
 garbage-first heap   total 1090560K, used 270667K [0x0000000080000000, 0x0000000100000000)
  region size 1024K, 22 young (22528K), 22 survivors (22528K)
 Metaspace       used 149194K, committed 151552K, reserved 1179648K
  class space    used 20183K, committed 21376K, reserved 1048576K
}
Event: 238.958 GC heap before
{Heap before GC invocations=121 (full 0):
 garbage-first heap   total 942080K, used 825674K [0x0000000080000000, 0x0000000100000000)
  region size 1024K, 552 young (565248K), 22 survivors (22528K)
 Metaspace       used 154497K, committed 156928K, reserved 1245184K
  class space    used 20624K, committed 21824K, reserved 1048576K
}
Event: 238.969 GC heap after
{Heap after GC invocations=122 (full 0):
 garbage-first heap   total 942080K, used 269381K [0x0000000080000000, 0x0000000100000000)
  region size 1024K, 21 young (21504K), 21 survivors (21504K)
 Metaspace       used 154497K, committed 156928K, reserved 1245184K
  class space    used 20624K, committed 21824K, reserved 1048576K
}
Event: 239.356 GC heap before
{Heap before GC invocations=122 (full 0):
 garbage-first heap   total 942080K, used 816197K [0x0000000080000000, 0x0000000100000000)
  region size 1024K, 552 young (565248K), 21 survivors (21504K)
 Metaspace       used 154689K, committed 157056K, reserved 1245184K
  class space    used 20629K, committed 21824K, reserved 1048576K
}
Event: 239.373 GC heap after
{Heap after GC invocations=123 (full 0):
 garbage-first heap   total 942080K, used 250497K [0x0000000080000000, 0x0000000100000000)
  region size 1024K, 27 young (27648K), 27 survivors (27648K)
 Metaspace       used 154689K, committed 157056K, reserved 1245184K
  class space    used 20629K, committed 21824K, reserved 1048576K
}
Event: 239.800 GC heap before
{Heap before GC invocations=123 (full 0):
 garbage-first heap   total 942080K, used 787073K [0x0000000080000000, 0x0000000100000000)
  region size 1024K, 552 young (565248K), 27 survivors (27648K)
 Metaspace       used 154698K, committed 157120K, reserved 1245184K
  class space    used 20630K, committed 21824K, reserved 1048576K
}
Event: 239.813 GC heap after
{Heap after GC invocations=124 (full 0):
 garbage-first heap   total 942080K, used 243151K [0x0000000080000000, 0x0000000100000000)
  region size 1024K, 21 young (21504K), 21 survivors (21504K)
 Metaspace       used 154698K, committed 157120K, reserved 1245184K
  class space    used 20630K, committed 21824K, reserved 1048576K
}
Event: 243.641 GC heap before
{Heap before GC invocations=125 (full 0):
 garbage-first heap   total 816128K, used 713167K [0x0000000080000000, 0x0000000100000000)
  region size 1024K, 478 young (489472K), 21 survivors (21504K)
 Metaspace       used 160038K, committed 162496K, reserved 1245184K
  class space    used 21281K, committed 22528K, reserved 1048576K
}
Event: 243.659 GC heap after
{Heap after GC invocations=126 (full 0):
 garbage-first heap   total 816128K, used 256120K [0x0000000080000000, 0x0000000100000000)
  region size 1024K, 35 young (35840K), 35 survivors (35840K)
 Metaspace       used 160038K, committed 162496K, reserved 1245184K
  class space    used 21281K, committed 22528K, reserved 1048576K
}
Event: 244.254 GC heap before
{Heap before GC invocations=126 (full 0):
 garbage-first heap   total 816128K, used 708728K [0x0000000080000000, 0x0000000100000000)
  region size 1024K, 478 young (489472K), 35 survivors (35840K)
 Metaspace       used 160066K, committed 162560K, reserved 1245184K
  class space    used 21282K, committed 22528K, reserved 1048576K
}
Event: 244.280 GC heap after
{Heap after GC invocations=127 (full 0):
 garbage-first heap   total 816128K, used 247682K [0x0000000080000000, 0x0000000100000000)
  region size 1024K, 45 young (46080K), 45 survivors (46080K)
 Metaspace       used 160066K, committed 162560K, reserved 1245184K
  class space    used 21282K, committed 22528K, reserved 1048576K
}
Event: 244.927 GC heap before
{Heap before GC invocations=127 (full 0):
 garbage-first heap   total 816128K, used 690050K [0x0000000080000000, 0x0000000100000000)
  region size 1024K, 478 young (489472K), 45 survivors (46080K)
 Metaspace       used 160092K, committed 162560K, reserved 1245184K
  class space    used 21284K, committed 22528K, reserved 1048576K
}
Event: 244.943 GC heap after
{Heap after GC invocations=128 (full 0):
 garbage-first heap   total 816128K, used 241563K [0x0000000080000000, 0x0000000100000000)
  region size 1024K, 16 young (16384K), 16 survivors (16384K)
 Metaspace       used 160092K, committed 162560K, reserved 1245184K
  class space    used 21284K, committed 22528K, reserved 1048576K
}
Event: 246.525 GC heap before
{Heap before GC invocations=129 (full 0):
 garbage-first heap   total 785408K, used 693147K [0x0000000080000000, 0x0000000100000000)
  region size 1024K, 460 young (471040K), 16 survivors (16384K)
 Metaspace       used 160128K, committed 162624K, reserved 1245184K
  class space    used 21284K, committed 22528K, reserved 1048576K
}
Event: 246.532 GC heap after
{Heap after GC invocations=130 (full 0):
 garbage-first heap   total 785408K, used 230145K [0x0000000080000000, 0x0000000100000000)
  region size 1024K, 11 young (11264K), 11 survivors (11264K)
 Metaspace       used 160128K, committed 162624K, reserved 1245184K
  class space    used 21284K, committed 22528K, reserved 1048576K
}

Dll operation events (3 events):
Event: 0.009 Loaded shared library C:\Program Files\Android\Android Studio\jbr\bin\java.dll
Event: 0.014 Loaded shared library C:\Program Files\Android\Android Studio\jbr\bin\zip.dll
Event: 0.392 Loaded shared library C:\Program Files\Android\Android Studio\jbr\bin\verify.dll

Deoptimization events (20 events):
Event: 246.823 Thread 0x000001e005326a40 Uncommon trap: trap_request=0xffffffde fr.pc=0x000001e06ff936e0 relative=0x0000000000000e60
Event: 246.823 Thread 0x000001e005326a40 Uncommon trap: reason=class_check action=maybe_recompile pc=0x000001e06ff936e0 method=java.util.stream.StreamSpliterators$WrappingSpliterator.initPartialTraversalState()V @ 29 c2
Event: 246.823 Thread 0x000001e005326a40 DEOPT PACKING pc=0x000001e06ff936e0 sp=0x0000006a714fbac0
Event: 246.823 Thread 0x000001e005326a40 DEOPT UNPACKING pc=0x000001e06f4846a2 sp=0x0000006a714fb9b8 mode 2
Event: 246.826 Thread 0x000001e005478280 Uncommon trap: trap_request=0xffffffde fr.pc=0x000001e06ff936e0 relative=0x0000000000000e60
Event: 246.826 Thread 0x000001e005478280 Uncommon trap: reason=class_check action=maybe_recompile pc=0x000001e06ff936e0 method=java.util.stream.StreamSpliterators$WrappingSpliterator.initPartialTraversalState()V @ 29 c2
Event: 246.826 Thread 0x000001e005478280 DEOPT PACKING pc=0x000001e06ff936e0 sp=0x0000006a653fc000
Event: 246.826 Thread 0x000001e005478280 DEOPT UNPACKING pc=0x000001e06f4846a2 sp=0x0000006a653fbef8 mode 2
Event: 246.826 Thread 0x000001e005325d20 Uncommon trap: trap_request=0xffffffde fr.pc=0x000001e06ff936e0 relative=0x0000000000000e60
Event: 246.826 Thread 0x000001e005325d20 Uncommon trap: reason=class_check action=maybe_recompile pc=0x000001e06ff936e0 method=java.util.stream.StreamSpliterators$WrappingSpliterator.initPartialTraversalState()V @ 29 c2
Event: 246.826 Thread 0x000001e005325d20 DEOPT PACKING pc=0x000001e06ff936e0 sp=0x0000006a715fbbe0
Event: 246.826 Thread 0x000001e005325d20 DEOPT UNPACKING pc=0x000001e06f4846a2 sp=0x0000006a715fbad8 mode 2
Event: 246.828 Thread 0x000001e005325690 Uncommon trap: trap_request=0xffffffde fr.pc=0x000001e07010cc6c relative=0x0000000000000b2c
Event: 246.828 Thread 0x000001e005325690 Uncommon trap: reason=class_check action=maybe_recompile pc=0x000001e07010cc6c method=java.util.stream.StreamSpliterators$WrappingSpliterator.initPartialTraversalState()V @ 29 c2
Event: 246.828 Thread 0x000001e005325690 DEOPT PACKING pc=0x000001e07010cc6c sp=0x0000006a712fc090
Event: 246.828 Thread 0x000001e005325690 DEOPT UNPACKING pc=0x000001e06f4846a2 sp=0x0000006a712fbff0 mode 2
Event: 246.876 Thread 0x000001e004ae2e00 Uncommon trap: trap_request=0xffffff45 fr.pc=0x000001e0703a462c relative=0x000000000000016c
Event: 246.876 Thread 0x000001e004ae2e00 Uncommon trap: reason=unstable_if action=reinterpret pc=0x000001e0703a462c method=java.util.HashMap.containsValue(Ljava/lang/Object;)Z @ 13 c2
Event: 246.876 Thread 0x000001e004ae2e00 DEOPT PACKING pc=0x000001e0703a462c sp=0x0000006a66cfb6a0
Event: 246.876 Thread 0x000001e004ae2e00 DEOPT UNPACKING pc=0x000001e06f4846a2 sp=0x0000006a66cfb610 mode 2

Classes loaded (20 events):
Event: 242.525 Loading class sun/rmi/server/UnicastServerRef$HashToMethod_Maps$1
Event: 242.525 Loading class sun/rmi/server/UnicastServerRef$HashToMethod_Maps$1 done
Event: 242.531 Loading class sun/rmi/server/LoaderHandler$Loader
Event: 242.531 Loading class sun/rmi/server/LoaderHandler$Loader done
Event: 242.536 Loading class java/rmi/server/ServerNotActiveException
Event: 242.536 Loading class java/rmi/server/ServerNotActiveException done
Event: 242.539 Loading class sun/rmi/transport/DGCAckHandler
Event: 242.540 Loading class sun/rmi/transport/DGCAckHandler done
Event: 242.549 Loading class sun/rmi/transport/DGCAckHandler$1
Event: 242.549 Loading class sun/rmi/transport/DGCAckHandler$1 done
Event: 242.600 Loading class sun/rmi/transport/tcp/TCPTransport$ConnectionHandler
Event: 242.600 Loading class sun/rmi/transport/tcp/TCPTransport$ConnectionHandler done
Event: 242.604 Loading class sun/rmi/transport/Transport$1
Event: 242.605 Loading class sun/rmi/transport/Transport$1 done
Event: 242.606 Loading class sun/rmi/transport/DGCImpl$LeaseInfo
Event: 242.606 Loading class sun/rmi/transport/DGCImpl$LeaseInfo done
Event: 242.606 Loading class sun/rmi/transport/DGCImpl$1
Event: 242.606 Loading class sun/rmi/transport/DGCImpl$1 done
Event: 242.606 Loading class sun/rmi/transport/SequenceEntry
Event: 242.606 Loading class sun/rmi/transport/SequenceEntry done

Classes unloaded (20 events):
Event: 218.681 Thread 0x000001e07d8eb3b0 Unloading class 0x0000000101438c00 'java/lang/invoke/LambdaForm$DMH+0x0000000101438c00'
Event: 218.681 Thread 0x000001e07d8eb3b0 Unloading class 0x0000000101438800 'java/lang/invoke/LambdaForm$DMH+0x0000000101438800'
Event: 218.681 Thread 0x000001e07d8eb3b0 Unloading class 0x0000000101349c00 'java/lang/invoke/LambdaForm$DMH+0x0000000101349c00'
Event: 218.681 Thread 0x000001e07d8eb3b0 Unloading class 0x0000000101349800 'java/lang/invoke/LambdaForm$DMH+0x0000000101349800'
Event: 218.681 Thread 0x000001e07d8eb3b0 Unloading class 0x0000000101349000 'java/lang/invoke/LambdaForm$DMH+0x0000000101349000'
Event: 218.681 Thread 0x000001e07d8eb3b0 Unloading class 0x0000000101349400 'java/lang/invoke/LambdaForm$DMH+0x0000000101349400'
Event: 218.681 Thread 0x000001e07d8eb3b0 Unloading class 0x0000000101348800 'java/lang/invoke/LambdaForm$DMH+0x0000000101348800'
Event: 218.681 Thread 0x000001e07d8eb3b0 Unloading class 0x0000000101348c00 'java/lang/invoke/LambdaForm$DMH+0x0000000101348c00'
Event: 218.681 Thread 0x000001e07d8eb3b0 Unloading class 0x0000000101348000 'java/lang/invoke/LambdaForm$DMH+0x0000000101348000'
Event: 218.681 Thread 0x000001e07d8eb3b0 Unloading class 0x0000000101345800 'java/lang/invoke/LambdaForm$DMH+0x0000000101345800'
Event: 218.681 Thread 0x000001e07d8eb3b0 Unloading class 0x0000000101345400 'java/lang/invoke/LambdaForm$DMH+0x0000000101345400'
Event: 218.681 Thread 0x000001e07d8eb3b0 Unloading class 0x0000000101344800 'java/lang/invoke/LambdaForm$DMH+0x0000000101344800'
Event: 218.681 Thread 0x000001e07d8eb3b0 Unloading class 0x0000000101344400 'java/lang/invoke/LambdaForm$DMH+0x0000000101344400'
Event: 218.681 Thread 0x000001e07d8eb3b0 Unloading class 0x0000000101344c00 'java/lang/invoke/LambdaForm$DMH+0x0000000101344c00'
Event: 218.681 Thread 0x000001e07d8eb3b0 Unloading class 0x0000000101344000 'java/lang/invoke/LambdaForm$DMH+0x0000000101344000'
Event: 222.049 Thread 0x000001e07d8eb3b0 Unloading class 0x0000000101493400 'java/lang/invoke/LambdaForm$MH+0x0000000101493400'
Event: 222.049 Thread 0x000001e07d8eb3b0 Unloading class 0x0000000101492c00 'java/lang/invoke/LambdaForm$MH+0x0000000101492c00'
Event: 222.049 Thread 0x000001e07d8eb3b0 Unloading class 0x0000000101492400 'java/lang/invoke/LambdaForm$MH+0x0000000101492400'
Event: 222.049 Thread 0x000001e07d8eb3b0 Unloading class 0x0000000101491c00 'java/lang/invoke/LambdaForm$MH+0x0000000101491c00'
Event: 222.049 Thread 0x000001e07d8eb3b0 Unloading class 0x0000000101491800 'java/lang/invoke/LambdaForm$MH+0x0000000101491800'

Classes redefined (0 events):
No events

Internal exceptions (20 events):
Event: 243.883 Thread 0x000001e00508c210 Exception <a 'sun/nio/fs/WindowsException'{0x00000000ad1decc8}> (0x00000000ad1decc8) 
thrown [s\src\hotspot\share\prims\jni.cpp, line 535]
Event: 243.971 Thread 0x000001e005088700 Exception <a 'sun/nio/fs/WindowsException'{0x00000000a36737e0}> (0x00000000a36737e0) 
thrown [s\src\hotspot\share\prims\jni.cpp, line 535]
Event: 243.989 Thread 0x000001e00508d5c0 Exception <a 'sun/nio/fs/WindowsException'{0x00000000a2af8208}> (0x00000000a2af8208) 
thrown [s\src\hotspot\share\prims\jni.cpp, line 535]
Event: 244.456 Thread 0x000001e005089420 Exception <a 'sun/nio/fs/WindowsException'{0x00000000a99cbca0}> (0x00000000a99cbca0) 
thrown [s\src\hotspot\share\prims\jni.cpp, line 535]
Event: 244.496 Thread 0x000001e004ae3490 Exception <a 'sun/nio/fs/WindowsException'{0x00000000a7847b70}> (0x00000000a7847b70) 
thrown [s\src\hotspot\share\prims\jni.cpp, line 535]
Event: 244.548 Thread 0x000001e005d2a6a0 Exception <a 'sun/nio/fs/WindowsException'{0x00000000a4f87ec8}> (0x00000000a4f87ec8) 
thrown [s\src\hotspot\share\prims\jni.cpp, line 535]
Event: 244.750 Thread 0x000001e00508fd20 Exception <a 'sun/nio/fs/WindowsException'{0x000000009c56a370}> (0x000000009c56a370) 
thrown [s\src\hotspot\share\prims\jni.cpp, line 535]
Event: 244.847 Thread 0x000001e00508cf30 Exception <a 'sun/nio/fs/WindowsException'{0x000000009964d688}> (0x000000009964d688) 
thrown [s\src\hotspot\share\prims\jni.cpp, line 535]
Event: 245.035 Thread 0x000001e004fe1af0 Exception <a 'sun/nio/fs/WindowsException'{0x00000000bb5b48d8}> (0x00000000bb5b48d8) 
thrown [s\src\hotspot\share\prims\jni.cpp, line 535]
Event: 245.035 Thread 0x000001e004fe1af0 Exception <a 'sun/nio/fs/WindowsException'{0x00000000bb5b4af8}> (0x00000000bb5b4af8) 
thrown [s\src\hotspot\share\prims\jni.cpp, line 535]
Event: 245.489 Thread 0x000001e00508f690 Exception <a 'sun/nio/fs/WindowsException'{0x00000000a012bc10}> (0x00000000a012bc10) 
thrown [s\src\hotspot\share\prims\jni.cpp, line 535]
Event: 245.751 Thread 0x000001e005088070 Exception <a 'sun/nio/fs/WindowsException'{0x000000009a2ddea0}> (0x000000009a2ddea0) 
thrown [s\src\hotspot\share\prims\jni.cpp, line 535]
Event: 245.827 Thread 0x000001e00508bb80 Exception <a 'sun/nio/fs/WindowsException'{0x0000000099766f10}> (0x0000000099766f10) 
thrown [s\src\hotspot\share\prims\jni.cpp, line 535]
Event: 246.748 Thread 0x000001e00508a140 Exception <a 'sun/nio/fs/WindowsException'{0x00000000bb50ec50}> (0x00000000bb50ec50) 
thrown [s\src\hotspot\share\prims\jni.cpp, line 535]
Event: 246.805 Thread 0x000001e004ae2e00 Exception <a 'sun/nio/fs/WindowsException'{0x00000000bab55318}> (0x00000000bab55318) 
thrown [s\src\hotspot\share\prims\jni.cpp, line 535]
Event: 246.866 Thread 0x000001e004ae2e00 Exception <a 'sun/nio/fs/WindowsException'{0x00000000accb74b8}> (0x00000000accb74b8) 
thrown [s\src\hotspot\share\prims\jni.cpp, line 535]
Event: 246.883 Thread 0x000001e004ae2e00 Exception <a 'sun/nio/fs/WindowsException'{0x00000000acb0d638}> (0x00000000acb0d638) 
thrown [s\src\hotspot\share\prims\jni.cpp, line 535]
Event: 246.883 Thread 0x000001e004ae2e00 Exception <a 'sun/nio/fs/WindowsException'{0x00000000acb0e5a0}> (0x00000000acb0e5a0) 
thrown [s\src\hotspot\share\prims\jni.cpp, line 535]
Event: 246.883 Thread 0x000001e004ae2e00 Exception <a 'sun/nio/fs/WindowsException'{0x00000000acb0e7a8}> (0x00000000acb0e7a8) 
thrown [s\src\hotspot\share\prims\jni.cpp, line 535]
Event: 246.884 Thread 0x000001e004ae2e00 Exception <a 'sun/nio/fs/WindowsException'{0x00000000acb0fe80}> (0x00000000acb0fe80) 
thrown [s\src\hotspot\share\prims\jni.cpp, line 535]

ZGC Phase Switch (0 events):
No events

VM Operations (20 events):
Event: 242.339 Executing VM operation: HandshakeAllThreads (Deoptimize)
Event: 242.340 Executing VM operation: HandshakeAllThreads (Deoptimize) done
Event: 242.606 Executing VM operation: ICBufferFull
Event: 242.606 Executing VM operation: ICBufferFull done
Event: 242.979 Executing VM operation: ICBufferFull
Event: 242.979 Executing VM operation: ICBufferFull done
Event: 243.362 Executing VM operation: ICBufferFull
Event: 243.363 Executing VM operation: ICBufferFull done
Event: 243.640 Executing VM operation: G1CollectForAllocation (G1 Evacuation Pause)
Event: 243.659 Executing VM operation: G1CollectForAllocation (G1 Evacuation Pause) done
Event: 244.254 Executing VM operation: G1CollectForAllocation (G1 Evacuation Pause)
Event: 244.280 Executing VM operation: G1CollectForAllocation (G1 Evacuation Pause) done
Event: 244.927 Executing VM operation: G1CollectForAllocation (G1 Evacuation Pause)
Event: 244.943 Executing VM operation: G1CollectForAllocation (G1 Evacuation Pause) done
Event: 245.076 Executing VM operation: G1PauseRemark
Event: 245.090 Executing VM operation: G1PauseRemark done
Event: 245.183 Executing VM operation: G1PauseCleanup
Event: 245.184 Executing VM operation: G1PauseCleanup done
Event: 246.525 Executing VM operation: G1CollectForAllocation (G1 Evacuation Pause)
Event: 246.532 Executing VM operation: G1CollectForAllocation (G1 Evacuation Pause) done

Memory protections (0 events):
No events

Nmethod flushes (20 events):
Event: 245.088 Thread 0x000001e07d8eb3b0 flushing  nmethod 0x000001e0694a8d10
Event: 245.088 Thread 0x000001e07d8eb3b0 flushing  nmethod 0x000001e0694a9090
Event: 245.088 Thread 0x000001e07d8eb3b0 flushing  nmethod 0x000001e0694a9590
Event: 245.088 Thread 0x000001e07d8eb3b0 flushing  nmethod 0x000001e0696a2910
Event: 245.088 Thread 0x000001e07d8eb3b0 flushing  nmethod 0x000001e0696fb210
Event: 245.088 Thread 0x000001e07d8eb3b0 flushing  nmethod 0x000001e0696fd110
Event: 245.088 Thread 0x000001e07d8eb3b0 flushing  nmethod 0x000001e069745310
Event: 245.088 Thread 0x000001e07d8eb3b0 flushing  nmethod 0x000001e069745810
Event: 245.088 Thread 0x000001e07d8eb3b0 flushing  nmethod 0x000001e069746090
Event: 245.088 Thread 0x000001e07d8eb3b0 flushing  nmethod 0x000001e06975cd90
Event: 245.088 Thread 0x000001e07d8eb3b0 flushing  nmethod 0x000001e0697f2890
Event: 245.088 Thread 0x000001e07d8eb3b0 flushing  nmethod 0x000001e06994fb90
Event: 245.088 Thread 0x000001e07d8eb3b0 flushing  nmethod 0x000001e06998db90
Event: 245.088 Thread 0x000001e07d8eb3b0 flushing  nmethod 0x000001e06998e090
Event: 245.088 Thread 0x000001e07d8eb3b0 flushing  nmethod 0x000001e069c69a90
Event: 245.088 Thread 0x000001e07d8eb3b0 flushing  nmethod 0x000001e069c6e790
Event: 245.088 Thread 0x000001e07d8eb3b0 flushing  nmethod 0x000001e069c6f210
Event: 245.088 Thread 0x000001e07d8eb3b0 flushing  nmethod 0x000001e069c6fa90
Event: 245.088 Thread 0x000001e07d8eb3b0 flushing  nmethod 0x000001e069c89d10
Event: 245.088 Thread 0x000001e07d8eb3b0 flushing  nmethod 0x000001e069c8aa90

Events (20 events):
Event: 237.611 Thread 0x000001e006cc1fc0 Thread added: 0x000001e006cc2690
Event: 237.880 Thread 0x000001e006cc1fc0 Thread added: 0x000001e006cc2d60
Event: 237.889 Thread 0x000001e00a1183d0 Thread added: 0x000001e006cc3430
Event: 237.896 Thread 0x000001e07d9d0320 Thread added: 0x000001e006cc5640
Event: 241.008 Thread 0x000001e007ec37d0 Thread added: 0x000001e014213630
Event: 241.195 Loaded shared library C:\Users\herna\AppData\Local\Temp\native-platform683790635968942245dir\native-platform.dll
Event: 241.239 Thread 0x000001e004feab50 Thread added: 0x000001e00af7a2d0
Event: 242.285 Thread 0x000001e00af7a2d0 Thread exited: 0x000001e00af7a2d0
Event: 242.403 Thread 0x000001e004feab50 Thread added: 0x000001e005ef9ed0
Event: 242.415 Thread 0x000001e004feab50 Thread added: 0x000001e005ef7e00
Event: 242.417 Loaded shared library C:\Program Files\Android\Android Studio\jbr\bin\rmi.dll
Event: 242.418 Thread 0x000001e004feab50 Thread added: 0x000001e005ef8b20
Event: 242.524 Thread 0x000001e004feab50 Thread added: 0x000001e005efa560
Event: 242.524 Thread 0x000001e004feab50 Thread added: 0x000001e005ef9840
Event: 242.601 Thread 0x000001e005efa560 Thread added: 0x000001e013abe180
Event: 243.043 Thread 0x000001e0089cf9b0 Thread added: 0x000001e00ad58c50
Event: 245.064 Thread 0x000001e004fe9110 Thread exited: 0x000001e004fe9110
Event: 245.933 Thread 0x000001e006cc1fc0 Thread exited: 0x000001e006cc1fc0
Event: 246.004 Thread 0x000001e00a1183d0 Thread exited: 0x000001e00a1183d0
Event: 246.796 Thread 0x000001e004ae2e00 Thread added: 0x000001e007572900


Dynamic libraries:
0x00007ff631fa0000 - 0x00007ff631faa000 	C:\Program Files\Android\Android Studio\jbr\bin\java.exe
0x00007ffc8a7e0000 - 0x00007ffc8aa43000 	C:\WINDOWS\SYSTEM32\ntdll.dll
0x00007ffc89ae0000 - 0x00007ffc89ba7000 	C:\WINDOWS\System32\KERNEL32.DLL
0x00007ffc87d90000 - 0x00007ffc88157000 	C:\WINDOWS\System32\KERNELBASE.dll
0x00007ffc88160000 - 0x00007ffc882ac000 	C:\WINDOWS\System32\ucrtbase.dll
0x00007ffc28050000 - 0x00007ffc28068000 	C:\Program Files\Android\Android Studio\jbr\bin\jli.dll
0x00007ffc765a0000 - 0x00007ffc765bb000 	C:\Program Files\Android\Android Studio\jbr\bin\VCRUNTIME140.dll
0x00007ffc8a530000 - 0x00007ffc8a6f9000 	C:\WINDOWS\System32\USER32.dll
0x00007ffc76cf0000 - 0x00007ffc76f80000 	C:\WINDOWS\WinSxS\amd64_microsoft.windows.common-controls_6595b64144ccf1df_6.0.26100.3037_none_3e09262ce333c378\COMCTL32.dll
0x00007ffc87d60000 - 0x00007ffc87d87000 	C:\WINDOWS\System32\win32u.dll
0x00007ffc89dc0000 - 0x00007ffc89e69000 	C:\WINDOWS\System32\msvcrt.dll
0x00007ffc8a500000 - 0x00007ffc8a52a000 	C:\WINDOWS\System32\GDI32.dll
0x00007ffc87c30000 - 0x00007ffc87d5b000 	C:\WINDOWS\System32\gdi32full.dll
0x00007ffc87b80000 - 0x00007ffc87c23000 	C:\WINDOWS\System32\msvcp_win.dll
0x00007ffc8a760000 - 0x00007ffc8a78f000 	C:\WINDOWS\System32\IMM32.DLL
0x00007ffc82a30000 - 0x00007ffc82a3c000 	C:\Program Files\Android\Android Studio\jbr\bin\vcruntime140_1.dll
0x00007ffc22710000 - 0x00007ffc2279d000 	C:\Program Files\Android\Android Studio\jbr\bin\msvcp140.dll
0x00007ffc227a0000 - 0x00007ffc2342a000 	C:\Program Files\Android\Android Studio\jbr\bin\server\jvm.dll
0x00007ffc88c40000 - 0x00007ffc88cf4000 	C:\WINDOWS\System32\ADVAPI32.dll
0x00007ffc8a430000 - 0x00007ffc8a4d6000 	C:\WINDOWS\System32\sechost.dll
0x00007ffc88d00000 - 0x00007ffc88e16000 	C:\WINDOWS\System32\RPCRT4.dll
0x00007ffc89ec0000 - 0x00007ffc89f34000 	C:\WINDOWS\System32\WS2_32.dll
0x00007ffc87850000 - 0x00007ffc8789e000 	C:\WINDOWS\SYSTEM32\POWRPROF.dll
0x00007ffc7f5e0000 - 0x00007ffc7f616000 	C:\WINDOWS\SYSTEM32\WINMM.dll
0x00007ffc7f790000 - 0x00007ffc7f79b000 	C:\WINDOWS\SYSTEM32\VERSION.dll
0x00007ffc87800000 - 0x00007ffc87814000 	C:\WINDOWS\SYSTEM32\UMPDC.dll
0x00007ffc869b0000 - 0x00007ffc869ca000 	C:\WINDOWS\SYSTEM32\kernel.appcore.dll
0x00007ffc67fe0000 - 0x00007ffc67fea000 	C:\Program Files\Android\Android Studio\jbr\bin\jimage.dll
0x00007ffc7b030000 - 0x00007ffc7b271000 	C:\WINDOWS\SYSTEM32\DBGHELP.DLL
0x00007ffc89670000 - 0x00007ffc899ee000 	C:\WINDOWS\System32\combase.dll
0x00007ffc8a2c0000 - 0x00007ffc8a396000 	C:\WINDOWS\System32\OLEAUT32.dll
0x00007ffc64690000 - 0x00007ffc646c9000 	C:\WINDOWS\SYSTEM32\dbgcore.DLL
0x00007ffc884c0000 - 0x00007ffc88559000 	C:\WINDOWS\System32\bcryptPrimitives.dll
0x00007ffc485c0000 - 0x00007ffc485ce000 	C:\Program Files\Android\Android Studio\jbr\bin\instrument.dll
0x00007ffc67fc0000 - 0x00007ffc67fe0000 	C:\Program Files\Android\Android Studio\jbr\bin\java.dll
0x00007ffc67fa0000 - 0x00007ffc67fb8000 	C:\Program Files\Android\Android Studio\jbr\bin\zip.dll
0x00007ffc88f60000 - 0x00007ffc89664000 	C:\WINDOWS\System32\SHELL32.dll
0x00007ffc85880000 - 0x00007ffc860b7000 	C:\WINDOWS\SYSTEM32\windows.storage.dll
0x00007ffc88e30000 - 0x00007ffc88f19000 	C:\WINDOWS\System32\SHCORE.dll
0x00007ffc8a700000 - 0x00007ffc8a75d000 	C:\WINDOWS\System32\shlwapi.dll
0x00007ffc87a90000 - 0x00007ffc87abe000 	C:\WINDOWS\SYSTEM32\profapi.dll
0x00007ffc67f90000 - 0x00007ffc67fa0000 	C:\Program Files\Android\Android Studio\jbr\bin\net.dll
0x00007ffc810f0000 - 0x00007ffc8120e000 	C:\WINDOWS\SYSTEM32\WINHTTP.dll
0x00007ffc86ec0000 - 0x00007ffc86f2a000 	C:\WINDOWS\system32\mswsock.dll
0x00007ffc67f70000 - 0x00007ffc67f86000 	C:\Program Files\Android\Android Studio\jbr\bin\nio.dll
0x00007ffc53a30000 - 0x00007ffc53a40000 	C:\Program Files\Android\Android Studio\jbr\bin\verify.dll
0x00007ffc27280000 - 0x00007ffc272a7000 	C:\Users\herna\.gradle\native\c067742578af261105cb4f569cf0c3c89f3d7b1fecec35dd04571415982c5e48\windows-amd64\native-platform.dll
0x00007ffc225c0000 - 0x00007ffc22704000 	C:\Users\herna\.gradle\native\100fb08df4bc3b14c8652ba06237920a3bd2aa13389f12d3474272988ae205f9\windows-amd64\native-platform-file-events.dll
0x00007ffc67f40000 - 0x00007ffc67f49000 	C:\Program Files\Android\Android Studio\jbr\bin\management.dll
0x00007ffc55bf0000 - 0x00007ffc55bfb000 	C:\Program Files\Android\Android Studio\jbr\bin\management_ext.dll
0x00007ffc89f40000 - 0x00007ffc89f48000 	C:\WINDOWS\System32\PSAPI.DLL
0x00007ffc87160000 - 0x00007ffc8717c000 	C:\WINDOWS\SYSTEM32\CRYPTSP.dll
0x00007ffc86910000 - 0x00007ffc86948000 	C:\WINDOWS\system32\rsaenh.dll
0x00007ffc86f60000 - 0x00007ffc86f8b000 	C:\WINDOWS\SYSTEM32\USERENV.dll
0x00007ffc87330000 - 0x00007ffc87356000 	C:\WINDOWS\SYSTEM32\bcrypt.dll
0x00007ffc87180000 - 0x00007ffc8718c000 	C:\WINDOWS\SYSTEM32\CRYPTBASE.dll
0x00007ffc86480000 - 0x00007ffc864b2000 	C:\WINDOWS\SYSTEM32\IPHLPAPI.DLL
0x00007ffc88f50000 - 0x00007ffc88f5a000 	C:\WINDOWS\System32\NSI.dll
0x00007ffc67f50000 - 0x00007ffc67f59000 	C:\Program Files\Android\Android Studio\jbr\bin\extnet.dll
0x00007ffc67f60000 - 0x00007ffc67f68000 	C:\WINDOWS\system32\wshunix.dll
0x00007ffc63990000 - 0x00007ffc639a8000 	C:\WINDOWS\system32\napinsp.dll
0x00007ffc864c0000 - 0x00007ffc865e5000 	C:\WINDOWS\SYSTEM32\DNSAPI.dll
0x00007ffc656a0000 - 0x00007ffc656b2000 	C:\WINDOWS\System32\winrnr.dll
0x00007ffc63cb0000 - 0x00007ffc63cd2000 	C:\WINDOWS\system32\nlansp_c.dll
0x00007ffc7d0b0000 - 0x00007ffc7d0c6000 	C:\WINDOWS\system32\wshbth.dll
0x00007ffc7f980000 - 0x00007ffc7f98b000 	C:\Windows\System32\rasadhlp.dll
0x00007ffc813d0000 - 0x00007ffc81455000 	C:\WINDOWS\System32\fwpuclnt.dll
0x00007ffc86ad0000 - 0x00007ffc86b05000 	C:\WINDOWS\SYSTEM32\ntmarta.dll
0x00007ffc84cc0000 - 0x00007ffc84d5c000 	C:\WINDOWS\system32\apphelp.dll
0x00007ffc82b40000 - 0x00007ffc82b5e000 	C:\Users\herna\AppData\Local\Temp\native-platform683790635968942245dir\native-platform.dll
0x00007ffc82eb0000 - 0x00007ffc82eb7000 	C:\Program Files\Android\Android Studio\jbr\bin\rmi.dll

dbghelp: loaded successfully - version: 4.0.5 - missing functions: none
symbol engine: initialized successfully - sym options: 0x614 - pdb path: .;C:\Program Files\Android\Android Studio\jbr\bin;C:\WINDOWS\SYSTEM32;C:\WINDOWS\WinSxS\amd64_microsoft.windows.common-controls_6595b64144ccf1df_6.0.26100.3037_none_3e09262ce333c378;C:\Program Files\Android\Android Studio\jbr\bin\server;C:\Users\herna\.gradle\native\c067742578af261105cb4f569cf0c3c89f3d7b1fecec35dd04571415982c5e48\windows-amd64;C:\Users\herna\.gradle\native\100fb08df4bc3b14c8652ba06237920a3bd2aa13389f12d3474272988ae205f9\windows-amd64;C:\Users\herna\AppData\Local\Temp\native-platform683790635968942245dir

VM Arguments:
jvm_args: --add-opens=java.base/java.util=ALL-UNNAMED --add-opens=java.base/java.lang=ALL-UNNAMED --add-opens=java.base/java.lang.invoke=ALL-UNNAMED --add-opens=java.prefs/java.util.prefs=ALL-UNNAMED --add-exports=jdk.compiler/com.sun.tools.javac.api=ALL-UNNAMED --add-exports=jdk.compiler/com.sun.tools.javac.util=ALL-UNNAMED --add-opens=java.base/java.nio.charset=ALL-UNNAMED --add-opens=java.base/java.net=ALL-UNNAMED --add-opens=java.base/java.util.concurrent.atomic=ALL-UNNAMED -Xmx2048m -Dfile.encoding=UTF-8 -Duser.country=MX -Duser.language=es -Duser.variant -javaagent:C:\Users\herna\.gradle\wrapper\dists\gradle-8.10.2-bin\a04bxjujx95o3nb99gddekhwo\gradle-8.10.2\lib\agents\gradle-instrumentation-agent-8.10.2.jar 
java_command: org.gradle.launcher.daemon.bootstrap.GradleDaemon 8.10.2
java_class_path (initial): C:\Users\herna\.gradle\wrapper\dists\gradle-8.10.2-bin\a04bxjujx95o3nb99gddekhwo\gradle-8.10.2\lib\gradle-daemon-main-8.10.2.jar
Launcher Type: SUN_STANDARD

[Global flags]
     intx CICompilerCount                          = 12                                        {product} {ergonomic}
     uint ConcGCThreads                            = 3                                         {product} {ergonomic}
     uint G1ConcRefinementThreads                  = 13                                        {product} {ergonomic}
   size_t G1HeapRegionSize                         = 1048576                                   {product} {ergonomic}
    uintx GCDrainStackTargetSize                   = 64                                        {product} {ergonomic}
   size_t InitialHeapSize                          = 257949696                                 {product} {ergonomic}
   size_t MarkStackSize                            = 4194304                                   {product} {ergonomic}
   size_t MaxHeapSize                              = 2147483648                                {product} {command line}
   size_t MaxNewSize                               = 1287651328                                {product} {ergonomic}
   size_t MinHeapDeltaBytes                        = 1048576                                   {product} {ergonomic}
   size_t MinHeapSize                              = 8388608                                   {product} {ergonomic}
    uintx NonNMethodCodeHeapSize                   = 7602480                                {pd product} {ergonomic}
    uintx NonProfiledCodeHeapSize                  = 122027880                              {pd product} {ergonomic}
    uintx ProfiledCodeHeapSize                     = 122027880                              {pd product} {ergonomic}
    uintx ReservedCodeCacheSize                    = 251658240                              {pd product} {ergonomic}
     bool SegmentedCodeCache                       = true                                      {product} {ergonomic}
   size_t SoftMaxHeapSize                          = 2147483648                             {manageable} {ergonomic}
     bool UseCompressedOops                        = true                           {product lp64_product} {ergonomic}
     bool UseG1GC                                  = true                                      {product} {ergonomic}
     bool UseLargePagesIndividualAllocation        = false                                  {pd product} {ergonomic}

Logging:
Log output configuration:
 #0: stdout all=warning uptime,level,tags foldmultilines=false
 #1: stderr all=off uptime,level,tags foldmultilines=false

Environment Variables:
JAVA_HOME=C:\Program Files\Amazon Corretto\jdk21.0.6_7
PATH=C:\Program Files\Amazon Corretto\jdk21.0.6_7\bin;C:\windows\system32;C:\windows;C:\windows\System32\Wbem;C:\windows\System32\WindowsPowerShell\v1.0\;C:\windows\System32\OpenSSH\;C:\Program Files\HP\HP One Agent;C:\WINDOWS\system32;C:\WINDOWS;C:\WINDOWS\System32\Wbem;C:\WINDOWS\System32\WindowsPowerShell\v1.0\;C:\WINDOWS\System32\OpenSSH\;C:\Program Files\Git\cmd;C:\maven\bin;C:\Program Files\nodejs\;C:\ProgramData\chocolatey\bin;C:\Users\herna\AppData\Local\Programs\Python\Python313\Scripts\;C:\Users\herna\AppData\Local\Programs\Python\Python313\;C:\Users\herna\AppData\Local\Microsoft\WindowsApps;C:\Users\herna\AppData\Local\Programs\Microsoft VS Code\bin;C:\Users\herna\AppData\Local\GitHubDesktop\bin;C:\Users\herna\AppData\Roaming\npm
USERNAME=herna
OS=Windows_NT
PROCESSOR_IDENTIFIER=AMD64 Family 25 Model 80 Stepping 0, AuthenticAMD
TMP=C:\Users\herna\AppData\Local\Temp
TEMP=C:\Users\herna\AppData\Local\Temp




Periodic native trim disabled

JNI global refs:
JNI global refs: 44, weak refs: 129

JNI global refs memory usage: 835, weak refs: 3425

Process memory usage:
Resident Set Size: 1395268K (8% of 16088428K total physical memory with 4225732K free physical memory)

OOME stack traces (most recent first):
Classloader memory used:
Loader org.gradle.internal.classloader.VisitableURLClassLoader$InstrumentingVisitableURLClassLoader: 62905K
Loader org.gradle.internal.classloader.VisitableURLClassLoader                         : 45308K
Loader bootstrap                                                                       : 32632K
Loader org.gradle.initialization.MixInLegacyTypesClassLoader                           : 12291K
Loader java.net.URLClassLoader                                                         : 5233K
Loader jdk.internal.reflect.DelegatingClassLoader                                      : 728K
Loader jdk.internal.loader.ClassLoaders$PlatformClassLoader                            : 592K
Loader jdk.internal.loader.ClassLoaders$AppClassLoader                                 : 234K
Loader org.gradle.internal.classloader.VisitableURLClassLoader                         : 219K
Loader sun.reflect.misc.MethodUtil                                                     : 2952B

Classes loaded by more than one classloader:
Class Program                                                                         : loaded 5 times (x 68B)
Class Build_gradle                                                                    : loaded 3 times (x 126B)
Class Build_gradle$1                                                                  : loaded 3 times (x 70B)
Class com.google.common.base.Equivalence$Identity                                     : loaded 2 times (x 78B)
Class com.google.common.base.PairwiseEquivalence                                      : loaded 2 times (x 79B)
Class com.google.common.collect.RegularImmutableMap$KeySet                            : loaded 2 times (x 146B)
Class org.gradle.internal.classloader.FilteringClassLoader                            : loaded 2 times (x 101B)
Class kotlin.jvm.internal.CollectionToArray                                           : loaded 2 times (x 67B)
Class kotlin.io.FilesKt__FileTreeWalkKt                                               : loaded 2 times (x 67B)
Class kotlin.sequences.FilteringSequence$iterator$1                                   : loaded 2 times (x 75B)
Class kotlin.sequences.SequencesKt__SequenceBuilderKt                                 : loaded 2 times (x 67B)
Class kotlin.collections.CollectionsKt__ReversedViewsKt                               : loaded 2 times (x 67B)
Class net.rubygrapefruit.platform.internal.Platform$FreeBSD64Bit                      : loaded 2 times (x 78B)
Class com.google.common.cache.LocalCache$ValueIterator                                : loaded 2 times (x 82B)
Class [Lcom.google.common.collect.MapMakerInternalMap$Segment;                        : loaded 2 times (x 65B)
Class com.google.common.io.FileWriteMode                                              : loaded 2 times (x 75B)
Class [Lcom.google.common.base.AbstractIterator$State;                                : loaded 2 times (x 65B)
Class com.google.common.base.CharMatcher$IsEither                                     : loaded 2 times (x 107B)
Class org.gradle.internal.classloader.ClassLoaderHierarchy                            : loaded 2 times (x 66B)
Class net.rubygrapefruit.platform.internal.Platform$FreeBSD                           : loaded 2 times (x 78B)
Class com.google.common.collect.AbstractMapBasedMultimap$WrappedCollection            : loaded 2 times (x 120B)
Class com.google.common.collect.ImmutableEnumSet                                      : loaded 2 times (x 142B)
Class com.google.common.util.concurrent.ExecutionError                                : loaded 2 times (x 78B)
Class com.google.common.collect.ImmutableList$1                                       : loaded 2 times (x 93B)
Class org.gradle.api.internal.classpath.ManifestUtil                                  : loaded 2 times (x 67B)
Class net.rubygrapefruit.platform.NativeException                                     : loaded 2 times (x 78B)
Class com.google.common.io.ByteArrayDataOutput                                        : loaded 2 times (x 66B)
Class com.google.common.collect.RegularImmutableMap                                   : loaded 2 times (x 117B)
Class com.google.common.collect.ImmutableMap$MapViewOfValuesAsSingletonSets           : loaded 2 times (x 121B)
Class com.google.common.reflect.TypeCapture                                           : loaded 2 times (x 67B)
Class com.google.common.cache.LocalCache$Values                                       : loaded 2 times (x 114B)
Class com.google.common.collect.TransformedListIterator                               : loaded 2 times (x 89B)
Class [Lorg.objectweb.asm.Symbol;                                                     : loaded 2 times (x 65B)
Class org.objectweb.asm.ClassVisitor                                                  : loaded 2 times (x 84B)
Class com.google.common.collect.UnmodifiableListIterator                              : loaded 2 times (x 91B)
Class org.jetbrains.kotlin.name.FqNameUnsafe$1                                        : loaded 2 times (x 70B)
Class com.google.common.collect.MapMakerInternalMap$StrongKeyDummyValueEntry$LinkedStrongKeyDummyValueEntry: loaded 2 times (x 78B)
Class com.google.common.collect.MapMakerInternalMap$Strength                          : loaded 2 times (x 76B)
Class com.google.common.base.Platform$JdkPatternCompiler                              : loaded 2 times (x 71B)
Class org.objectweb.asm.MethodTooLargeException                                       : loaded 2 times (x 79B)
Class [Lcom.google.common.cache.CacheBuilder$OneWeigher;                              : loaded 2 times (x 65B)
Class com.google.common.base.Suppliers                                                : loaded 2 times (x 67B)
Class org.gradle.internal.classloader.DefaultClassLoaderFactory                       : loaded 2 times (x 78B)
Class kotlin.sequences.SequencesKt___SequencesKt                                      : loaded 2 times (x 67B)
Class kotlin.collections.AbstractList$Companion                                       : loaded 2 times (x 67B)
Class org.apache.commons.io.file.PathUtils                                            : loaded 2 times (x 67B)
Class [Lcom.google.common.collect.AbstractIterator$State;                             : loaded 2 times (x 65B)
Class com.google.common.base.CharMatcher$None                                         : loaded 2 times (x 108B)
Class org.gradle.internal.classloader.ClassLoaderVisitor                              : loaded 2 times (x 72B)
Class net.rubygrapefruit.platform.NativeIntegrationUnavailableException               : loaded 2 times (x 78B)
Class net.rubygrapefruit.platform.internal.Platform                                   : loaded 2 times (x 75B)
Class [Lcom.google.common.collect.ImmutableMapEntry;                                  : loaded 2 times (x 65B)
Class org.gradle.api.internal.classpath.EffectiveClassPath                            : loaded 2 times (x 86B)
Class kotlin.text.StringsKt__AppendableKt                                             : loaded 2 times (x 67B)
Class [Lorg.apache.commons.io.StandardLineSeparator;                                  : loaded 2 times (x 65B)
Class org.apache.commons.io.output.StringBuilderWriter                                : loaded 2 times (x 96B)
Class com.google.common.collect.AbstractIterator$1                                    : loaded 2 times (x 67B)
Class com.google.common.collect.ImmutableRangeSet                                     : loaded 2 times (x 111B)
Class com.google.common.collect.ImmutableEnumMap                                      : loaded 2 times (x 121B)
Class com.google.common.collect.ListMultimap                                          : loaded 2 times (x 66B)
Class [Lkotlin.reflect.KCallable;                                                     : loaded 2 times (x 65B)
Class com.google.common.collect.ImmutableSet$SerializedForm                           : loaded 2 times (x 69B)
Class com.google.common.collect.Iterators$EmptyModifiableIterator                     : loaded 2 times (x 82B)
Class com.google.common.collect.Sets$1                                                : loaded 2 times (x 135B)
Class org.objectweb.asm.AnnotationVisitor                                             : loaded 2 times (x 74B)
Class com.google.common.base.Splitter                                                 : loaded 2 times (x 68B)
Class org.gradle.api.internal.DefaultClassPathProvider                                : loaded 2 times (x 72B)
Class kotlin.sequences.Sequence                                                       : loaded 2 times (x 66B)
Class kotlin.text.StringsKt__StringNumberConversionsJVMKt                             : loaded 2 times (x 67B)
Class com.google.common.collect.MapMakerInternalMap$Strength$1                        : loaded 2 times (x 76B)
Class com.google.common.collect.Maps$ViewCachingAbstractMap                           : loaded 2 times (x 121B)
Class com.google.common.collect.Sets$2                                                : loaded 2 times (x 135B)
Class [Lorg.gradle.api.internal.ClassPathProvider;                                    : loaded 2 times (x 65B)
Class org.gradle.api.internal.ClassPathProvider                                       : loaded 2 times (x 66B)
Class com.google.common.reflect.Types$ClassOwnership$1                                : loaded 2 times (x 76B)
Class com.google.common.collect.MapMakerInternalMap$Strength$2                        : loaded 2 times (x 76B)
Class [Lorg.objectweb.asm.AnnotationVisitor;                                          : loaded 2 times (x 65B)
Class com.google.common.collect.Sets$3                                                : loaded 2 times (x 135B)
Class com.google.common.util.concurrent.AbstractFuture$SafeAtomicHelper               : loaded 2 times (x 75B)
Class com.google.common.cache.LocalCache$LocalLoadingCache                            : loaded 2 times (x 130B)
Class com.google.common.base.AbstractIterator$State                                   : loaded 2 times (x 75B)
Class org.gradle.internal.service.UnknownServiceException                             : loaded 2 times (x 79B)
Class com.google.common.reflect.Types$ClassOwnership$2                                : loaded 2 times (x 76B)
Class com.google.common.reflect.TypeResolver                                          : loaded 2 times (x 68B)
Class com.google.common.io.ByteArrayDataInput                                         : loaded 2 times (x 66B)
Class com.google.common.collect.MapMakerInternalMap$StrongValueEntry                  : loaded 2 times (x 66B)
Class com.google.common.collect.Sets$4                                                : loaded 2 times (x 135B)
Class org.objectweb.asm.ModuleVisitor                                                 : loaded 2 times (x 77B)
Class com.google.common.cache.LocalCache$Strength$1                                   : loaded 2 times (x 77B)
Class org.apache.commons.io.output.QueueOutputStream                                  : loaded 2 times (x 83B)
Class net.rubygrapefruit.platform.internal.Platform$MacOs64Bit                        : loaded 2 times (x 78B)
Class com.google.common.reflect.Types$ClassOwnership$3                                : loaded 2 times (x 67B)
Class com.google.common.util.concurrent.SettableFuture                                : loaded 2 times (x 110B)
Class com.google.common.cache.LocalCache$Strength$2                                   : loaded 2 times (x 77B)
Class kotlin.collections.ArraysKt___ArraysJvmKt                                       : loaded 2 times (x 67B)
Class kotlin.collections.CollectionsKt__CollectionsKt                                 : loaded 2 times (x 67B)
Class kotlin.text.StringsKt__RegexExtensionsJVMKt                                     : loaded 2 times (x 67B)
Class net.rubygrapefruit.platform.internal.Platform$Posix                             : loaded 2 times (x 77B)
Class com.google.common.io.ByteStreams                                                : loaded 2 times (x 67B)
Class com.google.common.collect.Interners$InternerImpl                                : loaded 2 times (x 71B)
Class com.google.common.collect.Interner                                              : loaded 2 times (x 66B)
Class com.google.common.collect.TransformedIterator                                   : loaded 2 times (x 76B)
Class com.google.common.cache.LocalCache$Strength$3                                   : loaded 2 times (x 77B)
Class com.google.common.collect.MapDifference                                         : loaded 2 times (x 66B)
Class com.google.common.base.Splitter$1                                               : loaded 2 times (x 73B)
Class kotlin._Assertions                                                              : loaded 2 times (x 67B)
Class com.google.common.reflect.Invokable                                             : loaded 2 times (x 99B)
Class com.google.common.collect.MapMaker$Dummy                                        : loaded 2 times (x 75B)
Class org.objectweb.asm.FieldWriter                                                   : loaded 2 times (x 74B)
Class com.google.common.cache.CacheBuilder$NullListener                               : loaded 2 times (x 78B)
Class org.gradle.internal.classpath.TransformedClassPath                              : loaded 2 times (x 92B)
Class org.gradle.internal.classloader.InstrumentingClassLoader                        : loaded 2 times (x 66B)
Class kotlin.jvm.internal.FunctionReference                                           : loaded 2 times (x 118B)
Class kotlin.jvm.internal.FunctionBase                                                : loaded 2 times (x 66B)
Class kotlin.enums.EnumEntriesList                                                    : loaded 2 times (x 219B)
Class org.apache.commons.io.output.UnsynchronizedByteArrayOutputStream                : loaded 2 times (x 98B)
Class com.google.common.reflect.Types$ParameterizedTypeImpl                           : loaded 2 times (x 77B)
Class com.google.common.collect.ImmutableListMultimap                                 : loaded 2 times (x 172B)
Class com.google.common.collect.ImmutableRangeSet$AsSet                               : loaded 2 times (x 295B)
Class com.google.common.cache.CacheLoader$FunctionToCacheLoader                       : loaded 2 times (x 71B)
Class com.google.common.collect.Iterators$ArrayItr                                    : loaded 2 times (x 93B)
Class com.google.common.collect.ImmutableCollection$Builder                           : loaded 2 times (x 72B)
Class kotlin.comparisons.ComparisonsKt___ComparisonsJvmKt                             : loaded 2 times (x 67B)
Class kotlin.collections.CollectionsKt__IteratorsJVMKt                                : loaded 2 times (x 67B)
Class org.apache.commons.io.output.ByteArrayOutputStream                              : loaded 2 times (x 98B)
Class com.google.common.reflect.TypeResolver$TypeVariableKey                          : loaded 2 times (x 68B)
Class com.google.common.collect.EmptyImmutableListMultimap                            : loaded 2 times (x 172B)
Class com.google.common.collect.BaseImmutableMultimap                                 : loaded 2 times (x 119B)
Class com.google.common.base.Joiner                                                   : loaded 2 times (x 75B)
Class com.google.common.base.MoreObjects                                              : loaded 2 times (x 67B)
Class org.jetbrains.kotlin.build.report.metrics.GradleBuildTime                       : loaded 2 times (x 82B)
Class [Lorg.objectweb.asm.Attribute;                                                  : loaded 2 times (x 65B)
Class [Lorg.objectweb.asm.Type;                                                       : loaded 2 times (x 65B)
Class com.google.common.collect.Platform                                              : loaded 2 times (x 67B)
Class com.google.common.collect.UnmodifiableIterator                                  : loaded 2 times (x 76B)
Class org.gradle.internal.service.ServiceLocator                                      : loaded 2 times (x 66B)
Class kotlin.Pair                                                                     : loaded 2 times (x 68B)
Class [Lkotlin.Function;                                                              : loaded 2 times (x 65B)
Class org.apache.commons.io.FileExistsException                                       : loaded 2 times (x 78B)
Class com.google.common.base.Ascii                                                    : loaded 2 times (x 67B)
Class com.google.common.collect.SingletonImmutableBiMap                               : loaded 2 times (x 139B)
Class com.google.common.cache.LocalCache$1                                            : loaded 2 times (x 85B)
Class com.google.common.collect.AbstractMapEntry                                      : loaded 2 times (x 77B)
Class kotlin.collections.CollectionsKt___CollectionsKt$withIndex$1                    : loaded 2 times (x 75B)
Class kotlin.io.CloseableKt                                                           : loaded 2 times (x 67B)
Class kotlin.collections.CollectionsKt__MutableCollectionsKt                          : loaded 2 times (x 67B)
Class com.google.common.reflect.TypeToken$SimpleTypeToken                             : loaded 2 times (x 69B)
Class com.google.common.collect.MapMakerInternalMap$AbstractStrongKeyEntry            : loaded 2 times (x 76B)
Class com.google.common.collect.Sets$ImprovedAbstractSet                              : loaded 2 times (x 131B)
Class com.google.common.collect.ImmutableList$Builder                                 : loaded 2 times (x 73B)
Class com.google.common.cache.LocalCache$2                                            : loaded 2 times (x 138B)
Class com.google.common.collect.AbstractMultimap                                      : loaded 2 times (x 119B)
Class kotlin.reflect.KCallable                                                        : loaded 2 times (x 66B)
Class kotlin.io.TerminateException                                                    : loaded 2 times (x 78B)
Class kotlin.io.FilesKt__FilePathComponentsKt                                         : loaded 2 times (x 67B)
Class com.google.common.collect.ImmutableRangeSet$1                                   : loaded 2 times (x 205B)
Class com.google.common.util.concurrent.AbstractFuture$UnsafeAtomicHelper$1           : loaded 2 times (x 72B)
Class com.google.common.collect.RegularImmutableAsList                                : loaded 2 times (x 212B)
Class com.google.common.base.Optional                                                 : loaded 2 times (x 76B)
Class com.google.common.collect.Range                                                 : loaded 2 times (x 83B)
Class com.google.common.util.concurrent.AbstractFuture$Trusted                        : loaded 2 times (x 66B)
Class com.google.common.collect.Iterators                                             : loaded 2 times (x 67B)
Class com.google.common.base.CharMatcher$RangesMatcher                                : loaded 2 times (x 108B)
Class [Lorg.jetbrains.kotlin.build.report.metrics.BuildTime;                          : loaded 2 times (x 65B)
Class net.rubygrapefruit.platform.internal.Platform$Linux32Bit                        : loaded 2 times (x 79B)
Class com.google.common.io.ByteSink$AsCharSink                                        : loaded 2 times (x 76B)
Class com.google.common.util.concurrent.UncheckedExecutionException                   : loaded 2 times (x 78B)
Class com.google.common.collect.Lists$StringAsImmutableList                           : loaded 2 times (x 203B)
Class org.gradle.kotlin.dsl.VersionCatalogAccessorsKt                                 : loaded 2 times (x 67B)
Class net.rubygrapefruit.platform.Native                                              : loaded 2 times (x 67B)
Class net.rubygrapefruit.platform.NativeIntegration                                   : loaded 2 times (x 66B)
Class com.google.common.collect.ImmutableSortedSetFauxverideShim                      : loaded 2 times (x 143B)
Class com.google.common.base.CharMatcher$JavaLetterOrDigit                            : loaded 2 times (x 107B)
Class org.gradle.internal.InternalTransformer                                         : loaded 2 times (x 66B)
Class kotlin.collections.EmptyList                                                    : loaded 2 times (x 170B)
Class kotlin.collections.MapsKt__MapsJVMKt                                            : loaded 2 times (x 67B)
Class [Lnet.rubygrapefruit.platform.internal.FunctionResult$Failure;                  : loaded 2 times (x 65B)
Class com.google.common.collect.AbstractMapBasedMultimap$KeySet$1                     : loaded 2 times (x 78B)
Class org.objectweb.asm.ClassWriter                                                   : loaded 2 times (x 102B)
Class com.google.common.cache.CacheLoader$UnsupportedLoadingOperationException        : loaded 2 times (x 78B)
Class com.google.common.base.CharMatcher$And                                          : loaded 2 times (x 108B)
Class org.gradle.internal.classloader.ClasspathUtil$1                                 : loaded 2 times (x 72B)
Class com.google.common.collect.FluentIterable$1                                      : loaded 2 times (x 77B)
Class com.google.common.base.Objects                                                  : loaded 2 times (x 67B)
Class org.objectweb.asm.FieldVisitor                                                  : loaded 2 times (x 73B)
Class com.google.common.collect.IndexedImmutableSet                                   : loaded 2 times (x 146B)
Class com.google.common.collect.ImmutableMap$1                                        : loaded 2 times (x 77B)
Class com.google.common.collect.BiMap                                                 : loaded 2 times (x 66B)
Class org.gradle.api.internal.classpath.DefaultModuleRegistry$DefaultModule           : loaded 2 times (x 82B)
Class org.jetbrains.kotlin.name.ClassId                                               : loaded 2 times (x 68B)
Class com.google.common.reflect.Reflection                                            : loaded 2 times (x 67B)
Class com.google.common.base.Absent                                                   : loaded 2 times (x 76B)
Class com.google.common.collect.FluentIterable$2                                      : loaded 2 times (x 77B)
Class com.google.common.io.LineReader                                                 : loaded 2 times (x 68B)
Class com.google.common.collect.AbstractIterator                                      : loaded 2 times (x 78B)
Class kotlin.collections.IndexingIterable                                             : loaded 2 times (x 75B)
Class kotlin.collections.ArraysKt__ArraysKt                                           : loaded 2 times (x 67B)
Class com.google.common.collect.FluentIterable$3                                      : loaded 2 times (x 77B)
Class com.google.common.math.MathPreconditions                                        : loaded 2 times (x 67B)
Class com.google.common.collect.Multiset                                              : loaded 2 times (x 66B)
Class com.google.common.collect.ArrayListMultimapGwtSerializationDependencies         : loaded 2 times (x 168B)
Class com.google.common.collect.ObjectArrays                                          : loaded 2 times (x 67B)
Class com.google.common.collect.AbstractIndexedListIterator                           : loaded 2 times (x 92B)
Class kotlin.collections.SetsKt__SetsJVMKt                                            : loaded 2 times (x 67B)
Class kotlin.Function                                                                 : loaded 2 times (x 66B)
Class org.apache.commons.io.output.NullOutputStream                                   : loaded 2 times (x 81B)
Class com.google.common.collect.ImmutableMapEntrySet                                  : loaded 2 times (x 147B)
Class org.gradle.api.internal.classpath.Module                                        : loaded 2 times (x 66B)
Class kotlin.internal.ProgressionUtilKt                                               : loaded 2 times (x 67B)
Class kotlin.io.FileAlreadyExistsException                                            : loaded 2 times (x 78B)
Class com.google.common.cache.Weigher                                                 : loaded 2 times (x 66B)
Class org.gradle.api.internal.classpath.UnknownModuleException                        : loaded 2 times (x 78B)
Class com.google.common.base.Stopwatch                                                : loaded 2 times (x 68B)
Class com.google.common.cache.LocalCache$Strength                                     : loaded 2 times (x 77B)
Class com.google.common.cache.Cache                                                   : loaded 2 times (x 66B)
Class kotlin.collections.IndexingIterator                                             : loaded 2 times (x 75B)
Class org.jetbrains.kotlin.build.report.metrics.BuildMetricsReporter                  : loaded 2 times (x 66B)
Class org.apache.commons.io.filefilter.IOFileFilter                                   : loaded 2 times (x 66B)
Class com.google.common.io.AppendableWriter                                           : loaded 2 times (x 96B)
Class com.google.common.io.Files$2                                                    : loaded 2 times (x 72B)
Class com.google.common.util.concurrent.AbstractFuture$Cancellation                   : loaded 2 times (x 68B)
Class com.google.common.collect.ImmutableMap$Builder                                  : loaded 2 times (x 78B)
Class com.google.common.base.NullnessCasts                                            : loaded 2 times (x 67B)
Class [Lkotlin.reflect.KAnnotatedElement;                                             : loaded 2 times (x 65B)
Class kotlin.io.ByteStreamsKt                                                         : loaded 2 times (x 67B)
Class net.rubygrapefruit.platform.internal.FunctionResult                             : loaded 2 times (x 73B)
Class com.google.common.base.Present                                                  : loaded 2 times (x 77B)
Class com.google.common.collect.AbstractMapBasedMultimap$WrappedCollection$WrappedIterator: loaded 2 times (x 80B)
Class com.google.common.cache.RemovalListener                                         : loaded 2 times (x 66B)
Class org.gradle.api.internal.DefaultClassPathRegistry                                : loaded 2 times (x 72B)
Class net.rubygrapefruit.platform.NativeIntegrationLinkageException                   : loaded 2 times (x 78B)
Class org.apache.commons.io.file.DeleteOption                                         : loaded 2 times (x 66B)
Class com.google.common.reflect.Invokable$ConstructorInvokable                        : loaded 2 times (x 103B)
Class com.google.common.collect.ImmutableMultimap$Keys                                : loaded 2 times (x 162B)
Class com.google.common.primitives.IntsMethodsForWeb                                  : loaded 2 times (x 67B)
Class com.google.common.collect.Multimap                                              : loaded 2 times (x 66B)
Class org.gradle.api.internal.ClassPathRegistry                                       : loaded 2 times (x 66B)
Class org.gradle.internal.classpath.DefaultClassPath$ImmutableUniqueList              : loaded 2 times (x 195B)
Class kotlin.text.StringsKt__StringsJVMKt                                             : loaded 2 times (x 67B)
Class org.apache.commons.io.IOUtils                                                   : loaded 2 times (x 67B)
Class com.google.common.reflect.TypeToken                                             : loaded 2 times (x 69B)
Class com.google.common.collect.NullnessCasts                                         : loaded 2 times (x 67B)
Class com.google.common.collect.MapMakerInternalMap$Segment                           : loaded 2 times (x 138B)
Class com.google.common.base.ExtraObjectsMethodsForWeb                                : loaded 2 times (x 67B)
Class kotlin.collections.SetsKt                                                       : loaded 2 times (x 67B)
Class kotlin.text.StringsKt__IndentKt                                                 : loaded 2 times (x 67B)
Class kotlin.text.StringsKt__StringsKt                                                : loaded 2 times (x 67B)
Class net.rubygrapefruit.platform.internal.jni.NativeLibraryFunctions                 : loaded 2 times (x 67B)
Class com.google.common.io.ByteSink                                                   : loaded 2 times (x 72B)
Class com.google.common.cache.CacheBuilder                                            : loaded 2 times (x 68B)
Class com.google.common.collect.SingletonImmutableList                                : loaded 2 times (x 203B)
Class Settings_gradle$1                                                               : loaded 2 times (x 70B)
Class org.gradle.internal.classpath.ClassPath                                         : loaded 2 times (x 66B)
Class org.gradle.api.UncheckedIOException                                             : loaded 2 times (x 78B)
Class kotlin.reflect.KFunction                                                        : loaded 2 times (x 66B)
Class kotlin.sequences.SequencesKt__SequencesKt$asSequence$$inlined$Sequence$1        : loaded 2 times (x 71B)
Class [Lcom.google.common.reflect.Types$JavaVersion;                                  : loaded 2 times (x 65B)
Class com.google.common.collect.Interners$InternerBuilder                             : loaded 2 times (x 72B)
Class com.google.common.io.Files$FileByteSource                                       : loaded 2 times (x 81B)
Class com.google.common.collect.ImmutableList$ReverseImmutableList                    : loaded 2 times (x 204B)
Class com.google.common.base.JdkPattern                                               : loaded 2 times (x 71B)
Class kotlin.jvm.internal.Lambda                                                      : loaded 2 times (x 71B)
Class kotlin.collections.MapsKt__MapsKt                                               : loaded 2 times (x 67B)
Class net.rubygrapefruit.platform.internal.Platform$Windows                           : loaded 2 times (x 75B)
Class com.google.common.io.CharStreams$NullWriter                                     : loaded 2 times (x 95B)
Class org.objectweb.asm.SymbolTable$Entry                                             : loaded 2 times (x 70B)
Class com.google.common.util.concurrent.AbstractFuture$AtomicHelper                   : loaded 2 times (x 74B)
Class org.objectweb.asm.Edge                                                          : loaded 2 times (x 68B)
Class com.google.common.base.Suppliers$SupplierOfInstance                             : loaded 2 times (x 75B)
Class com.google.common.collect.Iterators$1                                           : loaded 2 times (x 77B)
Class kotlin.UninitializedPropertyAccessException                                     : loaded 2 times (x 78B)
Class com.google.common.reflect.TypeToken$1                                           : loaded 2 times (x 106B)
Class com.google.common.cache.LocalCache$ComputingValueReference                      : loaded 2 times (x 92B)
Class com.google.common.collect.SingletonImmutableSet                                 : loaded 2 times (x 142B)
Class com.google.common.collect.ImmutableMap$IteratorBasedImmutableMap                : loaded 2 times (x 121B)
Class com.google.common.reflect.TypeToken$2                                           : loaded 2 times (x 106B)
Class com.google.common.cache.LocalCache$Segment                                      : loaded 2 times (x 150B)
Class net.rubygrapefruit.platform.internal.LibraryDef                                 : loaded 2 times (x 68B)
Class com.google.common.collect.SortedIterable                                        : loaded 2 times (x 66B)
Class [Lorg.objectweb.asm.SymbolTable$Entry;                                          : loaded 2 times (x 65B)
Class com.google.common.cache.CacheLoader                                             : loaded 2 times (x 70B)
Class com.google.common.collect.Iterators$4                                           : loaded 2 times (x 78B)
Class com.google.common.collect.ImmutableBiMap                                        : loaded 2 times (x 139B)
Class com.google.common.collect.AbstractListMultimap                                  : loaded 2 times (x 168B)
Class org.gradle.internal.installation.GradleInstallation$1                           : loaded 2 times (x 71B)
Class org.gradle.api.internal.classpath.ModuleRegistry                                : loaded 2 times (x 66B)
Class org.apache.commons.io.output.NullWriter                                         : loaded 2 times (x 95B)
Class com.google.common.util.concurrent.internal.InternalFutureFailureAccess          : loaded 2 times (x 68B)
Class com.google.common.collect.Iterators$5                                           : loaded 2 times (x 78B)
Class com.google.common.collect.ImmutableSet$JdkBackedSetBuilderImpl                  : loaded 2 times (x 72B)
Class com.google.common.base.Splitter$SplittingIterator                               : loaded 2 times (x 80B)
Class org.jetbrains.kotlin.name.FqNameUnsafe                                          : loaded 2 times (x 68B)
Class com.google.common.collect.ImmutableMultimap$Values                              : loaded 2 times (x 122B)
Class com.google.common.io.Closer$SuppressingSuppressor                               : loaded 2 times (x 71B)
Class com.google.common.util.concurrent.AbstractFuture$UnsafeAtomicHelper             : loaded 2 times (x 74B)
Class com.google.common.cache.LocalCache$LocalManualCache$1                           : loaded 2 times (x 71B)
Class com.google.common.base.CharMatcher$ForPredicate                                 : loaded 2 times (x 108B)
Class kotlin.io.FilesKt__UtilsKt                                                      : loaded 2 times (x 67B)
Class kotlin.collections.CollectionsKt__CollectionsJVMKt                              : loaded 2 times (x 67B)
Class net.rubygrapefruit.platform.internal.Platform$Window32Bit                       : loaded 2 times (x 75B)
Class com.google.common.collect.ImmutableCollection                                   : loaded 2 times (x 121B)
Class com.google.common.base.CharMatcher$AnyOf                                        : loaded 2 times (x 108B)
Class org.gradle.api.internal.classpath.DefaultModuleRegistry                         : loaded 2 times (x 82B)
Class kotlin.collections.IndexedValue                                                 : loaded 2 times (x 68B)
Class kotlin.sequences.SequencesKt                                                    : loaded 2 times (x 67B)
Class kotlin.collections.CollectionsKt__IteratorsKt                                   : loaded 2 times (x 67B)
Class org.jetbrains.kotlin.build.report.metrics.GradleBuildTime$Companion             : loaded 2 times (x 67B)
Class com.google.common.util.concurrent.ListenableFuture                              : loaded 2 times (x 66B)
Class com.google.common.cache.ReferenceEntry                                          : loaded 2 times (x 66B)
Class com.google.common.collect.ImmutableSet$CachingAsList                            : loaded 2 times (x 143B)
Class com.google.common.base.Converter                                                : loaded 2 times (x 86B)
Class com.google.common.collect.Lists                                                 : loaded 2 times (x 67B)
Class com.google.common.base.CharMatcher$Any                                          : loaded 2 times (x 108B)
Class kotlin.text.StringsKt                                                           : loaded 2 times (x 67B)
Class com.google.common.util.concurrent.AbstractFuture                                : loaded 2 times (x 102B)
Class com.google.common.base.FunctionalEquivalence                                    : loaded 2 times (x 79B)
Class com.google.common.collect.Iterators$9                                           : loaded 2 times (x 77B)
Class com.google.common.collect.AbstractMapBasedMultimap                              : loaded 2 times (x 135B)
Class com.google.common.collect.ImmutableAsList                                       : loaded 2 times (x 205B)
Class kotlin.LazyKt__LazyJVMKt                                                        : loaded 2 times (x 67B)
Class com.google.common.reflect.TypeResolver$TypeTable                                : loaded 2 times (x 69B)
Class com.google.common.io.CharStreams                                                : loaded 2 times (x 67B)
Class com.google.common.collect.ImmutableMultiset                                     : loaded 2 times (x 159B)
Class org.objectweb.asm.RecordComponentVisitor                                        : loaded 2 times (x 73B)
Class com.google.common.cache.CacheLoader$SupplierToCacheLoader                       : loaded 2 times (x 71B)
Class kotlin.io.FilesKt__FileReadWriteKt                                              : loaded 2 times (x 67B)
Class kotlin.text.StringsKt__StringNumberConversionsKt                                : loaded 2 times (x 67B)
Class com.google.common.reflect.TypeResolver$TypeTable$1                              : loaded 2 times (x 69B)
Class com.google.common.collect.Maps$EntryTransformer                                 : loaded 2 times (x 66B)
Class org.gradle.internal.service.ServiceLookupException                              : loaded 2 times (x 78B)
Class com.google.common.collect.ImmutableSortedSet                                    : loaded 2 times (x 295B)
Class [Lcom.google.common.cache.LocalCache$EntryFactory;                              : loaded 2 times (x 65B)
Class com.google.common.base.CharMatcher$JavaLetter                                   : loaded 2 times (x 107B)
Class org.gradle.internal.classloader.ClassLoaderFactory                              : loaded 2 times (x 66B)
Class org.apache.commons.io.CloseableURLConnection                                    : loaded 2 times (x 113B)
Class net.rubygrapefruit.platform.internal.Platform$Linux                             : loaded 2 times (x 79B)
Class com.google.common.collect.ImmutableMap$SerializedForm                           : loaded 2 times (x 69B)
Class com.google.common.cache.LocalCache$LocalManualCache                             : loaded 2 times (x 95B)
Class com.google.common.base.CharMatcher$IsNot                                        : loaded 2 times (x 107B)
Class com.google.common.base.CommonPattern                                            : loaded 2 times (x 70B)
Class org.gradle.internal.service.CachingServiceLocator                               : loaded 2 times (x 78B)
Class kotlin.jvm.internal.CallableReference                                           : loaded 2 times (x 102B)
Class com.google.common.collect.AbstractMapBasedMultimap$KeySet                       : loaded 2 times (x 133B)
Class com.google.common.collect.RegularImmutableSortedSet                             : loaded 2 times (x 295B)
Class com.google.common.math.IntMath                                                  : loaded 2 times (x 67B)
Class org.jetbrains.kotlin.build.report.metrics.BuildTime                             : loaded 2 times (x 66B)
Class com.google.common.reflect.Types$TypeVariableInvocationHandler                   : loaded 2 times (x 71B)
Class com.google.common.collect.MapMakerInternalMap$InternalEntry                     : loaded 2 times (x 66B)
Class com.google.common.collect.Iterators$10                                          : loaded 2 times (x 77B)
Class com.google.common.collect.ImmutableMapEntry                                     : loaded 2 times (x 81B)
Class com.google.common.base.CharMatcher$JavaDigit                                    : loaded 2 times (x 107B)
Class org.jetbrains.kotlin.name.FqName                                                : loaded 2 times (x 68B)
Class kotlin.enums.EnumEntries                                                        : loaded 2 times (x 66B)
Class org.jetbrains.kotlin.build.report.metrics.DoNothingBuildMetricsReporter         : loaded 2 times (x 82B)
Class com.google.common.collect.ImmutableMultimap                                     : loaded 2 times (x 143B)
Class com.google.common.base.Equivalence                                              : loaded 2 times (x 78B)
Class com.google.common.collect.ImmutableMapEntry$NonTerminalImmutableMapEntry        : loaded 2 times (x 81B)
Class com.google.common.base.Function                                                 : loaded 2 times (x 66B)
Class org.jetbrains.kotlin.name.ClassId$Companion                                     : loaded 2 times (x 67B)
Class org.apache.commons.io.output.AbstractByteArrayOutputStream                      : loaded 2 times (x 98B)
Class com.google.common.collect.IndexedImmutableSet$1                                 : loaded 2 times (x 208B)
Class com.google.common.cache.CacheBuilder$OneWeigher                                 : loaded 2 times (x 78B)
Class com.google.common.collect.RegularImmutableList                                  : loaded 2 times (x 208B)
Class net.rubygrapefruit.platform.internal.Platform$Unsupported                       : loaded 2 times (x 75B)
Class net.rubygrapefruit.platform.internal.Platform$FreeBSD32Bit                      : loaded 2 times (x 78B)
Class com.google.common.reflect.Types$ClassOwnership$1LocalClass                      : loaded 2 times (x 67B)
Class com.google.common.collect.ImmutableBiMapFauxverideShim                          : loaded 2 times (x 116B)
Class org.gradle.internal.classloader.ClasspathUtil                                   : loaded 2 times (x 67B)
Class kotlin.io.FileSystemException                                                   : loaded 2 times (x 78B)
Class net.rubygrapefruit.platform.internal.Platform$Unix                              : loaded 2 times (x 78B)
Class com.google.common.base.Charsets                                                 : loaded 2 times (x 67B)
Class com.google.common.util.concurrent.Uninterruptibles                              : loaded 2 times (x 67B)
Class kotlin.jvm.internal.DefaultConstructorMarker                                    : loaded 2 times (x 67B)
Class com.google.common.collect.Maps                                                  : loaded 2 times (x 67B)
Class com.google.common.base.CharMatcher$JavaUpperCase                                : loaded 2 times (x 107B)
Class org.gradle.api.specs.Spec                                                       : loaded 2 times (x 66B)
Class org.jetbrains.kotlin.name.Name                                                  : loaded 2 times (x 71B)
Class org.apache.commons.io.file.PathFilter                                           : loaded 2 times (x 66B)
Class com.google.common.reflect.Types$JavaVersion                                     : loaded 2 times (x 79B)
Class com.google.common.collect.MapMaker                                              : loaded 2 times (x 68B)
Class [Lcom.google.common.collect.ImmutableEntry;                                     : loaded 2 times (x 65B)
Class com.google.common.cache.LocalCache$LoadingValueReference                        : loaded 2 times (x 92B)
Class kotlin.collections.EmptyIterator                                                : loaded 2 times (x 85B)
Class kotlin.SynchronizedLazyImpl                                                     : loaded 2 times (x 72B)
Class kotlin.text.StringsKt__RegexExtensionsKt                                        : loaded 2 times (x 67B)
Class com.google.common.primitives.Ints                                               : loaded 2 times (x 67B)
Class com.google.common.reflect.Invokable$MethodInvokable                             : loaded 2 times (x 103B)
Class com.google.common.io.LineReader$1                                               : loaded 2 times (x 71B)
Class com.google.common.collect.CollectSpliterators                                   : loaded 2 times (x 67B)
Class com.google.common.collect.AbstractMapBasedMultimap$AsMap                        : loaded 2 times (x 124B)
Class com.google.common.collect.MapMakerInternalMap$StrongKeyDummyValueEntry          : loaded 2 times (x 78B)
Class com.google.common.base.Platform                                                 : loaded 2 times (x 67B)
Class kotlin.sequences.SequencesKt__SequencesJVMKt                                    : loaded 2 times (x 67B)
Class kotlin.collections.AbstractList                                                 : loaded 2 times (x 193B)
Class kotlin.collections.AbstractCollection                                           : loaded 2 times (x 113B)
Class com.google.common.collect.AbstractMapBasedMultimap$WrappedList                  : loaded 2 times (x 201B)
Class [Lorg.objectweb.asm.AnnotationWriter;                                           : loaded 2 times (x 65B)
Class com.google.common.primitives.Ints$IntConverter                                  : loaded 2 times (x 86B)
Class com.google.common.collect.Maps$8                                                : loaded 2 times (x 78B)
Class kotlin.collections.ArrayAsCollection                                            : loaded 2 times (x 101B)
Class kotlin.LazyKt__LazyKt                                                           : loaded 2 times (x 67B)
Class kotlin.text.StringsKt__StringBuilderJVMKt                                       : loaded 2 times (x 67B)
Class [Lcom.google.common.collect.Iterators$EmptyModifiableIterator;                  : loaded 2 times (x 65B)
Class com.google.common.collect.ImmutableRangeSet$Builder                             : loaded 2 times (x 73B)
Class com.google.common.collect.Sets$SetView                                          : loaded 2 times (x 134B)
Class com.google.common.cache.LocalCache$StrongValueReference                         : loaded 2 times (x 86B)
Class com.google.common.util.concurrent.AbstractFuture$SynchronizedHelper             : loaded 2 times (x 74B)
Class com.google.common.base.CharMatcher$Invisible                                    : loaded 2 times (x 108B)
Class kotlin.UNINITIALIZED_VALUE                                                      : loaded 2 times (x 67B)
Class com.google.common.graph.SuccessorsFunction                                      : loaded 2 times (x 66B)
Class org.objectweb.asm.Type                                                          : loaded 2 times (x 68B)
Class org.gradle.internal.classloader.VisitableURLClassLoader$InstrumentingVisitableURLClassLoader: loaded 2 times (x 119B)
Class kotlin.comparisons.ComparisonsKt__ComparisonsKt                                 : loaded 2 times (x 67B)
Class kotlin.ranges.RangesKt__RangesKt                                                : loaded 2 times (x 67B)
Class kotlin.collections.SetsKt___SetsKt                                              : loaded 2 times (x 67B)
Class kotlin.sequences.SequencesKt__SequencesKt                                       : loaded 2 times (x 67B)
Class org.apache.commons.io.FileUtils                                                 : loaded 2 times (x 67B)
Class com.google.common.collect.MapMakerInternalMap$StrongKeyDummyValueEntry$Helper   : loaded 2 times (x 75B)
Class com.google.common.io.Files$FileByteSink                                         : loaded 2 times (x 73B)
Class org.objectweb.asm.ByteVector                                                    : loaded 2 times (x 75B)
Class [Lcom.google.common.cache.CacheBuilder$NullListener;                            : loaded 2 times (x 65B)
Class com.google.common.math.IntMath$1                                                : loaded 2 times (x 67B)
Class org.gradle.internal.classloader.VisitableURLClassLoader$Spec                    : loaded 2 times (x 70B)
Class org.gradle.internal.classpath.DefaultClassPath                                  : loaded 2 times (x 86B)
Class kotlin.comparisons.ComparisonsKt                                                : loaded 2 times (x 67B)
Class kotlin.comparisons.ComparisonsKt___ComparisonsKt                                : loaded 2 times (x 67B)
Class kotlin.sequences.FilteringSequence                                              : loaded 2 times (x 71B)
Class [Lorg.jetbrains.kotlin.build.report.metrics.GradleBuildTime;                    : loaded 2 times (x 65B)
Class com.google.common.reflect.Types$ClassOwnership                                  : loaded 2 times (x 76B)
Class org.objectweb.asm.Symbol                                                        : loaded 2 times (x 69B)
Class com.google.common.base.AbstractIterator                                         : loaded 2 times (x 76B)
Class com.google.common.io.Java8Compatibility                                         : loaded 2 times (x 67B)
Class com.google.common.io.Closer                                                     : loaded 2 times (x 74B)
Class com.google.common.collect.ImmutableSet                                          : loaded 2 times (x 141B)
Class com.google.common.collect.RegularImmutableMap$Values                            : loaded 2 times (x 203B)
Class com.google.common.base.CharMatcher$Ascii                                        : loaded 2 times (x 108B)
Class com.google.common.base.CharMatcher$BitSetMatcher                                : loaded 2 times (x 108B)
Class org.gradle.internal.classloader.ClassLoaderSpec                                 : loaded 2 times (x 67B)
Class kotlin.collections.CollectionsKt___CollectionsJvmKt                             : loaded 2 times (x 67B)
Class net.rubygrapefruit.platform.internal.Platform$MacOs32Bit                        : loaded 2 times (x 78B)
Class net.rubygrapefruit.platform.internal.Platform$Linux64Bit                        : loaded 2 times (x 79B)
Class org.objectweb.asm.AnnotationWriter                                              : loaded 2 times (x 75B)
Class com.google.common.cache.CacheStats                                              : loaded 2 times (x 67B)
Class kotlin.Unit                                                                     : loaded 2 times (x 67B)
Class kotlin.TuplesKt                                                                 : loaded 2 times (x 67B)
Class kotlin.sequences.SequencesKt___SequencesJvmKt                                   : loaded 2 times (x 67B)
Class com.google.common.collect.ImmutableMultisetGwtSerializationDependencies         : loaded 2 times (x 121B)
Class com.google.common.collect.Interners                                             : loaded 2 times (x 67B)
Class com.google.common.io.Closer$Suppressor                                          : loaded 2 times (x 66B)
Class com.google.common.io.LineProcessor                                              : loaded 2 times (x 66B)
Class org.objectweb.asm.RecordComponentWriter                                         : loaded 2 times (x 74B)
Class com.google.common.util.concurrent.AbstractFuture$Listener                       : loaded 2 times (x 68B)
Class com.google.common.base.CharMatcher$Or                                           : loaded 2 times (x 108B)
Class Settings_gradle$1$1                                                             : loaded 2 times (x 70B)
Class kotlin.ranges.RangesKt                                                          : loaded 2 times (x 67B)
Class [Lorg.objectweb.asm.Label;                                                      : loaded 2 times (x 65B)
Class org.objectweb.asm.Attribute                                                     : loaded 2 times (x 73B)
Class com.google.common.base.Supplier                                                 : loaded 2 times (x 66B)
Class org.gradle.internal.classloader.VisitableURLClassLoader                         : loaded 2 times (x 113B)
Class kotlin.collections.ArraysUtilJVM                                                : loaded 2 times (x 67B)
Class kotlin.jvm.functions.Function0                                                  : loaded 2 times (x 66B)
Class net.rubygrapefruit.platform.internal.FunctionResult$Failure                     : loaded 2 times (x 75B)
Class net.rubygrapefruit.platform.internal.NativeLibraryLoader                        : loaded 2 times (x 69B)
Class com.google.common.collect.ImmutableList$SerializedForm                          : loaded 2 times (x 69B)
Class com.google.common.util.concurrent.AbstractFuture$Waiter                         : loaded 2 times (x 68B)
Class Settings_gradle                                                                 : loaded 2 times (x 124B)
Class org.gradle.internal.Cast                                                        : loaded 2 times (x 67B)
Class org.gradle.api.Action                                                           : loaded 2 times (x 66B)
Class kotlin.jvm.functions.Function1                                                  : loaded 2 times (x 66B)
Class com.google.common.collect.MapMakerInternalMap                                   : loaded 2 times (x 157B)
Class com.google.common.base.Strings                                                  : loaded 2 times (x 67B)
Class com.google.common.collect.Sets                                                  : loaded 2 times (x 67B)
Class org.objectweb.asm.Handler                                                       : loaded 2 times (x 68B)
Class com.google.common.base.Ticker                                                   : loaded 2 times (x 68B)
Class com.google.common.base.CharMatcher$FastMatcher                                  : loaded 2 times (x 107B)
Class kotlin.jvm.functions.Function2                                                  : loaded 2 times (x 66B)
Class [Lcom.google.common.cache.LocalCache$Segment;                                   : loaded 2 times (x 65B)
Class [Lcom.google.common.cache.LocalCache$Strength;                                  : loaded 2 times (x 65B)
Class com.google.common.cache.CacheBuilder$1                                          : loaded 2 times (x 81B)
Class com.google.common.collect.ImmutableMap                                          : loaded 2 times (x 116B)
Class com.google.common.base.Predicate                                                : loaded 2 times (x 66B)
Class org.gradle.internal.classpath.DefaultClassPath$ImmutableUniqueList$Builder      : loaded 2 times (x 71B)
Class kotlin.jvm.functions.Function3                                                  : loaded 2 times (x 66B)
Class kotlin.collections.MapsKt___MapsJvmKt                                           : loaded 2 times (x 67B)
Class com.google.common.collect.MapMakerInternalMap$WeakValueReference                : loaded 2 times (x 66B)
Class com.google.common.collect.AbstractRangeSet                                      : loaded 2 times (x 110B)
Class com.google.common.cache.LocalCache                                              : loaded 2 times (x 183B)
Class com.google.common.cache.CacheBuilder$2                                          : loaded 2 times (x 68B)
Class com.google.common.base.CharMatcher$NegatedFastMatcher                           : loaded 2 times (x 109B)
Class kotlin.collections.EmptySet                                                     : loaded 2 times (x 118B)
Class kotlin.collections.CollectionsKt___CollectionsKt                                : loaded 2 times (x 67B)
Class [Lcom.google.common.collect.AbstractMapEntry;                                   : loaded 2 times (x 65B)
Class com.google.common.collect.ImmutableEntry                                        : loaded 2 times (x 78B)
Class com.google.common.collect.ArrayListMultimap                                     : loaded 2 times (x 168B)
Class com.google.common.base.AbstractIterator$1                                       : loaded 2 times (x 67B)
Class com.google.common.base.CharMatcher$Digit                                        : loaded 2 times (x 108B)
Class org.gradle.api.GradleException                                                  : loaded 2 times (x 78B)
Class kotlin.reflect.KDeclarationContainer                                            : loaded 2 times (x 66B)
Class kotlin.text.StringsKt___StringsJvmKt                                            : loaded 2 times (x 67B)
Class org.apache.commons.io.StandardLineSeparator                                     : loaded 2 times (x 75B)
Class com.google.common.base.Suppliers$MemoizingSupplier                              : loaded 2 times (x 75B)
Class com.google.common.collect.CollectPreconditions                                  : loaded 2 times (x 67B)
Class com.google.common.base.CharMatcher$JavaIsoControl                               : loaded 2 times (x 108B)
Class kotlin.collections.MapsKt___MapsKt                                              : loaded 2 times (x 67B)
Class kotlin.io.FilesKt                                                               : loaded 2 times (x 67B)
Class kotlin.collections.ArraysKt___ArraysKt                                          : loaded 2 times (x 67B)
Class [Lcom.google.common.collect.MapMakerInternalMap$Strength;                       : loaded 2 times (x 65B)
Class [Lcom.google.common.io.FileWriteMode;                                           : loaded 2 times (x 65B)
Class com.google.common.collect.SortedMapDifference                                   : loaded 2 times (x 66B)
Class com.google.common.base.CharMatcher$JavaLowerCase                                : loaded 2 times (x 107B)
Class kotlin.collections.MapsKt__MapWithDefaultKt                                     : loaded 2 times (x 67B)
Class net.rubygrapefruit.platform.internal.NativeLibraryLocator                       : loaded 2 times (x 69B)
Class net.rubygrapefruit.platform.Process                                             : loaded 2 times (x 66B)
Class com.google.common.collect.Iterables$4                                           : loaded 2 times (x 77B)
Class com.google.common.collect.MapMakerInternalMap$StrongKeyDummyValueSegment        : loaded 2 times (x 138B)
Class com.google.common.cache.LocalCache$WriteThroughEntry                            : loaded 2 times (x 75B)
Class com.google.common.cache.LocalCache$HashIterator                                 : loaded 2 times (x 82B)
Class com.google.common.io.Files                                                      : loaded 2 times (x 67B)
Class com.google.common.cache.LocalCache$EntryFactory                                 : loaded 2 times (x 79B)
Class kotlin.collections.CollectionsKt__MutableCollectionsJVMKt                       : loaded 2 times (x 67B)
Class kotlin.enums.EnumEntriesKt                                                      : loaded 2 times (x 67B)
Class kotlin.text.StringsKt___StringsKt                                               : loaded 2 times (x 67B)
Class com.google.common.reflect.Types$NativeTypeVariableEquals                        : loaded 2 times (x 67B)
Class com.google.common.reflect.TypeParameter                                         : loaded 2 times (x 68B)
Class [Lcom.google.common.collect.MapMaker$Dummy;                                     : loaded 2 times (x 65B)
Class com.google.common.cache.LocalCache$AbstractReferenceEntry                       : loaded 2 times (x 103B)
Class com.google.common.base.Splitter$1$1                                             : loaded 2 times (x 82B)
Class com.google.common.base.CharMatcher$Whitespace                                   : loaded 2 times (x 108B)
Class org.gradle.internal.IoActions                                                   : loaded 2 times (x 67B)
Class com.google.common.collect.ImmutableMapKeySet                                    : loaded 2 times (x 146B)
Class com.google.common.collect.ImmutableRangeSet$ComplementRanges                    : loaded 2 times (x 203B)
Class org.objectweb.asm.SymbolTable                                                   : loaded 2 times (x 68B)
Class com.google.common.cache.CacheLoader$InvalidCacheLoadException                   : loaded 2 times (x 78B)
Class com.google.common.collect.ImmutableSet$RegularSetBuilderImpl                    : loaded 2 times (x 73B)
Class com.google.common.base.CharMatcher$SingleWidth                                  : loaded 2 times (x 108B)
Class org.gradle.internal.classloader.SystemClassLoaderSpec                           : loaded 2 times (x 67B)
Class kotlin.reflect.KAnnotatedElement                                                : loaded 2 times (x 66B)
Class kotlin.jvm.internal.Intrinsics                                                  : loaded 2 times (x 67B)
Class com.google.common.collect.FluentIterable                                        : loaded 2 times (x 77B)
Class com.google.common.cache.LocalCache$StrongEntry                                  : loaded 2 times (x 104B)
Class com.google.common.util.concurrent.AbstractFuture$TrustedFuture                  : loaded 2 times (x 110B)
Class com.google.common.cache.LoadingCache                                            : loaded 2 times (x 66B)
Class kotlin.collections.MapsKt                                                       : loaded 2 times (x 67B)
Class kotlin.collections.CollectionsKt__IterablesKt                                   : loaded 2 times (x 67B)
Class net.rubygrapefruit.platform.ProcessLauncher                                     : loaded 2 times (x 66B)
Class com.google.common.io.ByteStreams$LimitedInputStream                             : loaded 2 times (x 88B)
Class com.google.common.base.Suppliers$NonSerializableMemoizingSupplier               : loaded 2 times (x 75B)
Class org.objectweb.asm.MethodWriter                                                  : loaded 2 times (x 102B)
Class [Lcom.google.common.cache.Weigher;                                              : loaded 2 times (x 65B)
Class com.google.common.collect.RegularImmutableMap$BucketOverflowException           : loaded 2 times (x 78B)
Class kotlin.KotlinNullPointerException                                               : loaded 2 times (x 79B)
Class com.google.common.collect.ImmutableMultimap$1                                   : loaded 2 times (x 78B)
Class com.google.common.collect.AbstractMapBasedMultimap$RandomAccessWrappedList      : loaded 2 times (x 201B)
Class kotlin.ranges.RangesKt___RangesKt                                               : loaded 2 times (x 67B)
Class com.google.common.reflect.Types$JavaVersion$1                                   : loaded 2 times (x 79B)
Class com.google.common.collect.AbstractIterator$State                                : loaded 2 times (x 75B)
Class com.google.common.collect.ImmutableMultimap$2                                   : loaded 2 times (x 77B)
Class com.google.common.collect.RegularImmutableBiMap                                 : loaded 2 times (x 144B)
Class com.google.common.cache.LocalCache$ValueReference                               : loaded 2 times (x 66B)
Class com.google.common.base.CharMatcher$Is                                           : loaded 2 times (x 107B)
Class com.google.common.base.CharMatcher$Negated                                      : loaded 2 times (x 109B)
Class kotlin.collections.ArraysKt                                                     : loaded 2 times (x 67B)
Class com.google.common.reflect.Types$JavaVersion$2                                   : loaded 2 times (x 79B)
Class com.google.common.reflect.Types                                                 : loaded 2 times (x 67B)
Class com.google.common.base.PatternCompiler                                          : loaded 2 times (x 66B)
Class com.google.common.util.concurrent.AbstractFuture$Failure                        : loaded 2 times (x 68B)
Class com.google.common.base.Equivalence$Equals                                       : loaded 2 times (x 78B)
Class com.google.common.collect.Hashing                                               : loaded 2 times (x 67B)
Class com.google.common.base.Preconditions                                            : loaded 2 times (x 67B)
Class kotlin.collections.SetsKt__SetsKt                                               : loaded 2 times (x 67B)
Class kotlin.LazyKt                                                                   : loaded 2 times (x 67B)
Class [Lorg.apache.commons.io.file.DeleteOption;                                      : loaded 2 times (x 65B)
Class com.google.common.reflect.Types$JavaVersion$3                                   : loaded 2 times (x 79B)
Class com.google.common.collect.ImmutableSetMultimap                                  : loaded 2 times (x 176B)
Class com.google.common.io.CharSink                                                   : loaded 2 times (x 75B)
Class com.google.common.base.Joiner$1                                                 : loaded 2 times (x 76B)
Class org.objectweb.asm.Label                                                         : loaded 2 times (x 69B)
Class org.objectweb.asm.CurrentFrame                                                  : loaded 2 times (x 69B)
Class org.objectweb.asm.ClassTooLargeException                                        : loaded 2 times (x 79B)
Class com.google.common.collect.PeekingIterator                                       : loaded 2 times (x 66B)
Class com.google.common.base.CharMatcher                                              : loaded 2 times (x 107B)
Class kotlin.collections.ArraysKt__ArraysJVMKt                                        : loaded 2 times (x 67B)
Class com.google.common.reflect.Types$JavaVersion$4                                   : loaded 2 times (x 79B)
Class com.google.common.collect.MapMakerInternalMap$InternalEntryHelper               : loaded 2 times (x 66B)
Class com.google.common.collect.Maps$IteratorBasedAbstractMap                         : loaded 2 times (x 121B)
Class com.google.common.collect.Table                                                 : loaded 2 times (x 66B)
Class com.google.common.collect.RangeGwtSerializationDependencies                     : loaded 2 times (x 67B)
Class com.google.common.base.Joiner$2                                                 : loaded 2 times (x 75B)
Class org.objectweb.asm.Frame                                                         : loaded 2 times (x 69B)
Class org.objectweb.asm.MethodVisitor                                                 : loaded 2 times (x 101B)
Class com.google.common.cache.LocalCache$EntryFactory$1                               : loaded 2 times (x 79B)
Class [Lcom.google.common.cache.RemovalListener;                                      : loaded 2 times (x 65B)
Class com.google.common.base.CharMatcher$1                                            : loaded 2 times (x 109B)
Class com.google.common.base.CharMatcher$NamedFastMatcher                             : loaded 2 times (x 108B)
Class kotlin.jvm.internal.CallableReference$NoReceiver                                : loaded 2 times (x 67B)
Class kotlin.text.StringsKt__StringBuilderKt                                          : loaded 2 times (x 67B)
Class com.google.common.reflect.Types$JavaVersion$5                                   : loaded 2 times (x 67B)
Class [Lcom.google.common.reflect.Types$ClassOwnership;                               : loaded 2 times (x 65B)
Class com.google.common.collect.RangeSet                                              : loaded 2 times (x 66B)
Class com.google.common.cache.LocalCache$EntryFactory$2                               : loaded 2 times (x 79B)
Class org.gradle.api.internal.classpath.GlobalCacheRootsProvider                      : loaded 2 times (x 66B)
Class kotlin.Lazy                                                                     : loaded 2 times (x 66B)
Class kotlin.NoWhenBranchMatchedException                                             : loaded 2 times (x 78B)
Class com.google.common.collect.CollectCollectors                                     : loaded 2 times (x 67B)
Class org.objectweb.asm.ModuleWriter                                                  : loaded 2 times (x 78B)
Class com.google.common.cache.LocalCache$EntryFactory$3                               : loaded 2 times (x 79B)
Class com.google.common.base.Ticker$1                                                 : loaded 2 times (x 68B)
Class com.google.common.collect.ImmutableMapEntrySet$RegularEntrySet                  : loaded 2 times (x 147B)
Class com.google.common.collect.Maps$BiMapConverter                                   : loaded 2 times (x 86B)
Class [Lkotlin.jvm.functions.Function1;                                               : loaded 2 times (x 65B)
Class net.rubygrapefruit.platform.internal.Platform$MacOs                             : loaded 2 times (x 78B)
Class net.rubygrapefruit.platform.internal.Platform$Window64Bit                       : loaded 2 times (x 75B)
Class com.google.common.collect.SetMultimap                                           : loaded 2 times (x 66B)
Class com.google.common.cache.LocalCache$EntryFactory$4                               : loaded 2 times (x 79B)
Class com.google.common.collect.ImmutableSet$Builder                                  : loaded 2 times (x 81B)
Class com.google.common.base.CharMatcher$InRange                                      : loaded 2 times (x 107B)
Class kotlin.sequences.ConstrainedOnceSequence                                        : loaded 2 times (x 71B)
Class com.google.common.io.ByteStreams$1                                              : loaded 2 times (x 81B)
Class com.google.common.cache.LocalCache$EntryFactory$5                               : loaded 2 times (x 79B)
Class kotlin.jvm.internal.markers.KMappedMarker                                       : loaded 2 times (x 66B)
Class kotlin.NotImplementedError                                                      : loaded 2 times (x 78B)
Class org.apache.commons.io.output.AppendableWriter                                   : loaded 2 times (x 96B)
Class com.google.common.cache.LocalCache$EntryFactory$6                               : loaded 2 times (x 79B)
Class org.gradle.internal.installation.CurrentGradleInstallationLocator               : loaded 2 times (x 67B)
Class org.apache.commons.io.output.ThresholdingOutputStream                           : loaded 2 times (x 90B)
Class com.google.common.collect.ImmutableMultimap$Builder                             : loaded 2 times (x 79B)
Class org.objectweb.asm.ClassReader                                                   : loaded 2 times (x 89B)
Class com.google.common.collect.Maps$KeySet                                           : loaded 2 times (x 133B)
Class com.google.common.cache.LocalCache$EntryFactory$7                               : loaded 2 times (x 79B)
Class com.google.common.collect.ImmutableSet$EmptySetBuilderImpl                      : loaded 2 times (x 72B)
Class com.google.common.collect.ImmutableList                                         : loaded 2 times (x 202B)
Class org.gradle.internal.service.DefaultServiceLocator                               : loaded 2 times (x 79B)
Class com.google.common.cache.LocalCache$SoftValueReference                           : loaded 2 times (x 93B)
Class com.google.common.collect.ImmutableMultimap$EntryCollection                     : loaded 2 times (x 123B)
Class com.google.common.collect.Maps$EntrySet                                         : loaded 2 times (x 132B)
Class com.google.common.cache.LocalCache$EntryFactory$8                               : loaded 2 times (x 79B)
Class com.google.common.collect.ImmutableSet$SetBuilderImpl                           : loaded 2 times (x 72B)
Class org.gradle.internal.installation.CurrentGradleInstallation                      : loaded 2 times (x 69B)
Class com.google.common.cache.CacheLoader$1                                           : loaded 2 times (x 71B)
Class com.google.common.collect.ForwardingObject                                      : loaded 2 times (x 68B)
Class com.google.common.collect.ImmutableList$SubList                                 : loaded 2 times (x 204B)
Class org.gradle.util.internal.GUtil                                                  : loaded 2 times (x 67B)
Class kotlin.io.NoSuchFileException                                                   : loaded 2 times (x 78B)
Class kotlin.collections.CollectionsKt                                                : loaded 2 times (x 67B)
Class com.google.common.io.ByteSource                                                 : loaded 2 times (x 80B)
Class com.google.common.util.concurrent.AbstractFuture$SetFuture                      : loaded 2 times (x 71B)
Class com.google.common.cache.AbstractCache$StatsCounter                              : loaded 2 times (x 66B)
Class com.google.common.reflect.Types$TypeVariableImpl                                : loaded 2 times (x 68B)
Class com.google.common.io.LineBuffer                                                 : loaded 2 times (x 71B)
Class com.google.common.collect.MapMakerInternalMap$1                                 : loaded 2 times (x 79B)
Class org.objectweb.asm.Context                                                       : loaded 2 times (x 68B)
Class com.google.common.collect.Iterators$MergingIterator                             : loaded 2 times (x 77B)
Class com.google.common.collect.RegularImmutableSet                                   : loaded 2 times (x 144B)
Class org.gradle.internal.installation.GradleInstallation                             : loaded 2 times (x 71B)
Class kotlin.collections.CollectionsKt__IteratorsJVMKt$iterator$1                     : loaded 2 times (x 75B)
Class com.google.common.collect.Iterables                                             : loaded 2 times (x 67B)
Class com.google.common.base.Splitter$Strategy                                        : loaded 2 times (x 66B)
Class kotlin.jvm.KotlinReflectionNotSupportedError                                    : loaded 2 times (x 78B)

---------------  S Y S T E M  ---------------

OS:
 Windows 11 , 64 bit Build 26100 (10.0.26100.3037)
OS uptime: 0 days 0:18 hours
Hyper-V role detected

CPU: total 16 (initial active 16) (16 cores per cpu, 2 threads per core) family 25 model 80 stepping 0 microcode 0xa50000f, cx8, cmov, fxsr, ht, mmx, 3dnowpref, sse, sse2, sse3, ssse3, sse4a, sse4.1, sse4.2, popcnt, lzcnt, tsc, tscinvbit, avx, avx2, aes, erms, clmul, bmi1, bmi2, adx, sha, fma, vzeroupper, clflush, clflushopt, hv, rdtscp, rdpid, fsrm, f16c, cet_ss
Processor Information for all 16 processors :
  Max Mhz: 2000, Current Mhz: 2000, Mhz Limit: 2000

Memory: 4k page, system-wide physical 15711M (4133M free)
TotalPageFile size 16735M (AvailPageFile size 1807M)
current process WorkingSet (physical memory assigned to process): 1366M, peak: 1677M
current process commit charge ("private bytes"): 1419M, peak: 1739M

vm_info: OpenJDK 64-Bit Server VM (21.0.5+-13047016-b750.29) for windows-amd64 JRE (21.0.5+-13047016-b750.29), built on 2025-02-11T21:12:39Z by "builder" with MS VC++ 16.10 / 16.11 (VS2019)

END.
